category,product_id,spec_json
케이스,8043859,"{""제조회사"": ""앱코"", ""등록년월"": ""2019년 05월"", ""제품 분류"": ""ATX 케이스"", ""ATX"": ""O"", ""M-ATX"": ""O"", ""M-ITX"": ""O"", ""VGA 길이"": ""310mm"", ""CPU쿨러 높이"": ""163mm"", ""케이스 크기"": ""미들타워"", ""13.3cm베이"": ""1개"", ""8.9cm베이"": ""2개"", ""6.4cm베이"": ""2개"", ""저장장치 장착"": ""최대 4개"", ""PCI 슬롯(수평)"": ""7개"", ""전면 패널 타입"": ""일반(솔리드)"", ""먼지필터"": ""부분"", ""쿨링팬"": ""총1개"", ""후면"": ""120mm x1"", ""USB2.0"": ""O"", ""USB3.x 5Gbps"": ""O"", ""너비(W)"": ""198mm"", ""깊이(D)"": ""375mm"", ""높이(H)"": ""413mm"", ""지원파워규격"": ""표준-ATX"", ""파워 장착 길이"": ""200mm"", ""파워 위치"": ""상단"", ""적합성평가인증"": ""상세설명 / 판매 사이트 문의인증번호 확인"", ""안전확인인증"": ""상세설명 / 판매 사이트 문의인증번호 확인""}"
케이스,9376470,"{""제조회사"": ""darkFlash"", ""등록년월"": ""2019년 08월"", ""제품 분류"": ""M-ATX 케이스"", ""M-ATX"": ""O"", ""M-ITX"": ""O"", ""VGA 길이"": ""330mm"", ""CPU쿨러 높이"": ""160mm"", ""케이스 크기"": ""미니타워"", ""8.9cm베이"": ""2개"", ""6.4cm베이"": ""2개"", ""저장장치 장착"": ""최대 4개"", ""PCI 슬롯(수평)"": ""4개"", ""전면 패널 타입"": ""메쉬"", ""측면 패널 타입"": ""강화유리"", ""측면 개폐 방식"": ""스윙도어"", ""먼지필터"": ""부분"", ""쿨링팬"": ""총4개"", ""LED팬"": ""4개"", ""후면"": ""120mm LED x1"", ""전면"": ""120mm LED x3"", ""USB2.0"": ""O"", ""USB3.x 5Gbps"": ""O"", ""너비(W)"": ""208mm"", ""깊이(D)"": ""376mm"", ""높이(H)"": ""425mm"", ""지원파워규격"": ""표준-ATX"", ""파워 장착 길이"": ""210mm"", ""파워 위치"": ""하단후면"", ""수랭쿨러 규격"": ""최대2열 지원"", ""라디에이터(상단)"": ""최대240mm"", ""라디에이터(후면)"": ""최대120mm"", ""[부가기능]"": ""[부가기능]"", ""RGB 컨트롤"": ""O"", ""LED 색상"": ""RGB"", ""[변경사항]"": ""[변경사항]"", ""적합성평가인증"": ""상세설명 / 판매 사이트 문의인증번호 확인"", ""안전확인인증"": ""상세설명 / 판매 사이트 문의인증번호 확인""}"
케이스,9376491,"{""제조회사"": ""darkFlash"", ""등록년월"": ""2019년 08월"", ""제품 분류"": ""M-ATX 케이스"", ""M-ATX"": ""O"", ""M-ITX"": ""O"", ""VGA 길이"": ""330mm"", ""CPU쿨러 높이"": ""160mm"", ""케이스 크기"": ""미니타워"", ""8.9cm베이"": ""2개"", ""6.4cm베이"": ""2개"", ""저장장치 장착"": ""최대 4개"", ""PCI 슬롯(수평)"": ""4개"", ""전면 패널 타입"": ""메쉬"", ""측면 패널 타입"": ""강화유리"", ""측면 개폐 방식"": ""스윙도어"", ""먼지필터"": ""부분"", ""쿨링팬"": ""총4개"", ""LED팬"": ""4개"", ""후면"": ""120mm LED x1"", ""전면"": ""120mm LED x3"", ""USB2.0"": ""O"", ""USB3.x 5Gbps"": ""O"", ""너비(W)"": ""208mm"", ""깊이(D)"": ""376mm"", ""높이(H)"": ""425mm"", ""지원파워규격"": ""표준-ATX"", ""파워 장착 길이"": ""210mm"", ""파워 위치"": ""하단후면"", ""수랭쿨러 규격"": ""최대2열 지원"", ""라디에이터(상단)"": ""최대240mm"", ""라디에이터(후면)"": ""최대120mm"", ""[부가기능]"": ""[부가기능]"", ""RGB 컨트롤"": ""O"", ""LED 색상"": ""RGB"", ""[변경사항]"": ""[변경사항]"", ""적합성평가인증"": ""상세설명 / 판매 사이트 문의인증번호 확인"", ""안전확인인증"": ""상세설명 / 판매 사이트 문의인증번호 확인""}"
케이스,9456939,"{""제조회사"": ""앱코"", ""등록년월"": ""2019년 09월"", ""제품 분류"": ""ATX 케이스"", ""ATX"": ""O"", ""M-ATX"": ""O"", ""M-ITX"": ""O"", ""VGA 길이"": ""385mm"", ""CPU쿨러 높이"": ""175mm"", ""케이스 크기"": ""미들타워"", ""8.9cm베이"": ""2개"", ""6.4cm베이"": ""2개"", ""저장장치 장착"": ""최대 4개"", ""PCI 슬롯(수평)"": ""7개"", ""측면 패널 타입"": ""강화유리"", ""쿨링팬"": ""총4개"", ""LED팬"": ""4개"", ""후면"": ""120mm LED x1"", ""전면"": ""120mm LED x3"", ""USB2.0"": ""O"", ""USB3.x 5Gbps"": ""O"", ""너비(W)"": ""208mm"", ""깊이(D)"": ""448mm"", ""높이(H)"": ""469mm"", ""파워 장착 길이"": ""220mm"", ""파워 위치"": ""하단후면"", ""수랭쿨러 규격"": ""최대3열 지원"", ""라디에이터(상단)"": ""최대240mm, 140mm"", ""라디에이터(전면)"": ""최대360mm, 280mm"", ""라디에이터(후면)"": ""최대140mm, 120mm"", ""[부가기능]"": ""[부가기능]"", ""RGB 컨트롤"": ""O"", ""LED 색상"": ""RGB"", ""적합성평가인증"": ""상세설명 / 판매 사이트 문의인증번호 확인"", ""안전확인인증"": ""상세설명 / 판매 사이트 문의인증번호 확인""}"
케이스,9916125,"{""제조회사"": ""앱코"", ""등록년월"": ""2019년 11월"", ""제품 분류"": ""ATX 케이스"", ""ATX"": ""O"", ""M-ATX"": ""O"", ""M-ITX"": ""O"", ""VGA 길이"": ""350mm"", ""CPU쿨러 높이"": ""185mm"", ""케이스 크기"": ""미들타워"", ""8.9cm베이"": ""2개"", ""6.4cm베이"": ""2"", ""저장장치 장착"": ""최대 4개"", ""PCI 슬롯(수평)"": ""7+2개"", ""수직 PCI형태"": ""기본형"", ""전면 패널 타입"": ""메쉬"", ""측면 패널 타입"": ""강화유리"", ""먼지필터"": ""전체"", ""쿨링팬"": ""총3개"", ""LED팬"": ""3개"", ""후면"": ""120mm LED x1"", ""전면"": ""200mm LED x2"", ""USB2.0"": ""O"", ""USB3.x 5Gbps"": ""O"", ""너비(W)"": ""225mm"", ""깊이(D)"": ""435mm"", ""높이(H)"": ""470mm"", ""지원파워규격"": ""표준-ATX"", ""파워 장착 길이"": ""220mm"", ""파워 위치"": ""하단후면"", ""수랭쿨러 규격"": ""최대3열 지원"", ""라디에이터(상단)"": ""최대240mm, 140mm"", ""라디에이터(전면)"": ""최대360mm, 280mm"", ""라디에이터(후면)"": ""최대140mm, 120mm"", ""[부가기능]"": ""[부가기능]"", ""RGB 컨트롤"": ""O"", ""LED 색상"": ""RGB"", ""적합성평가인증"": ""상세설명 / 판매 사이트 문의인증번호 확인"", ""안전확인인증"": ""상세설명 / 판매 사이트 문의인증번호 확인""}"
케이스,10558761,"{""제조회사"": ""앱코"", ""등록년월"": ""2020년 02월"", ""ATX"": ""O"", ""M-ATX"": ""O"", ""M-ITX"": ""O"", ""VGA 길이"": ""315mm"", ""CPU쿨러 높이"": ""150mm"", ""케이스 크기"": ""미들타워"", ""8.9cm베이"": ""2개"", ""6.4cm베이"": ""2개"", ""저장장치 장착"": ""최대 4개"", ""PCI 슬롯(수평)"": ""7개"", ""측면 패널 타입"": ""아크릴"", ""먼지필터"": ""부분"", ""쿨링팬"": ""총1개"", ""LED팬"": ""1개"", ""상단"": ""200mm LED x1"", ""USB2.0"": ""O"", ""USB3.x 5Gbps"": ""O"", ""사운드"": ""HD AUDIO"", ""너비(W)"": ""355mm"", ""높이(H)"": ""450mm"", ""깊이(D)"": ""415mm"", ""지원파워규격"": ""표준-ATX"", ""파워 장착 길이"": ""170mm"", ""파워 위치"": ""하단후면"", ""라디에이터(전면)"": ""최대240mm"", ""[부가기능]"": ""[부가기능]"", ""외부 LED"": ""O"", ""RGB 컨트롤"": ""O"", ""LED 색상"": ""RGB"", ""적합성평가인증"": ""상세설명 / 판매 사이트 문의인증번호 확인"", ""안전확인인증"": ""상세설명 / 판매 사이트 문의인증번호 확인""}"
케이스,11626910,"{""제조회사"": ""앱코"", ""등록년월"": ""2020년 06월"", ""제품 분류"": ""ATX 케이스"", ""ATX"": ""O"", ""M-ATX"": ""O"", ""M-ITX"": ""O"", ""VGA 길이"": ""290mm"", ""CPU쿨러 높이"": ""160mm"", ""케이스 크기"": ""미들타워"", ""8.9cm베이"": ""2개"", ""6.4cm베이"": ""1개"", ""저장장치 장착"": ""최대 3개"", ""PCI 슬롯(수평)"": ""7개"", ""전면 패널 타입"": ""메쉬"", ""측면 패널 타입"": ""강화유리"", ""먼지필터"": ""부분"", ""쿨링팬"": ""총4개"", ""LED팬"": ""1개"", ""후면"": ""120mm LED x1"", ""전면"": ""120mm x3"", ""USB2.0"": ""O"", ""USB3.x 5Gbps"": ""O"", ""너비(W)"": ""205mm"", ""깊이(D)"": ""360mm"", ""높이(H)"": ""445mm"", ""지원파워규격"": ""표준-ATX"", ""파워 장착 길이"": ""170mm"", ""파워 위치"": ""하단후면"", ""수랭쿨러 규격"": ""최대2열 지원"", ""라디에이터(상단)"": ""최대120mm"", ""라디에이터(전면)"": ""최대240mm"", ""라디에이터(후면)"": ""최대120mm"", ""[부가기능]"": ""[부가기능]"", ""LED 색상"": ""RGB"", ""적합성평가인증"": ""상세설명 / 판매 사이트 문의인증번호 확인"", ""안전확인인증"": ""상세설명 / 판매 사이트 문의인증번호 확인""}"
케이스,11884168,"{""제조회사"": ""darkFlash"", ""등록년월"": ""2020년 07월"", ""제품 분류"": ""ATX 케이스"", ""E-ATX"": ""O"", ""ATX"": ""O"", ""M-ATX"": ""O"", ""M-ITX"": ""O"", ""VGA 길이"": ""400mm"", ""CPU쿨러 높이"": ""180mm"", ""케이스 크기"": ""미들타워"", ""8.9cm베이"": ""2개"", ""6.4cm베이"": ""2개"", ""저장장치 장착"": ""최대 4개"", ""PCI 슬롯(수평)"": ""7개"", ""측면 패널 타입"": ""강화유리"", ""측면 개폐 방식"": ""스윙도어"", ""먼지필터"": ""전체"", ""쿨링팬"": ""총4개"", ""LED팬"": ""4개"", ""후면"": ""140mm LED x1"", ""전면"": ""140mm LED x3"", ""USB2.0"": ""O"", ""USB3.x 5Gbps"": ""O"", ""USB C타입 10Gbps"": ""O"", ""너비(W)"": ""233mm"", ""깊이(D)"": ""448mm"", ""높이(H)"": ""493mm"", ""지원파워규격"": ""표준-ATX"", ""파워 장착 길이"": ""235mm"", ""파워 위치"": ""하단후면"", ""수랭쿨러 규격"": ""최대3열 지원"", ""라디에이터(상단)"": ""최대360mm, 280mm"", ""라디에이터(전면)"": ""최대360mm, 280mm"", ""라디에이터(후면)"": ""최대140mm, 120mm"", ""[부가기능]"": ""[부가기능]"", ""RGB 컨트롤"": ""O"", ""LED 색상"": ""RGB"", ""적합성평가인증"": ""상세설명 / 판매 사이트 문의인증번호 확인"", ""안전확인인증"": ""상세설명 / 판매 사이트 문의인증번호 확인""}"
케이스,11884207,"{""제조회사"": ""darkFlash"", ""등록년월"": ""2020년 07월"", ""제품 분류"": ""ATX 케이스"", ""E-ATX"": ""O"", ""ATX"": ""O"", ""M-ATX"": ""O"", ""M-ITX"": ""O"", ""VGA 길이"": ""400mm"", ""CPU쿨러 높이"": ""180mm"", ""케이스 크기"": ""미들타워"", ""8.9cm베이"": ""2개"", ""6.4cm베이"": ""2개"", ""저장장치 장착"": ""최대 4개"", ""PCI 슬롯(수평)"": ""7개"", ""측면 패널 타입"": ""강화유리"", ""측면 개폐 방식"": ""스윙도어"", ""먼지필터"": ""전체"", ""쿨링팬"": ""총4개"", ""LED팬"": ""4개"", ""후면"": ""140mm LED x1"", ""전면"": ""140mm LED x3"", ""USB2.0"": ""O"", ""USB3.x 5Gbps"": ""O"", ""USB C타입 10Gbps"": ""O"", ""너비(W)"": ""233mm"", ""깊이(D)"": ""448mm"", ""높이(H)"": ""493mm"", ""지원파워규격"": ""표준-ATX"", ""파워 장착 길이"": ""235mm"", ""파워 위치"": ""하단후면"", ""수랭쿨러 규격"": ""최대3열 지원"", ""라디에이터(상단)"": ""최대360mm, 280mm"", ""라디에이터(전면)"": ""최대360mm, 280mm"", ""라디에이터(후면)"": ""최대140mm, 120mm"", ""[부가기능]"": ""[부가기능]"", ""RGB 컨트롤"": ""O"", ""LED 색상"": ""RGB"", ""적합성평가인증"": ""상세설명 / 판매 사이트 문의인증번호 확인"", ""안전확인인증"": ""상세설명 / 판매 사이트 문의인증번호 확인""}"
케이스,12648995,"{""제조회사"": ""앱코"", ""등록년월"": ""2020년 11월"", ""M-ATX"": ""O"", ""M-ITX"": ""O"", ""VGA 길이"": ""310mm"", ""CPU쿨러 높이"": ""130mm"", ""케이스 크기"": ""미니타워"", ""8.9cm베이"": ""1개"", ""6.4cm베이"": ""1개"", ""저장장치 장착"": ""최대 2개"", ""PCI 슬롯(수평)"": ""4개"", ""전면 패널 타입"": ""강화유리"", ""측면 패널 타입"": ""강화유리"", ""쿨링팬"": ""총3개"", ""LED팬"": ""3개"", ""전면"": ""120mm LED x3"", ""USB3.x 5Gbps"": ""O"", ""USB C타입 5Gbps"": ""O"", ""사운드"": ""HD AUDIO"", ""너비(W)"": ""160mm"", ""높이(H)"": ""500mm"", ""깊이(D)"": ""390mm"", ""지원파워규격"": ""표준-ATX"", ""파워 장착 길이"": ""185mm"", ""파워 위치"": ""하단후면"", ""라디에이터(전면)"": ""최대240mm"", ""[부가기능]"": ""[부가기능]"", ""RGB 컨트롤"": ""O"", ""LED 색상"": ""RGB"", ""적합성평가인증"": ""상세설명 / 판매 사이트 문의인증번호 확인"", ""안전확인인증"": ""상세설명 / 판매 사이트 문의인증번호 확인""}"
케이스,12649013,"{""제조회사"": ""앱코"", ""등록년월"": ""2020년 11월"", ""M-ATX"": ""O"", ""M-ITX"": ""O"", ""VGA 길이"": ""310mm"", ""CPU쿨러 높이"": ""130mm"", ""케이스 크기"": ""미니타워"", ""8.9cm베이"": ""1개"", ""6.4cm베이"": ""1개"", ""저장장치 장착"": ""최대 2개"", ""PCI 슬롯(수평)"": ""4개"", ""전면 패널 타입"": ""강화유리"", ""측면 패널 타입"": ""강화유리"", ""쿨링팬"": ""총3개"", ""LED팬"": ""3개"", ""전면"": ""120mm LED x3"", ""USB3.x 5Gbps"": ""O"", ""USB C타입 5Gbps"": ""O"", ""사운드"": ""HD AUDIO"", ""너비(W)"": ""160mm"", ""높이(H)"": ""500mm"", ""깊이(D)"": ""390mm"", ""지원파워규격"": ""표준-ATX"", ""파워 장착 길이"": ""185mm"", ""파워 위치"": ""하단후면"", ""라디에이터(전면)"": ""최대240mm"", ""[부가기능]"": ""[부가기능]"", ""RGB 컨트롤"": ""O"", ""LED 색상"": ""RGB"", ""적합성평가인증"": ""상세설명 / 판매 사이트 문의인증번호 확인"", ""안전확인인증"": ""상세설명 / 판매 사이트 문의인증번호 확인""}"
케이스,12689864,"{""제조회사"": ""앱코"", ""등록년월"": ""2020년 11월"", ""E-ATX"": ""O"", ""ATX"": ""O"", ""M-ATX"": ""O"", ""M-ITX"": ""O"", ""VGA 길이"": ""420mm"", ""CPU쿨러 높이"": ""235mm"", ""케이스 크기"": ""빅타워"", ""8.9cm베이"": ""2개"", ""6.4cm베이"": ""10개"", ""저장장치 장착"": ""최대 12개"", ""PCI 슬롯(수평)"": ""7개"", ""측면 패널 타입"": ""강화유리"", ""쿨링팬"": ""총4개"", ""LED팬"": ""4개"", ""후면"": ""200mm LED x2"", ""전면"": ""200mm LED x2"", ""USB3.x 5Gbps"": ""O"", ""USB C타입 5Gbps"": ""O"", ""사운드"": ""HD AUDIO"", ""너비(W)"": ""365mm"", ""높이(H)"": ""645mm"", ""깊이(D)"": ""510mm"", ""지원파워규격"": ""표준-ATX"", ""파워 장착 길이"": ""350mm"", ""파워 위치"": ""하단"", ""라디에이터(상단)"": ""최대360mm"", ""[부가기능]"": ""[부가기능]"", ""리모컨"": ""O"", ""LED 색상"": ""RGB"", ""적합성평가인증"": ""상세설명 / 판매 사이트 문의인증번호 확인"", ""안전확인인증"": ""상세설명 / 판매 사이트 문의인증번호 확인""}"
케이스,12985601,"{""제조회사"": ""darkFlash"", ""등록년월"": ""2020년 12월"", ""제품 분류"": ""미니ITX"", ""VGA 길이"": ""320mm"", ""CPU쿨러 높이"": ""134mm"", ""케이스 크기"": ""미니ITX(리틀밸리)"", ""파워포함여부"": ""파워미포함"", ""지원파워규격"": ""M-ATX(SFX)"", ""6.4cm베이"": ""2개"", ""저장장치 장착"": ""최대 2개"", ""PCI 슬롯(수평)"": ""2개"", ""수직 PCI형태"": ""기본형"", ""전면 패널 타입"": ""메쉬"", ""먼지필터"": ""전체"", ""쿨링팬"": ""총1개"", ""상단"": ""92mm"", ""사운드"": ""HD AUDIO"", ""너비(W)"": ""175mm"", ""높이(H)"": ""412mm"", ""깊이(D)"": ""238mm"", ""파워 장착 길이"": ""125mm"", ""파워 위치"": ""하단후면"", ""라디에이터(전면)"": ""최대240mm"", ""[부가기능]"": ""[부가기능]"", ""외부 LED"": ""O"", ""케이스 색상 계열"": ""블랙 계열"", ""적합성평가인증"": ""상세설명 / 판매 사이트 문의인증번호 확인"", ""안전확인인증"": ""상세설명 / 판매 사이트 문의인증번호 확인""}"
케이스,12996623,"{""제조회사"": ""darkFlash"", ""등록년월"": ""2020년 12월"", ""제품 분류"": ""미니ITX"", ""VGA 길이"": ""320mm"", ""CPU쿨러 높이"": ""134mm"", ""케이스 크기"": ""미니ITX(리틀밸리)"", ""파워포함여부"": ""파워미포함"", ""지원파워규격"": ""M-ATX(SFX)"", ""6.4cm베이"": ""2개"", ""저장장치 장착"": ""최대 2개"", ""PCI 슬롯(수평)"": ""2개"", ""수직 PCI형태"": ""기본형"", ""전면 패널 타입"": ""메쉬"", ""먼지필터"": ""전체"", ""쿨링팬"": ""총1개"", ""상단"": ""92mm"", ""사운드"": ""HD AUDIO"", ""너비(W)"": ""175mm"", ""높이(H)"": ""412mm"", ""깊이(D)"": ""238mm"", ""파워 장착 길이"": ""125mm"", ""파워 위치"": ""하단후면"", ""라디에이터(전면)"": ""최대240mm"", ""[부가기능]"": ""[부가기능]"", ""외부 LED"": ""O"", ""케이스 색상 계열"": ""핑크 계열"", ""적합성평가인증"": ""상세설명 / 판매 사이트 문의인증번호 확인"", ""안전확인인증"": ""상세설명 / 판매 사이트 문의인증번호 확인""}"
케이스,13381619,"{""제조회사"": ""darkFlash"", ""등록년월"": ""2021년 02월"", ""제품 분류"": ""ATX 케이스"", ""ATX"": ""O"", ""M-ATX"": ""O"", ""M-ITX"": ""O"", ""VGA 길이"": ""320mm"", ""CPU쿨러 높이"": ""160mm"", ""케이스 크기"": ""미들타워"", ""8.9cm베이"": ""2개"", ""6.4cm베이"": ""2개"", ""저장장치 장착"": ""최대 4개"", ""PCI 슬롯(수평)"": ""7개"", ""전면 패널 타입"": ""메쉬"", ""측면 패널 타입"": ""강화유리"", ""먼지필터"": ""부분"", ""쿨링팬"": ""총6개"", ""LED팬"": ""4개"", ""후면"": ""120mm LED x1"", ""전면"": ""120mm LED x3"", ""상단"": ""120mm x2"", ""USB2.0"": ""O"", ""USB3.x 5Gbps"": ""O"", ""너비(W)"": ""200mm"", ""깊이(D)"": ""365mm"", ""높이(H)"": ""441mm"", ""지원파워규격"": ""표준-ATX"", ""파워 장착 길이"": ""185mm"", ""파워 위치"": ""하단후면"", ""수랭쿨러 규격"": ""최대3열 지원"", ""라디에이터(전면)"": ""최대360mm"", ""라디에이터(후면)"": ""최대120mm"", ""[부가기능]"": ""[부가기능]"", ""LED 색상"": ""RGB"", ""[변경사항]"": ""[변경사항]"", ""적합성평가인증"": ""상세설명 / 판매 사이트 문의인증번호 확인"", ""안전확인인증"": ""상세설명 / 판매 사이트 문의인증번호 확인""}"
케이스,13381634,"{""제조회사"": ""darkFlash"", ""등록년월"": ""2021년 02월"", ""제품 분류"": ""ATX 케이스"", ""ATX"": ""O"", ""M-ATX"": ""O"", ""M-ITX"": ""O"", ""VGA 길이"": ""320mm"", ""CPU쿨러 높이"": ""160mm"", ""케이스 크기"": ""미들타워"", ""8.9cm베이"": ""2개"", ""6.4cm베이"": ""2개"", ""저장장치 장착"": ""최대 4개"", ""PCI 슬롯(수평)"": ""7개"", ""전면 패널 타입"": ""메쉬"", ""측면 패널 타입"": ""강화유리"", ""먼지필터"": ""부분"", ""쿨링팬"": ""총6개"", ""LED팬"": ""4개"", ""후면"": ""120mm LED x1"", ""전면"": ""120mm LED x3"", ""상단"": ""120mm x2"", ""USB2.0"": ""O"", ""USB3.x 5Gbps"": ""O"", ""너비(W)"": ""200mm"", ""깊이(D)"": ""365mm"", ""높이(H)"": ""441mm"", ""지원파워규격"": ""표준-ATX"", ""파워 장착 길이"": ""185mm"", ""파워 위치"": ""하단후면"", ""수랭쿨러 규격"": ""최대3열 지원"", ""라디에이터(전면)"": ""최대360mm"", ""라디에이터(후면)"": ""최대120mm"", ""[부가기능]"": ""[부가기능]"", ""LED 색상"": ""RGB"", ""[변경사항]"": ""[변경사항]"", ""적합성평가인증"": ""상세설명 / 판매 사이트 문의인증번호 확인"", ""안전확인인증"": ""상세설명 / 판매 사이트 문의인증번호 확인""}"
케이스,13818002,"{""제조회사"": ""darkFlash"", ""등록년월"": ""2021년 04월"", ""제품 분류"": ""미니ITX"", ""VGA 길이"": ""320mm"", ""CPU쿨러 높이"": ""134mm"", ""케이스 크기"": ""미니ITX(리틀밸리)"", ""파워포함여부"": ""파워미포함"", ""지원파워규격"": ""M-ATX(SFX)"", ""6.4cm베이"": ""2개"", ""저장장치 장착"": ""최대 2개"", ""PCI 슬롯(수평)"": ""2개"", ""수직 PCI형태"": ""기본형"", ""전면 패널 타입"": ""메쉬"", ""먼지필터"": ""전체"", ""쿨링팬"": ""총1개"", ""상단"": ""92mm"", ""사운드"": ""HD AUDIO"", ""너비(W)"": ""175mm"", ""높이(H)"": ""412mm"", ""깊이(D)"": ""238mm"", ""파워 장착 길이"": ""125mm"", ""파워 위치"": ""하단후면"", ""라디에이터(전면)"": ""최대240mm"", ""[부가기능]"": ""[부가기능]"", ""외부 LED"": ""O"", ""케이스 색상 계열"": ""그린 계열"", ""적합성평가인증"": ""상세설명 / 판매 사이트 문의인증번호 확인"", ""안전확인인증"": ""상세설명 / 판매 사이트 문의인증번호 확인""}"
케이스,14705840,"{""제조회사"": ""앱코"", ""등록년월"": ""2021년 07월"", ""제품 분류"": ""ATX 케이스"", ""ATX"": ""O"", ""M-ATX"": ""O"", ""M-ITX"": ""O"", ""VGA 길이"": ""340mm"", ""CPU쿨러 높이"": ""175mm"", ""케이스 크기"": ""미들타워"", ""8.9cm베이"": ""1개"", ""6.4cm베이"": ""1개"", ""저장장치 장착"": ""최대 2개"", ""PCI 슬롯(수평)"": ""7개"", ""전면 패널 타입"": ""메쉬"", ""측면 패널 타입"": ""강화유리"", ""쿨링팬"": ""총6개"", ""LED팬"": ""4개"", ""후면"": ""120mm LED x1"", ""전면"": ""120mm LED x3"", ""상단"": ""120mm x2"", ""USB2.0"": ""O"", ""USB3.x 5Gbps"": ""O"", ""너비(W)"": ""225mm"", ""깊이(D)"": ""385mm"", ""높이(H)"": ""485mm"", ""지원파워규격"": ""표준-ATX"", ""파워 장착 길이"": ""345mm"", ""파워 위치"": ""하단후면"", ""수랭쿨러 규격"": ""최대3열 지원"", ""라디에이터(상단)"": ""최대280mm, 240mm"", ""라디에이터(전면)"": ""최대360mm, 280mm"", ""라디에이터(후면)"": ""최대120mm"", ""적합성평가인증"": ""상세설명 / 판매 사이트 문의인증번호 확인"", ""안전확인인증"": ""상세설명 / 판매 사이트 문의인증번호 확인""}"
케이스,14799467,"{""제조회사"": ""앱코"", ""등록년월"": ""2021년 07월"", ""제품 분류"": ""ATX 케이스"", ""ATX"": ""O"", ""M-ATX"": ""O"", ""ITX"": ""O"", ""VGA 길이"": ""370mm"", ""CPU쿨러 높이"": ""165mm"", ""케이스 크기"": ""미들타워"", ""8.9cm베이"": ""3개"", ""6.4cm베이"": ""2개"", ""저장장치 장착"": ""최대 5개"", ""PCI 슬롯(수평)"": ""7개"", ""측면 패널 타입"": ""강화유리"", ""먼지필터"": ""부분"", ""쿨링팬"": ""총4개"", ""LED팬"": ""4개"", ""후면"": ""120mm LED x1"", ""하단"": ""120mm LED x3"", ""USB2.0"": ""O"", ""USB3.x 5Gbps"": ""O"", ""너비(W)"": ""205mm"", ""깊이(D)"": ""502mm"", ""높이(H)"": ""525mm"", ""파워 장착 길이"": ""200mm"", ""파워 위치"": ""하단후면"", ""수랭쿨러 규격"": ""최대2열 지원"", ""라디에이터(상단)"": ""최대280mm, 240mm"", ""라디에이터(후면)"": ""최대120mm"", ""[부가기능]"": ""[부가기능]"", ""LED 색상"": ""오렌지"", ""적합성평가인증"": ""상세설명 / 판매 사이트 문의인증번호 확인"", ""안전확인인증"": ""상세설명 / 판매 사이트 문의인증번호 확인""}"
케이스,15050393,"{""제조회사"": ""앱코"", ""등록년월"": ""2021년 08월"", ""제품 분류"": ""ATX 케이스"", ""ATX"": ""O"", ""M-ATX"": ""O"", ""M-ITX"": ""O"", ""VGA 길이"": ""340mm"", ""CPU쿨러 높이"": ""185mm"", ""케이스 크기"": ""미들타워"", ""8.9cm베이"": ""2개"", ""6.4cm베이"": ""4개"", ""저장장치 장착"": ""최대 6개"", ""PCI 슬롯(수평)"": ""7+3개"", ""수직 PCI형태"": ""기본형"", ""전면 패널 타입"": ""메쉬"", ""측면 패널 타입"": ""강화유리"", ""측면 개폐 방식"": ""스윙도어"", ""먼지필터"": ""부분"", ""쿨링팬"": ""총4개"", ""후면"": ""140mm x1"", ""전면"": ""140mm x3"", ""USB3.x 5Gbps"": ""O"", ""USB C타입 5Gbps"": ""O"", ""너비(W)"": ""230mm"", ""깊이(D)"": ""400mm"", ""높이(H)"": ""460mm"", ""지원파워규격"": ""표준-ATX"", ""파워 장착 길이"": ""200 mm"", ""파워 위치"": ""하단후면"", ""수랭쿨러 규격"": ""최대3열 지원"", ""라디에이터(상단)"": ""최대240mm, 140mm"", ""라디에이터(전면)"": ""최대360mm, 280mm"", ""라디에이터(후면)"": ""최대120mm"", ""적합성평가인증"": ""상세설명 / 판매 사이트 문의인증번호 확인"", ""안전확인인증"": ""상세설명 / 판매 사이트 문의인증번호 확인""}"
케이스,15063971,"{""제조회사"": ""앱코"", ""등록년월"": ""2021년 08월"", ""제품 분류"": ""ATX 케이스"", ""ATX"": ""O"", ""M-ATX"": ""O"", ""M-ITX"": ""O"", ""VGA 길이"": ""340mm"", ""CPU쿨러 높이"": ""175mm"", ""케이스 크기"": ""미들타워"", ""8.9cm베이"": ""1개"", ""6.4cm베이"": ""1개"", ""저장장치 장착"": ""최대 2개"", ""PCI 슬롯(수평)"": ""7개"", ""전면 패널 타입"": ""메쉬"", ""측면 패널 타입"": ""강화유리"", ""쿨링팬"": ""총6개"", ""LED팬"": ""4개"", ""후면"": ""120mm LED x1"", ""전면"": ""120mm LED x3"", ""상단"": ""120mm x2"", ""USB2.0"": ""O"", ""USB3.x 5Gbps"": ""O"", ""너비(W)"": ""225mm"", ""깊이(D)"": ""385mm"", ""높이(H)"": ""485mm"", ""지원파워규격"": ""표준-ATX"", ""파워 장착 길이"": ""345mm"", ""파워 위치"": ""하단후면"", ""수랭쿨러 규격"": ""최대3열 지원"", ""라디에이터(상단)"": ""최대280mm, 240mm"", ""라디에이터(전면)"": ""최대360mm, 280mm"", ""라디에이터(후면)"": ""최대120mm"", ""적합성평가인증"": ""상세설명 / 판매 사이트 문의인증번호 확인"", ""안전확인인증"": ""상세설명 / 판매 사이트 문의인증번호 확인""}"
케이스,15894449,"{""제조회사"": ""앱코"", ""등록년월"": ""2021년 12월"", ""제품 분류"": ""ATX 케이스"", ""ATX"": ""O"", ""M-ATX"": ""O"", ""VGA 길이"": ""410mm"", ""CPU쿨러 높이"": ""180mm"", ""케이스 크기"": ""미들타워"", ""8.9cm베이"": ""2개"", ""6.4cm베이"": ""10개"", ""저장장치 장착"": ""최대 12개"", ""PCI 슬롯(수평)"": ""7+3개"", ""수직 PCI형태"": ""기본형"", ""측면 패널 타입"": ""통풍구"", ""먼지필터"": ""전체"", ""쿨링팬"": ""총4개"", ""후면"": ""140mm x1"", ""전면"": ""140mm x3"", ""USB3.x 5Gbps"": ""O"", ""USB C타입 5Gbps"": ""O"", ""너비(W)"": ""230mm"", ""깊이(D)"": ""480mm"", ""높이(H)"": ""485mm"", ""지원파워규격"": ""표준-ATX"", ""파워 장착 길이"": ""230mm"", ""파워 위치"": ""하단후면"", ""수랭쿨러 규격"": ""최대3열 지원"", ""라디에이터(상단)"": ""최대360mm, 280mm"", ""라디에이터(전면)"": ""최대360mm, 280mm"", ""라디에이터(후면)"": ""최대140mm, 120mm"", ""적합성평가인증"": ""상세설명 / 판매 사이트 문의인증번호 확인"", ""안전확인인증"": ""상세설명 / 판매 사이트 문의인증번호 확인""}"
케이스,16542008,"{""제조회사"": ""darkFlash"", ""등록년월"": ""2022년 03월"", ""제품 분류"": ""ATX 케이스"", ""E-ATX"": ""O"", ""ATX"": ""O"", ""M-ATX"": ""O"", ""VGA 길이"": ""355mm"", ""CPU쿨러 높이"": ""165mm"", ""케이스 크기"": ""미들타워"", ""8.9cm베이"": ""2개"", ""6.4cm베이"": ""2개"", ""저장장치 장착"": ""최대 4개 이상"", ""PCI 슬롯(수평)"": ""7개"", ""전면 패널 타입"": ""메쉬"", ""측면 패널 타입"": ""강화유리"", ""측면 개폐 방식"": ""스윙도어"", ""먼지필터"": ""전체"", ""쿨링팬"": ""총4개"", ""후면"": ""120mm x1"", ""전면"": ""140mm x3"", ""USB2.0"": ""O"", ""USB3.x 5Gbps"": ""O"", ""USB C타입 5Gbps"": ""O"", ""너비(W)"": ""215mm"", ""깊이(D)"": ""415mm"", ""높이(H)"": ""470mm"", ""지원파워규격"": ""표준-ATX"", ""파워 장착 길이"": ""245mm"", ""수랭쿨러 규격"": ""최대3열 지원"", ""라디에이터(상단)"": ""최대240mm"", ""라디에이터(전면)"": ""최대360mm, 280mm"", ""라디에이터(후면)"": ""최대120mm"", ""적합성평가인증"": ""상세설명 / 판매 사이트 문의인증번호 확인"", ""안전확인인증"": ""상세설명 / 판매 사이트 문의인증번호 확인""}"
케이스,16604054,"{""제조회사"": ""앱코"", ""등록년월"": ""2022년 03월"", ""제품 분류"": ""ATX 케이스"", ""E-ATX"": ""O"", ""ATX"": ""O"", ""M-ATX"": ""O"", ""ITX"": ""O"", ""VGA 길이"": ""405mm"", ""CPU쿨러 높이"": ""180mm"", ""케이스 크기"": ""미들타워"", ""8.9cm베이"": ""2개"", ""6.4cm베이"": ""4개"", ""저장장치 장착"": ""최대 6개"", ""PCI 슬롯(수평)"": ""7+3개"", ""수직 PCI형태"": ""기본형"", ""전면 패널 타입"": ""메쉬"", ""측면 패널 타입"": ""강화유리"", ""측면 개폐 방식"": ""스윙도어"", ""먼지필터"": ""전체"", ""쿨링팬"": ""총4개"", ""LED팬"": ""4개"", ""후면"": ""140mm LED x1"", ""전면"": ""140mm LED x3"", ""USB2.0"": ""O"", ""USB3.x 5Gbps"": ""O"", ""USB C타입 5Gbps"": ""O"", ""너비(W)"": ""228mm"", ""깊이(D)"": ""470mm"", ""높이(H)"": ""495mm"", ""파워 장착 길이"": ""225mm"", ""파워 위치"": ""하단후면"", ""수랭쿨러 규격"": ""최대3열 지원"", ""라디에이터(상단)"": ""최대360mm, 280mm"", ""라디에이터(전면)"": ""최대360mm, 280mm"", ""라디에이터(후면)"": ""최대140mm, 120mm"", ""[부가기능]"": ""[부가기능]"", ""외부LED 컨트롤"": ""O"", ""LED 색상"": ""ARGB"", ""적합성평가인증"": ""상세설명 / 판매 사이트 문의인증번호 확인"", ""안전확인인증"": ""상세설명 / 판매 사이트 문의인증번호 확인""}"
케이스,16676309,"{""제조회사"": ""darkFlash"", ""등록년월"": ""2022년 03월"", ""제품 분류"": ""ATX 케이스"", ""E-ATX"": ""O"", ""ATX"": ""O"", ""M-ATX"": ""O"", ""M-ITX"": ""O"", ""VGA 길이"": ""360mm"", ""CPU쿨러 높이"": ""160mm"", ""케이스 크기"": ""미들타워"", ""8.9cm베이"": ""2개"", ""6.4cm베이"": ""2개"", ""저장장치 장착"": ""최대 4개"", ""PCI 슬롯(수평)"": ""7개"", ""수직 PCI형태"": ""슬롯변경형"", ""전면 패널 타입"": ""강화유리"", ""측면 패널 타입"": ""강화유리"", ""먼지필터"": ""부분"", ""쿨링팬"": ""총1개"", ""LED팬"": ""1개"", ""후면"": ""120mm LED x1"", ""USB2.0"": ""O"", ""USB3.x 5Gbps"": ""O"", ""너비(W)"": ""210mm"", ""깊이(D)"": ""410mm"", ""높이(H)"": ""480mm"", ""지원파워규격"": ""표준-ATX"", ""파워 장착 길이"": ""200mm"", ""파워 위치"": ""하단후면"", ""수랭쿨러 규격"": ""최대3열 지원"", ""라디에이터(상단)"": ""최대240mm"", ""라디에이터(전면)"": ""최대360mm, 280mm"", ""라디에이터(후면)"": ""최대120mm"", ""[부가기능]"": ""[부가기능]"", ""외부LED 컨트롤"": ""O"", ""LED 색상"": ""ARGB"", ""적합성평가인증"": ""상세설명 / 판매 사이트 문의인증번호 확인"", ""안전확인인증"": ""상세설명 / 판매 사이트 문의인증번호 확인""}"
케이스,17783147,"{""제조회사"": ""darkFlash"", ""등록년월"": ""2022년 09월"", ""제품 분류"": ""ATX 케이스"", ""ATX"": ""O"", ""M-ATX"": ""O"", ""M-ITX"": ""O"", ""VGA 길이"": ""350mm"", ""CPU쿨러 높이"": ""160mm"", ""케이스 크기"": ""미들타워"", ""8.9cm베이"": ""2개"", ""6.4cm베이"": ""1개"", ""저장장치 장착"": ""최대 3개"", ""PCI 슬롯(수평)"": ""7개"", ""전면 패널 타입"": ""메쉬"", ""측면 패널 타입"": ""강화유리"", ""먼지필터"": ""전체"", ""쿨링팬"": ""총3개"", ""LED팬"": ""3개"", ""후면"": ""120mm LED x1"", ""전면"": ""185mm LED x2"", ""USB2.0"": ""O"", ""USB3.x 5Gbps"": ""O"", ""너비(W)"": ""210mm"", ""깊이(D)"": ""405mm"", ""높이(H)"": ""475mm"", ""지원파워규격"": ""표준-ATX"", ""파워 장착 길이"": ""210~360mm"", ""파워 위치"": ""하단후면"", ""수랭쿨러 규격"": ""최대3열 지원"", ""라디에이터(상단)"": ""최대240mm"", ""라디에이터(전면)"": ""최대360mm, 280mm"", ""라디에이터(후면)"": ""최대120mm"", ""[부가기능]"": ""[부가기능]"", ""외부LED 컨트롤"": ""O"", ""LED 색상"": ""RGB"", ""적합성평가인증"": ""상세설명 / 판매 사이트 문의인증번호 확인"", ""안전확인인증"": ""상세설명 / 판매 사이트 문의인증번호 확인""}"
케이스,17954243,"{""제조회사"": ""darkFlash"", ""등록년월"": ""2022년 10월"", ""제품 분류"": ""ATX 케이스"", ""ATX"": ""O"", ""M-ATX"": ""O"", ""M-ITX"": ""O"", ""VGA 길이"": ""332mm"", ""CPU쿨러 높이"": ""165mm"", ""케이스 크기"": ""미들타워"", ""8.9cm베이"": ""2개"", ""6.4cm베이"": ""2개"", ""저장장치 장착"": ""최대 4개"", ""PCI 슬롯(수평)"": ""7개"", ""수직 PCI형태"": ""슬롯변경형"", ""전면 패널 타입"": ""메쉬"", ""측면 패널 타입"": ""강화유리"", ""측면 개폐 방식"": ""스윙도어"", ""쿨링팬"": ""총4개"", ""후면"": ""120mm x1"", ""하단"": ""120mm x3"", ""USB3.x 5Gbps"": ""O"", ""USB C타입 5Gbps"": ""O"", ""너비(W)"": ""220mm"", ""깊이(D)"": ""450mm"", ""높이(H)"": ""408mm"", ""지원파워규격"": ""표준-ATX"", ""파워 장착 길이"": ""200mm"", ""파워 위치"": ""상단전면"", ""수랭쿨러 규격"": ""최대3열 지원"", ""라디에이터(상단)"": ""최대360mm, 280mm"", ""라디에이터(후면)"": ""최대120mm"", ""라디에이터(하단)"": ""최대360mm, 280mm"", ""적합성평가인증"": ""상세설명 / 판매 사이트 문의인증번호 확인"", ""안전확인인증"": ""상세설명 / 판매 사이트 문의인증번호 확인""}"
케이스,17954255,"{""제조회사"": ""darkFlash"", ""등록년월"": ""2022년 10월"", ""제품 분류"": ""ATX 케이스"", ""ATX"": ""O"", ""M-ATX"": ""O"", ""M-ITX"": ""O"", ""VGA 길이"": ""332mm"", ""CPU쿨러 높이"": ""165mm"", ""케이스 크기"": ""미들타워"", ""8.9cm베이"": ""2개"", ""6.4cm베이"": ""2개"", ""저장장치 장착"": ""최대 4개"", ""PCI 슬롯(수평)"": ""7개"", ""수직 PCI형태"": ""슬롯변경형"", ""전면 패널 타입"": ""메쉬"", ""측면 패널 타입"": ""강화유리"", ""측면 개폐 방식"": ""스윙도어"", ""쿨링팬"": ""총4개"", ""후면"": ""120mm x1"", ""하단"": ""120mm x3"", ""USB3.x 5Gbps"": ""O"", ""USB C타입 5Gbps"": ""O"", ""너비(W)"": ""220mm"", ""깊이(D)"": ""450mm"", ""높이(H)"": ""408mm"", ""지원파워규격"": ""표준-ATX"", ""파워 장착 길이"": ""200mm"", ""파워 위치"": ""상단전면"", ""수랭쿨러 규격"": ""최대3열 지원"", ""라디에이터(상단)"": ""최대360mm, 280mm"", ""라디에이터(후면)"": ""최대120mm"", ""라디에이터(하단)"": ""최대360mm, 280mm"", ""적합성평가인증"": ""상세설명 / 판매 사이트 문의인증번호 확인"", ""안전확인인증"": ""상세설명 / 판매 사이트 문의인증번호 확인""}"
케이스,17976938,"{""제조회사"": ""darkFlash"", ""등록년월"": ""2022년 10월"", ""제품 분류"": ""ATX 케이스"", ""ATX"": ""O"", ""M-ATX"": ""O"", ""M-ITX"": ""O"", ""VGA 길이"": ""285mm"", ""CPU쿨러 높이"": ""160mm"", ""케이스 크기"": ""미들타워"", ""13.3cm베이"": ""1개"", ""8.9cm베이"": ""1개"", ""6.4cm베이"": ""1개"", ""저장장치 장착"": ""최대 2개"", ""PCI 슬롯(수평)"": ""7개"", ""측면 패널 타입"": ""통풍구"", ""쿨링팬"": ""총1개"", ""후면"": ""120mm x1"", ""USB2.0"": ""O"", ""USB3.x 5Gbps"": ""O"", ""너비(W)"": ""190mm"", ""깊이(D)"": ""344mm"", ""높이(H)"": ""410mm"", ""지원파워규격"": ""표준-ATX"", ""파워 위치"": ""상단"", ""적합성평가인증"": ""상세설명 / 판매 사이트 문의인증번호 확인"", ""안전확인인증"": ""상세설명 / 판매 사이트 문의인증번호 확인""}"
케이스,18053684,"{""제조회사"": ""darkFlash"", ""등록년월"": ""2022년 10월"", ""제품 분류"": ""M-ATX 케이스"", ""M-ATX"": ""O"", ""M-ITX"": ""O"", ""VGA 길이"": ""235~320mm"", ""CPU쿨러 높이"": ""160mm"", ""케이스 크기"": ""미니타워"", ""8.9cm베이"": ""2개"", ""6.4cm베이"": ""2개"", ""저장장치 장착"": ""최대 4개"", ""PCI 슬롯(수평)"": ""5개"", ""전면 패널 타입"": ""메쉬"", ""측면 패널 타입"": ""강화유리"", ""먼지필터"": ""부분"", ""쿨링팬"": ""총4개"", ""LED팬"": ""4개"", ""후면"": ""120mm LED x1"", ""전면"": ""120mm LED x3"", ""USB2.0"": ""O"", ""USB3.x 5Gbps"": ""O"", ""너비(W)"": ""200mm"", ""깊이(D)"": ""365mm"", ""높이(H)"": ""441mm"", ""지원파워규격"": ""표준-ATX"", ""파워 장착 길이"": ""160~185mm"", ""파워 위치"": ""하단후면"", ""수랭쿨러 규격"": ""최대3열 지원"", ""라디에이터(상단)"": ""최대280mm, 240mm"", ""라디에이터(전면)"": ""최대360mm"", ""라디에이터(후면)"": ""최대120mm"", ""[부가기능]"": ""[부가기능]"", ""LED 색상"": ""RGB"", ""적합성평가인증"": ""상세설명 / 판매 사이트 문의인증번호 확인"", ""안전확인인증"": ""상세설명 / 판매 사이트 문의인증번호 확인""}"
케이스,18053717,"{""제조회사"": ""darkFlash"", ""등록년월"": ""2022년 10월"", ""제품 분류"": ""M-ATX 케이스"", ""M-ATX"": ""O"", ""M-ITX"": ""O"", ""VGA 길이"": ""235~320mm"", ""CPU쿨러 높이"": ""160mm"", ""케이스 크기"": ""미니타워"", ""8.9cm베이"": ""2개"", ""6.4cm베이"": ""2개"", ""저장장치 장착"": ""최대 4개"", ""PCI 슬롯(수평)"": ""5개"", ""전면 패널 타입"": ""메쉬"", ""측면 패널 타입"": ""강화유리"", ""먼지필터"": ""부분"", ""쿨링팬"": ""총4개"", ""LED팬"": ""4개"", ""후면"": ""120mm LED x1"", ""전면"": ""120mm LED x3"", ""USB2.0"": ""O"", ""USB3.x 5Gbps"": ""O"", ""너비(W)"": ""200mm"", ""깊이(D)"": ""365mm"", ""높이(H)"": ""441mm"", ""지원파워규격"": ""표준-ATX"", ""파워 장착 길이"": ""160~185mm"", ""파워 위치"": ""하단후면"", ""수랭쿨러 규격"": ""최대3열 지원"", ""라디에이터(상단)"": ""최대280mm, 240mm"", ""라디에이터(전면)"": ""최대360mm"", ""라디에이터(후면)"": ""최대120mm"", ""[부가기능]"": ""[부가기능]"", ""LED 색상"": ""RGB"", ""적합성평가인증"": ""상세설명 / 판매 사이트 문의인증번호 확인"", ""안전확인인증"": ""상세설명 / 판매 사이트 문의인증번호 확인""}"
케이스,18190976,"{""제조회사"": ""darkFlash"", ""등록년월"": ""2022년 11월"", ""제품 분류"": ""ATX 케이스"", ""E-ATX"": ""O"", ""ATX"": ""O"", ""M-ATX"": ""O"", ""M-ITX"": ""O"", ""VGA 길이"": ""340mm"", ""CPU쿨러 높이"": ""185mm"", ""케이스 크기"": ""미들타워"", ""8.9cm베이"": ""3개"", ""저장장치 장착"": ""최대 3개"", ""PCI 슬롯(수평)"": ""7개"", ""수직 PCI형태"": ""슬롯변경형"", ""전면 패널 타입"": ""메쉬"", ""측면 패널 타입"": ""강화유리"", ""쿨링팬"": ""총5개"", ""후면"": ""140mm x1"", ""하단"": ""120mm x4"", ""USB3.x 5Gbps"": ""O"", ""USB C타입 5Gbps"": ""O"", ""너비(W)"": ""245mm"", ""깊이(D)"": ""538mm"", ""높이(H)"": ""415mm"", ""지원파워규격"": ""표준-ATX"", ""파워 장착 길이"": ""200mm"", ""파워 위치"": ""측면"", ""수랭쿨러 규격"": ""최대3열 지원"", ""라디에이터(상단)"": ""최대420mm, 360mm"", ""라디에이터(후면)"": ""최대140mm, 120mm"", ""라디에이터(하단)"": ""최대360mm, 280mm"", ""적합성평가인증"": ""상세설명 / 판매 사이트 문의인증번호 확인"", ""안전확인인증"": ""상세설명 / 판매 사이트 문의인증번호 확인""}"
케이스,18190991,"{""제조회사"": ""darkFlash"", ""등록년월"": ""2022년 11월"", ""제품 분류"": ""ATX 케이스"", ""E-ATX"": ""O"", ""ATX"": ""O"", ""M-ATX"": ""O"", ""M-ITX"": ""O"", ""VGA 길이"": ""340mm"", ""CPU쿨러 높이"": ""185mm"", ""케이스 크기"": ""미들타워"", ""8.9cm베이"": ""3개"", ""저장장치 장착"": ""최대 3개"", ""PCI 슬롯(수평)"": ""7개"", ""수직 PCI형태"": ""슬롯변경형"", ""전면 패널 타입"": ""메쉬"", ""측면 패널 타입"": ""강화유리"", ""쿨링팬"": ""총5개"", ""후면"": ""140mm x1"", ""하단"": ""120mm x4"", ""USB3.x 5Gbps"": ""O"", ""USB C타입 5Gbps"": ""O"", ""너비(W)"": ""245mm"", ""깊이(D)"": ""538mm"", ""높이(H)"": ""415mm"", ""지원파워규격"": ""표준-ATX"", ""파워 장착 길이"": ""200mm"", ""파워 위치"": ""측면"", ""수랭쿨러 규격"": ""최대3열 지원"", ""라디에이터(상단)"": ""최대420mm, 360mm"", ""라디에이터(후면)"": ""최대140mm, 120mm"", ""라디에이터(하단)"": ""최대360mm, 280mm"", ""적합성평가인증"": ""상세설명 / 판매 사이트 문의인증번호 확인"", ""안전확인인증"": ""상세설명 / 판매 사이트 문의인증번호 확인""}"
케이스,18412487,"{""제조회사"": ""앱코"", ""등록년월"": ""2022년 12월"", ""제품 분류"": ""M-ATX 케이스"", ""M-ATX"": ""O"", ""M-ITX"": ""O"", ""VGA 길이"": ""320mm"", ""CPU쿨러 높이"": ""165mm"", ""케이스 크기"": ""미니타워"", ""8.9cm베이"": ""4개"", ""6.4cm베이"": ""4개"", ""저장장치 장착"": ""최대 8개"", ""PCI 슬롯(수평)"": ""4개"", ""전면 패널 타입"": ""메쉬"", ""측면 패널 타입"": ""강화유리"", ""측면 개폐 방식"": ""스윙도어"", ""먼지필터"": ""전체"", ""쿨링팬"": ""총2개"", ""LED팬"": ""2개"", ""후면"": ""120mm LED x1"", ""전면"": ""200mm LED x1"", ""USB3.x 5Gbps"": ""O"", ""USB C타입 5Gbps"": ""O"", ""너비(W)"": ""282mm"", ""깊이(D)"": ""390mm"", ""높이(H)"": ""325mm"", ""지원파워규격"": ""표준-ATX"", ""파워 장착 길이"": ""230~320mm"", ""파워 위치"": ""하단후면"", ""수랭쿨러 규격"": ""최대2열 지원"", ""라디에이터(상단)"": ""최대240mm"", ""[부가기능]"": ""[부가기능]"", ""LED 색상"": ""ARGB"", ""적합성평가인증"": ""상세설명 / 판매 사이트 문의인증번호 확인"", ""안전확인인증"": ""상세설명 / 판매 사이트 문의인증번호 확인""}"
케이스,18631685,"{""제조회사"": ""앱코"", ""등록년월"": ""2022년 12월"", ""제품 분류"": ""ATX 케이스"", ""ATX"": ""O"", ""M-ATX"": ""O"", ""M-ITX"": ""O"", ""VGA 길이"": ""355mm"", ""CPU쿨러 높이"": ""150mm"", ""케이스 크기"": ""미들타워"", ""8.9cm베이"": ""3개"", ""6.4cm베이"": ""2개"", ""저장장치 장착"": ""최대 5개"", ""PCI 슬롯(수평)"": ""7개"", ""측면 패널 타입"": ""통풍구"", ""쿨링팬"": ""총1개"", ""후면"": ""120mm x1"", ""USB2.0"": ""O"", ""너비(W)"": ""180mm"", ""깊이(D)"": ""410mm"", ""높이(H)"": ""415mm"", ""지원파워규격"": ""표준-ATX"", ""적합성평가인증"": ""상세설명 / 판매 사이트 문의인증번호 확인"", ""안전확인인증"": ""상세설명 / 판매 사이트 문의인증번호 확인""}"
케이스,18769988,"{""제조회사"": ""darkFlash"", ""등록년월"": ""2023년 01월"", ""제품 분류"": ""ATX 케이스"", ""E-ATX"": ""O"", ""ATX"": ""O"", ""M-ATX"": ""O"", ""M-ITX"": ""O"", ""VGA 길이"": ""340~375mm"", ""CPU쿨러 높이"": ""165mm"", ""케이스 크기"": ""미들타워"", ""8.9cm베이"": ""2개"", ""6.4cm베이"": ""2개"", ""저장장치 장착"": ""최대 4개"", ""PCI 슬롯(수평)"": ""7개"", ""전면 패널 타입"": ""메쉬"", ""측면 패널 타입"": ""강화유리"", ""측면 개폐 방식"": ""스윙도어"", ""먼지필터"": ""전체"", ""후면"": ""120mm LED x1"", ""전면"": ""140mm LED x3"", ""USB2.0"": ""O"", ""USB3.x 5Gbps"": ""O"", ""USB C타입 5Gbps"": ""O"", ""너비(W)"": ""214mm"", ""깊이(D)"": ""441mm"", ""높이(H)"": ""471mm"", ""지원파워규격"": ""표준-ATX"", ""파워 장착 길이"": ""245~368mm"", ""파워 위치"": ""하단후면"", ""수랭쿨러 규격"": ""최대3열 지원"", ""라디에이터(상단)"": ""최대240mm"", ""라디에이터(전면)"": ""최대360mm, 280mm"", ""라디에이터(후면)"": ""최대120mm"", ""[부가기능]"": ""[부가기능]"", ""LED 색상"": ""RGB"", ""[변경사항]"": ""[변경사항]"", ""적합성평가인증"": ""상세설명 / 판매 사이트 문의인증번호 확인"", ""안전확인인증"": ""상세설명 / 판매 사이트 문의인증번호 확인""}"
케이스,18922775,"{""제조회사"": ""darkFlash"", ""등록년월"": ""2023년 02월"", ""제품 분류"": ""M-ATX 케이스"", ""M-ATX"": ""O"", ""M-ITX"": ""O"", ""VGA 길이"": ""360mm"", ""CPU쿨러 높이"": ""165mm"", ""케이스 크기"": ""미니타워"", ""8.9cm베이"": ""2개"", ""6.4cm베이"": ""2개"", ""저장장치 장착"": ""최대 4개"", ""PCI 슬롯(수평)"": ""5개"", ""전면 패널 타입"": ""메쉬"", ""측면 패널 타입"": ""강화유리"", ""측면 개폐 방식"": ""스윙도어"", ""먼지필터"": ""전체"", ""쿨링팬"": ""총3개"", ""LED팬"": ""3개"", ""후면"": ""120mm LED x1"", ""전면"": ""140mm LED x2"", ""USB2.0"": ""O"", ""USB3.x 5Gbps"": ""O"", ""너비(W)"": ""210mm"", ""깊이(D)"": ""417mm"", ""높이(H)"": ""451mm"", ""지원파워규격"": ""표준-ATX"", ""파워 장착 길이"": ""190~360mm"", ""파워 위치"": ""하단후면"", ""수랭쿨러 규격"": ""최대3열 지원"", ""라디에이터(상단)"": ""최대280mm, 240mm"", ""라디에이터(전면)"": ""최대360mm, 280mm"", ""라디에이터(후면)"": ""최대120mm"", ""[부가기능]"": ""[부가기능]"", ""RGB 컨트롤"": ""O"", ""LED 색상"": ""RGB"", ""적합성평가인증"": ""상세설명 / 판매 사이트 문의인증번호 확인"", ""안전확인인증"": ""상세설명 / 판매 사이트 문의인증번호 확인""}"
케이스,20162585,"{""제조회사"": ""앱코"", ""등록년월"": ""2023년 05월"", ""제품 분류"": ""ATX 케이스"", ""ATX"": ""O"", ""M-ATX"": ""O"", ""ITX"": ""O"", ""VGA 길이"": ""395mm"", ""CPU쿨러 높이"": ""180mm"", ""케이스 크기"": ""미들타워"", ""8.9cm베이"": ""2개"", ""6.4cm베이"": ""4개"", ""저장장치 장착"": ""최대 4개"", ""측면 패널 타입"": ""아크릴"", ""쿨링팬"": ""총1개"", ""후면"": ""140mm x1"", ""USB2.0"": ""O"", ""USB3.x 5Gbps"": ""O"", ""너비(W)"": ""216mm"", ""깊이(D)"": ""455mm"", ""높이(H)"": ""470mm"", ""파워 장착 길이"": ""210mm"", ""파워 위치"": ""하단후면"", ""라디에이터(전면)"": ""최대240mm, 140mm"", ""라디에이터(후면)"": ""최대140mm, 120mm"", ""[부가기능]"": ""[부가기능]"", ""외부 LED"": ""O"", ""적합성평가인증"": ""상세설명 / 판매 사이트 문의인증번호 확인"", ""안전확인인증"": ""상세설명 / 판매 사이트 문의인증번호 확인""}"
케이스,20164172,"{""제조회사"": ""앱코"", ""등록년월"": ""2023년 05월"", ""제품 분류"": ""ATX 케이스"", ""ATX"": ""O"", ""M-ATX"": ""O"", ""ITX"": ""O"", ""VGA 길이"": ""380mm"", ""CPU쿨러 높이"": ""195mm"", ""케이스 크기"": ""빅타워"", ""8.9cm베이"": ""12개"", ""6.4cm베이"": ""15개"", ""저장장치 장착"": ""최대 12개"", ""PCI 슬롯(수평)"": ""9개"", ""전면 패널 타입"": ""일반(솔리드)"", ""측면 패널 타입"": ""강화유리"", ""먼지필터"": ""부분"", ""쿨링팬"": ""총8개"", ""후면"": ""120mm x2"", ""내부 측면"": ""120mm x6"", ""USB2.0"": ""O"", ""USB3.x 5Gbps"": ""O"", ""너비(W)"": ""269mm"", ""깊이(D)"": ""585mm"", ""높이(H)"": ""562mm"", ""파워 장착 길이"": ""385mm"", ""파워 위치"": ""상단"", ""라디에이터(후면)"": ""최대280mm, 240mm"", ""라디에이터(하단)"": ""최대140mm, 120mm"", ""[부가기능]"": ""[부가기능]"", ""외부 LED"": ""O"", ""팬 컨트롤"": ""O"", ""RGB 컨트롤"": ""O"", ""리모컨"": ""O"", ""적합성평가인증"": ""상세설명 / 판매 사이트 문의인증번호 확인"", ""안전확인인증"": ""상세설명 / 판매 사이트 문의인증번호 확인""}"
케이스,20737172,"{""제조회사"": ""앱코"", ""등록년월"": ""2023년 06월"", ""제품 분류"": ""ATX 케이스"", ""E-ATX"": ""O"", ""ATX"": ""O"", ""M-ATX"": ""O"", ""ITX"": ""O"", ""VGA 길이"": ""445mm"", ""CPU쿨러 높이"": ""190mm"", ""케이스 크기"": ""빅타워"", ""8.9cm베이"": ""2개"", ""6.4cm베이"": ""4개"", ""저장장치 장착"": ""최대 4개"", ""PCI 슬롯(수평)"": ""7개"", ""전면 패널 타입"": ""강화유리"", ""측면 패널 타입"": ""강화유리"", ""쿨링팬"": ""총4개"", ""후면"": ""120mm x2"", ""전면"": ""200mm x2"", ""USB2.0"": ""O"", ""USB3.x 5Gbps"": ""O"", ""너비(W)"": ""260mm"", ""깊이(D)"": ""500mm"", ""높이(H)"": ""548mm"", ""지원파워규격"": ""표준-ATX"", ""파워 장착 길이"": ""310mm"", ""파워 위치"": ""상단"", ""수랭쿨러 규격"": ""최대3열 지원"", ""라디에이터(후면)"": ""최대240mm"", ""라디에이터(측면)"": ""최대360mm"", ""라디에이터(하단)"": ""최대360mm"", ""[부가기능]"": ""[부가기능]"", ""RGB 컨트롤"": ""O"", ""적합성평가인증"": ""상세설명 / 판매 사이트 문의인증번호 확인"", ""안전확인인증"": ""상세설명 / 판매 사이트 문의인증번호 확인""}"
케이스,21583037,"{""제조회사"": ""앱코"", ""등록년월"": ""2023년 07월"", ""제품 분류"": ""ATX 케이스"", ""ATX"": ""O"", ""M-ATX"": ""O"", ""M-ITX"": ""O"", ""VGA 길이"": ""245~410mm"", ""CPU쿨러 높이"": ""185mm"", ""케이스 크기"": ""미들타워"", ""8.9cm베이"": ""2개"", ""6.4cm베이"": ""4개"", ""저장장치 장착"": ""최대 4개"", ""전면 패널 타입"": ""강화유리"", ""측면 패널 타입"": ""강화유리"", ""먼지필터"": ""부분"", ""쿨링팬"": ""총1개"", ""LED팬"": ""1개"", ""후면"": ""140mm LED x1"", ""USB3.x 5Gbps"": ""O"", ""USB C타입 5Gbps"": ""O"", ""너비(W)"": ""440mm"", ""깊이(D)"": ""235mm"", ""높이(H)"": ""517mm"", ""파워 장착 길이"": ""220~250mm"", ""파워 위치"": ""하단후면"", ""수랭쿨러 규격"": ""최대3열 지원"", ""라디에이터(상단)"": ""최대360mm, 280mm"", ""라디에이터(후면)"": ""최대140mm, 120mm"", ""라디에이터(측면)"": ""최대360mm, 280mm"", ""적합성평가인증"": ""상세설명 / 판매 사이트 문의인증번호 확인"", ""안전확인인증"": ""상세설명 / 판매 사이트 문의인증번호 확인""}"
케이스,21583046,"{""제조회사"": ""앱코"", ""등록년월"": ""2023년 07월"", ""제품 분류"": ""ATX 케이스"", ""ATX"": ""O"", ""M-ATX"": ""O"", ""M-ITX"": ""O"", ""VGA 길이"": ""245~410mm"", ""CPU쿨러 높이"": ""185mm"", ""케이스 크기"": ""미들타워"", ""8.9cm베이"": ""2개"", ""6.4cm베이"": ""4개"", ""저장장치 장착"": ""최대 4개"", ""전면 패널 타입"": ""강화유리"", ""측면 패널 타입"": ""강화유리"", ""먼지필터"": ""부분"", ""쿨링팬"": ""총1개"", ""LED팬"": ""1개"", ""후면"": ""140mm LED x1"", ""USB3.x 5Gbps"": ""O"", ""USB C타입 5Gbps"": ""O"", ""너비(W)"": ""440mm"", ""깊이(D)"": ""235mm"", ""높이(H)"": ""517mm"", ""파워 장착 길이"": ""220~250mm"", ""파워 위치"": ""하단후면"", ""수랭쿨러 규격"": ""최대3열 지원"", ""라디에이터(상단)"": ""최대360mm, 280mm"", ""라디에이터(후면)"": ""최대140mm, 120mm"", ""라디에이터(측면)"": ""최대360mm, 280mm"", ""적합성평가인증"": ""상세설명 / 판매 사이트 문의인증번호 확인"", ""안전확인인증"": ""상세설명 / 판매 사이트 문의인증번호 확인""}"
케이스,26516222,"{""제조회사"": ""앱코"", ""등록년월"": ""2023년 08월"", ""제품 분류"": ""ATX 케이스"", ""E-ATX"": ""O"", ""ATX"": ""O"", ""M-ATX"": ""O"", ""ITX"": ""O"", ""VGA 길이"": ""405mm"", ""CPU쿨러 높이"": ""170mm"", ""케이스 크기"": ""빅타워"", ""8.9cm베이"": ""4개"", ""6.4cm베이"": ""5개"", ""저장장치 장착"": ""최대 9개"", ""PCI 슬롯(수평)"": ""8개"", ""PCI 슬롯(수직)"": ""2개"", ""전면 패널 타입"": ""일반(솔리드)"", ""측면 패널 타입"": ""강화유리"", ""먼지필터"": ""부분"", ""쿨링팬"": ""총4개"", ""후면"": ""120mm x1"", ""전면"": ""120mm x3"", ""USB3.x 5Gbps"": ""O"", ""USB C타입 5Gbps"": ""O"", ""너비(W)"": ""232mm"", ""깊이(D)"": ""510mm"", ""높이(H)"": ""520mm"", ""지원파워규격"": ""표준-ATX"", ""파워 장착 길이"": ""260~400mm"", ""수랭쿨러 규격"": ""최대3열 지원"", ""라디에이터(상단)"": ""최대360mm, 280mm"", ""라디에이터(전면)"": ""최대360mm, 280mm"", ""라디에이터(후면)"": ""최대120mm"", ""적합성평가인증"": ""상세설명 / 판매 사이트 문의인증번호 확인"", ""안전확인인증"": ""상세설명 / 판매 사이트 문의인증번호 확인""}"
케이스,27762230,"{""제조회사"": ""앱코"", ""등록년월"": ""2023년 08월"", ""제품 분류"": ""M-ATX 케이스"", ""M-ATX"": ""O"", ""M-ITX"": ""O"", ""VGA 길이"": ""325mm"", ""CPU쿨러 높이"": ""157mm"", ""케이스 크기"": ""미니타워"", ""8.9cm베이"": ""2개"", ""6.4cm베이"": ""2개"", ""저장장치 장착"": ""최대 4개"", ""PCI 슬롯(수평)"": ""4개"", ""전면 패널 타입"": ""메쉬"", ""측면 패널 타입"": ""강화유리"", ""측면 개폐 방식"": ""스윙도어"", ""먼지필터"": ""부분"", ""쿨링팬"": ""총3개"", ""LED팬"": ""3개"", ""후면"": ""120mm LED x1"", ""전면"": ""140mm LED x2"", ""USB2.0"": ""O"", ""USB3.x 5Gbps"": ""O"", ""너비(W)"": ""200mm"", ""깊이(D)"": ""370mm"", ""높이(H)"": ""425mm"", ""지원파워규격"": ""표준-ATX"", ""파워 장착 길이"": ""140~200mm"", ""파워 위치"": ""하단후면"", ""수랭쿨러 규격"": ""최대2열 지원"", ""라디에이터(상단)"": ""최대140mm, 120mm"", ""라디에이터(전면)"": ""최대280mm, 240mm"", ""라디에이터(후면)"": ""최대120mm"", ""적합성평가인증"": ""상세설명 / 판매 사이트 문의인증번호 확인"", ""안전확인인증"": ""상세설명 / 판매 사이트 문의인증번호 확인""}"
케이스,27922283,"{""제조회사"": ""앱코"", ""등록년월"": ""2023년 08월"", ""제품 분류"": ""M-ATX 케이스"", ""M-ATX"": ""O"", ""M-ITX"": ""O"", ""VGA 길이"": ""260mm"", ""CPU쿨러 높이"": ""145mm"", ""케이스 크기"": ""미니타워"", ""8.9cm베이"": ""2개"", ""6.4cm베이"": ""1개"", ""저장장치 장착"": ""최대 3개"", ""PCI 슬롯(수평)"": ""3개"", ""측면 패널 타입"": ""통풍구"", ""쿨링팬"": ""총1개"", ""후면"": ""92mm x1"", ""USB2.0"": ""O"", ""USB3.x 5Gbps"": ""O"", ""너비(W)"": ""165mm"", ""깊이(D)"": ""280mm"", ""높이(H)"": ""350mm"", ""지원파워규격"": ""표준-ATX"", ""파워 장착 길이"": ""140~275mm"", ""파워 위치"": ""상단"", ""적합성평가인증"": ""상세설명 / 판매 사이트 문의인증번호 확인"", ""안전확인인증"": ""상세설명 / 판매 사이트 문의인증번호 확인""}"
케이스,27922328,"{""제조회사"": ""앱코"", ""등록년월"": ""2023년 08월"", ""제품 분류"": ""M-ATX 케이스"", ""M-ATX"": ""O"", ""M-ITX"": ""O"", ""VGA 길이"": ""260mm"", ""CPU쿨러 높이"": ""145mm"", ""케이스 크기"": ""미니타워"", ""8.9cm베이"": ""2개"", ""6.4cm베이"": ""1개"", ""저장장치 장착"": ""최대 3개"", ""PCI 슬롯(수평)"": ""3개"", ""측면 패널 타입"": ""통풍구"", ""쿨링팬"": ""총1개"", ""후면"": ""92mm x1"", ""USB2.0"": ""O"", ""USB3.x 5Gbps"": ""O"", ""너비(W)"": ""165mm"", ""깊이(D)"": ""280mm"", ""높이(H)"": ""350mm"", ""지원파워규격"": ""표준-ATX"", ""파워 장착 길이"": ""140~275mm"", ""파워 위치"": ""상단"", ""적합성평가인증"": ""상세설명 / 판매 사이트 문의인증번호 확인"", ""안전확인인증"": ""상세설명 / 판매 사이트 문의인증번호 확인""}"
케이스,28058570,"{""제조회사"": ""앱코"", ""등록년월"": ""2023년 09월"", ""제품 분류"": ""ATX 케이스"", ""ATX"": ""O"", ""M-ATX"": ""O"", ""M-ITX"": ""O"", ""VGA 길이"": ""300mm"", ""CPU쿨러 높이"": ""160mm"", ""케이스 크기"": ""미들타워"", ""8.9cm베이"": ""1개"", ""6.4cm베이"": ""2개"", ""PCI 슬롯(수평)"": ""7개"", ""전면 패널 타입"": ""메쉬"", ""측면 패널 타입"": ""아크릴"", ""먼지필터"": ""부분"", ""쿨링팬"": ""총4개"", ""LED팬"": ""4개"", ""후면"": ""120mm LED X1"", ""전면"": ""120mm LED X3"", ""USB2.0"": ""O"", ""USB3.x 5Gbps"": ""O"", ""너비(W)"": ""205mm"", ""깊이(D)"": ""350mm"", ""높이(H)"": ""445mm"", ""지원파워규격"": ""표준-ATX"", ""파워 장착 길이"": ""140~150mm"", ""파워 위치"": ""하단후면"", ""수랭쿨러 규격"": ""최대2열 지원"", ""라디에이터(전면)"": ""최대280mm, 240mm"", ""라디에이터(후면)"": ""최대120mm"", ""[변경사항]"": ""[변경사항]"", ""적합성평가인증"": ""상세설명 / 판매 사이트 문의인증번호 확인"", ""안전확인인증"": ""상세설명 / 판매 사이트 문의인증번호 확인""}"
케이스,29309942,"{""제조회사"": ""앱코"", ""등록년월"": ""2023년 10월"", ""제품 분류"": ""ATX 케이스"", ""ATX"": ""O"", ""M-ATX"": ""O"", ""M-ITX"": ""O"", ""VGA 길이"": ""300mm"", ""CPU쿨러 높이"": ""160mm"", ""케이스 크기"": ""미들타워"", ""8.9cm베이"": ""1개"", ""6.4cm베이"": ""2개"", ""저장장치 장착"": ""최대 3개"", ""PCI 슬롯(수평)"": ""7개"", ""전면 패널 타입"": ""메쉬"", ""측면 패널 타입"": ""아크릴"", ""먼지필터"": ""부분"", ""쿨링팬"": ""총4개"", ""LED팬"": ""4개"", ""후면"": ""120mm LED X1"", ""전면"": ""120mm LED X3"", ""USB2.0"": ""O"", ""USB3.x 5Gbps"": ""O"", ""너비(W)"": ""205mm"", ""깊이(D)"": ""350mm"", ""높이(H)"": ""445mm"", ""지원파워규격"": ""표준-ATX"", ""파워 장착 길이"": ""140~150mm"", ""파워 위치"": ""하단후면"", ""수랭쿨러 규격"": ""최대2열 지원"", ""라디에이터(전면)"": ""최대280mm, 240mm"", ""라디에이터(후면)"": ""최대120mm"", ""적합성평가인증"": ""상세설명 / 판매 사이트 문의인증번호 확인"", ""안전확인인증"": ""상세설명 / 판매 사이트 문의인증번호 확인""}"
케이스,29905487,"{""제조회사"": ""앱코"", ""등록년월"": ""2023년 11월"", ""제품 분류"": ""ATX 케이스"", ""ATX"": ""O"", ""M-ATX"": ""O"", ""ITX"": ""O"", ""VGA 길이"": ""385mm"", ""CPU쿨러 높이"": ""190mm"", ""케이스 크기"": ""미들타워"", ""8.9cm베이"": ""2개"", ""6.4cm베이"": ""2개"", ""저장장치 장착"": ""최대 4개"", ""PCI 슬롯(수평)"": ""7개"", ""PCI 슬롯(수직)"": ""3개"", ""전면 패널 타입"": ""메쉬"", ""측면 패널 타입"": ""강화유리"", ""먼지필터"": ""부분"", ""쿨링팬"": ""총4개"", ""LED팬"": ""4개"", ""후면"": ""140mm LED x1"", ""전면"": ""140mm LED x 3"", ""USB2.0"": ""O"", ""USB3.x 5Gbps"": ""O"", ""USB C타입 5Gbps"": ""O"", ""너비(W)"": ""250mm"", ""깊이(D)"": ""487mm"", ""높이(H)"": ""495mm"", ""지원파워규격"": ""표준-ATX"", ""파워 장착 길이"": ""145~250mm"", ""파워 위치"": ""하단후면"", ""수랭쿨러 규격"": ""최대3열 지원"", ""라디에이터(상단)"": ""최대360mm, 280mm"", ""라디에이터(전면)"": ""최대360mm, 280mm"", ""라디에이터(후면)"": ""최대140mm, 120mm"", ""[부가기능]"": ""[부가기능]"", ""LED 색상"": ""ARGB"", ""적합성평가인증"": ""상세설명 / 판매 사이트 문의인증번호 확인"", ""안전확인인증"": ""상세설명 / 판매 사이트 문의인증번호 확인""}"
케이스,30140324,"{""제조회사"": ""앱코"", ""등록년월"": ""2023년 11월"", ""제품 분류"": ""ATX 케이스"", ""E-ATX"": ""O"", ""ATX"": ""O"", ""M-ATX"": ""O"", ""ITX"": ""O"", ""VGA 길이"": ""315mm"", ""CPU쿨러 높이"": ""190mm"", ""케이스 크기"": ""빅타워"", ""8.9cm베이"": ""2개"", ""6.4cm베이"": ""3개"", ""저장장치 장착"": ""최대 3개"", ""PCI 슬롯(수평)"": ""9개"", ""전면 패널 타입"": ""일반(솔리드)"", ""측면 패널 타입"": ""강화유리"", ""쿨링팬"": ""총6개"", ""후면"": ""120mm x2"", ""하단"": ""120mm x2"", ""내부 상단"": ""120mm x2"", ""USB2.0"": ""O"", ""USB3.x 5Gbps"": ""O"", ""너비(W)"": ""262mm"", ""깊이(D)"": ""370mm"", ""높이(H)"": ""567mm"", ""지원파워규격"": ""표준-ATX"", ""파워 장착 길이"": ""300mm"", ""파워 위치"": ""상단"", ""수랭쿨러 규격"": ""최대2열 지원"", ""라디에이터(상단)"": ""최대280mm, 240mm"", ""라디에이터(후면)"": ""최대280mm, 240mm"", ""라디에이터(하단)"": ""최대240mm"", ""[부가기능]"": ""[부가기능]"", ""팬 컨트롤"": ""O"", ""RGB 컨트롤"": ""O"", ""LED 색상"": ""ARGB"", ""[변경사항]"": ""[변경사항]"", ""적합성평가인증"": ""상세설명 / 판매 사이트 문의인증번호 확인"", ""안전확인인증"": ""상세설명 / 판매 사이트 문의인증번호 확인""}"
케이스,31412510,"{""제조회사"": ""앱코"", ""등록년월"": ""2023년 12월"", ""제품 분류"": ""M-ATX 케이스"", ""M-ATX"": ""O"", ""M-ITX"": ""O"", ""VGA 길이"": ""260mm"", ""CPU쿨러 높이"": ""135mm"", ""케이스 크기"": ""미니타워"", ""8.9cm베이"": ""2개"", ""6.4cm베이"": ""2개"", ""저장장치 장착"": ""최대 2개"", ""PCI 슬롯(수평)"": ""4개"", ""전면 패널 타입"": ""일반(솔리드)"", ""측면 패널 타입"": ""통풍구"", ""쿨링팬"": ""총1개"", ""후면"": ""80mm x1"", ""USB2.0"": ""O"", ""USB3.x 5Gbps"": ""O"", ""너비(W)"": ""160mm"", ""깊이(D)"": ""284mm"", ""높이(H)"": ""350mm"", ""지원파워규격"": ""표준-ATX"", ""파워 장착 길이"": ""250mm"", ""파워 위치"": ""상단"", ""적합성평가인증"": ""상세설명 / 판매 사이트 문의인증번호 확인"", ""안전확인인증"": ""상세설명 / 판매 사이트 문의인증번호 확인""}"
케이스,31412546,"{""제조회사"": ""앱코"", ""등록년월"": ""2023년 12월"", ""제품 분류"": ""M-ATX 케이스"", ""M-ATX"": ""O"", ""M-ITX"": ""O"", ""VGA 길이"": ""260mm"", ""CPU쿨러 높이"": ""135mm"", ""케이스 크기"": ""미니타워"", ""8.9cm베이"": ""2개"", ""6.4cm베이"": ""2개"", ""저장장치 장착"": ""최대 2개"", ""PCI 슬롯(수평)"": ""4개"", ""전면 패널 타입"": ""일반(솔리드)"", ""측면 패널 타입"": ""통풍구"", ""쿨링팬"": ""총1개"", ""후면"": ""80mm x1"", ""USB2.0"": ""O"", ""USB3.x 5Gbps"": ""O"", ""너비(W)"": ""160mm"", ""깊이(D)"": ""284mm"", ""높이(H)"": ""350mm"", ""지원파워규격"": ""표준-ATX"", ""파워 장착 길이"": ""250mm"", ""파워 위치"": ""상단"", ""적합성평가인증"": ""상세설명 / 판매 사이트 문의인증번호 확인"", ""안전확인인증"": ""상세설명 / 판매 사이트 문의인증번호 확인""}"
케이스,31413674,"{""제조회사"": ""darkFlash"", ""등록년월"": ""2023년 12월"", ""제품 분류"": ""ATX 케이스"", ""ATX"": ""O"", ""M-ATX"": ""O"", ""M-ITX"": ""O"", ""VGA 길이"": ""355mm"", ""CPU쿨러 높이"": ""180mm"", ""케이스 크기"": ""미들타워"", ""8.9cm베이"": ""2개"", ""6.4cm베이"": ""1개"", ""저장장치 장착"": ""최대 2개"", ""PCI 슬롯(수평)"": ""7개"", ""전면 패널 타입"": ""메쉬"", ""측면 패널 타입"": ""강화유리"", ""쿨링팬"": ""총4개"", ""LED팬"": ""4개"", ""후면"": ""120mm LED x1"", ""전면"": ""120mm LED x3"", ""USB2.0"": ""O"", ""USB3.x 5Gbps"": ""O"", ""USB C타입 10Gbps"": ""O"", ""너비(W)"": ""230mm"", ""깊이(D)"": ""396mm"", ""높이(H)"": ""462mm"", ""지원파워규격"": ""표준-ATX"", ""파워 장착 길이"": ""220mm"", ""수랭쿨러 규격"": ""최대2열 지원"", ""라디에이터(상단)"": ""최대240mm, 140mm"", ""라디에이터(전면)"": ""최대240mm, 140mm"", ""라디에이터(후면)"": ""최대120mm"", ""[부가기능]"": ""[부가기능]"", ""LED 색상"": ""RGB"", ""적합성평가인증"": ""상세설명 / 판매 사이트 문의인증번호 확인"", ""안전확인인증"": ""상세설명 / 판매 사이트 문의인증번호 확인""}"
케이스,31413680,"{""제조회사"": ""darkFlash"", ""등록년월"": ""2023년 12월"", ""제품 분류"": ""ATX 케이스"", ""ATX"": ""O"", ""M-ATX"": ""O"", ""M-ITX"": ""O"", ""VGA 길이"": ""355mm"", ""CPU쿨러 높이"": ""180mm"", ""케이스 크기"": ""미들타워"", ""8.9cm베이"": ""2개"", ""6.4cm베이"": ""1개"", ""저장장치 장착"": ""최대 2개"", ""PCI 슬롯(수평)"": ""7개"", ""전면 패널 타입"": ""메쉬"", ""측면 패널 타입"": ""강화유리"", ""쿨링팬"": ""총4개"", ""LED팬"": ""4개"", ""후면"": ""120mm LED x1"", ""전면"": ""120mm LED x3"", ""USB2.0"": ""O"", ""USB3.x 5Gbps"": ""O"", ""USB C타입 10Gbps"": ""O"", ""너비(W)"": ""230mm"", ""깊이(D)"": ""396mm"", ""높이(H)"": ""462mm"", ""지원파워규격"": ""표준-ATX"", ""파워 장착 길이"": ""220mm"", ""수랭쿨러 규격"": ""최대2열 지원"", ""라디에이터(상단)"": ""최대240mm, 140mm"", ""라디에이터(전면)"": ""최대240mm, 140mm"", ""라디에이터(후면)"": ""최대120mm"", ""[부가기능]"": ""[부가기능]"", ""LED 색상"": ""RGB"", ""적합성평가인증"": ""상세설명 / 판매 사이트 문의인증번호 확인"", ""안전확인인증"": ""상세설명 / 판매 사이트 문의인증번호 확인""}"
케이스,31646423,"{""제조회사"": ""앱코"", ""등록년월"": ""2023년 12월"", ""제품 분류"": ""ATX 케이스"", ""ATX"": ""O"", ""M-ATX"": ""O"", ""M-ITX"": ""O"", ""VGA 길이"": ""325mm"", ""CPU쿨러 높이"": ""160mm"", ""케이스 크기"": ""미들타워"", ""8.9cm베이"": ""2개"", ""저장장치 장착"": ""최대 2개"", ""PCI 슬롯(수평)"": ""7개"", ""전면 패널 타입"": ""메쉬"", ""측면 패널 타입"": ""강화유리"", ""먼지필터"": ""부분"", ""쿨링팬"": ""총6개"", ""LED팬"": ""4개"", ""후면"": ""120mm LED x1"", ""전면"": ""120mm LED x3"", ""상단"": ""120mm x2"", ""USB2.0"": ""O"", ""USB3.x 5Gbps"": ""O"", ""너비(W)"": ""200mm"", ""깊이(D)"": ""375mm"", ""높이(H)"": ""453mm"", ""지원파워규격"": ""표준-ATX"", ""수랭쿨러 규격"": ""최대2열 지원"", ""라디에이터(상단)"": ""최대280mm, 240mm"", ""라디에이터(전면)"": ""최대280mm, 240mm"", ""라디에이터(후면)"": ""최대120mm"", ""[부가기능]"": ""[부가기능]"", ""LED 색상"": ""RGB"", ""적합성평가인증"": ""상세설명 / 판매 사이트 문의인증번호 확인"", ""안전확인인증"": ""상세설명 / 판매 사이트 문의인증번호 확인""}"
케이스,31646468,"{""제조회사"": ""앱코"", ""등록년월"": ""2023년 12월"", ""제품 분류"": ""ATX 케이스"", ""ATX"": ""O"", ""M-ATX"": ""O"", ""M-ITX"": ""O"", ""VGA 길이"": ""325mm"", ""CPU쿨러 높이"": ""160mm"", ""케이스 크기"": ""미들타워"", ""8.9cm베이"": ""2개"", ""저장장치 장착"": ""최대 2개"", ""PCI 슬롯(수평)"": ""7개"", ""전면 패널 타입"": ""메쉬"", ""측면 패널 타입"": ""강화유리"", ""먼지필터"": ""부분"", ""쿨링팬"": ""총6개"", ""LED팬"": ""4개"", ""후면"": ""120mm LED x1"", ""전면"": ""120mm LED x3"", ""상단"": ""120mm x2"", ""USB2.0"": ""O"", ""USB3.x 5Gbps"": ""O"", ""너비(W)"": ""200mm"", ""깊이(D)"": ""375mm"", ""높이(H)"": ""453mm"", ""지원파워규격"": ""표준-ATX"", ""수랭쿨러 규격"": ""최대2열 지원"", ""라디에이터(상단)"": ""최대280mm, 240mm"", ""라디에이터(전면)"": ""최대280mm, 240mm"", ""라디에이터(후면)"": ""최대120mm"", ""[부가기능]"": ""[부가기능]"", ""LED 색상"": ""RGB"", ""적합성평가인증"": ""상세설명 / 판매 사이트 문의인증번호 확인"", ""안전확인인증"": ""상세설명 / 판매 사이트 문의인증번호 확인""}"
케이스,31986053,"{""제조회사"": ""앱코"", ""등록년월"": ""2024년 01월"", ""제품 분류"": ""ATX 케이스"", ""ATX"": ""O"", ""M-ATX"": ""O"", ""M-ITX"": ""O"", ""VGA 길이"": ""360mm"", ""CPU쿨러 높이"": ""165mm"", ""케이스 크기"": ""미들타워"", ""8.9cm베이"": ""2개"", ""6.4cm베이"": ""2개"", ""저장장치 장착"": ""최대 4개"", ""PCI 슬롯(수평)"": ""7개"", ""전면 패널 타입"": ""메쉬"", ""측면 패널 타입"": ""강화유리"", ""쿨링팬"": ""총6개"", ""LED팬"": ""4개"", ""후면"": ""120mm LED x1"", ""전면"": ""120mm LED x3"", ""상단"": ""120mm x2"", ""USB2.0"": ""O"", ""USB3.x 5Gbps"": ""O"", ""너비(W)"": ""210mm"", ""깊이(D)"": ""420mm"", ""높이(H)"": ""450mm"", ""지원파워규격"": ""표준-ATX"", ""파워 장착 길이"": ""220mm"", ""파워 위치"": ""하단후면"", ""수랭쿨러 규격"": ""최대3열 지원"", ""라디에이터(상단)"": ""최대240mm"", ""라디에이터(전면)"": ""최대360mm, 280mm"", ""라디에이터(후면)"": ""최대120mm"", ""[부가기능]"": ""[부가기능]"", ""LED 색상"": ""RGB"", ""적합성평가인증"": ""상세설명 / 판매 사이트 문의인증번호 확인"", ""안전확인인증"": ""상세설명 / 판매 사이트 문의인증번호 확인""}"
케이스,32861099,"{""제조회사"": ""darkFlash"", ""등록년월"": ""2024년 01월"", ""제품 분류"": ""ATX 케이스"", ""ATX"": ""O"", ""M-ATX"": ""O"", ""M-ITX"": ""O"", ""VGA 길이"": ""425mm"", ""CPU쿨러 높이"": ""170mm"", ""케이스 크기"": ""미들타워"", ""8.9cm베이"": ""1개"", ""6.4cm베이"": ""2개"", ""저장장치 장착"": ""최대 3개"", ""PCI 슬롯(수평)"": ""7개"", ""전면 패널 타입"": ""강화유리"", ""측면 패널 타입"": ""강화유리"", ""먼지필터"": ""전체"", ""쿨링팬"": ""총4개"", ""LED팬"": ""4개"", ""후면"": ""120mm LED x1"", ""내부 측면"": ""120mm LED x3"", ""USB2.0"": ""O"", ""USB3.x 5Gbps"": ""O"", ""USB C타입 5Gbps"": ""O"", ""너비(W)"": ""218mm"", ""깊이(D)"": ""434mm"", ""높이(H)"": ""454mm"", ""지원파워규격"": ""표준-ATX"", ""파워 장착 길이"": ""260mm"", ""파워 위치"": ""하단후면"", ""수랭쿨러 규격"": ""최대3열 지원"", ""라디에이터(상단)"": ""최대360mm"", ""라디에이터(후면)"": ""최대120mm"", ""라디에이터(측면)"": ""최대240mm"", ""[부가기능]"": ""[부가기능]"", ""LED 색상"": ""ARGB"", ""[변경사항]"": ""[변경사항]"", ""적합성평가인증"": ""상세설명 / 판매 사이트 문의인증번호 확인"", ""안전확인인증"": ""상세설명 / 판매 사이트 문의인증번호 확인""}"
케이스,32861129,"{""제조회사"": ""darkFlash"", ""등록년월"": ""2024년 01월"", ""제품 분류"": ""ATX 케이스"", ""ATX"": ""O"", ""M-ATX"": ""O"", ""M-ITX"": ""O"", ""VGA 길이"": ""425mm"", ""CPU쿨러 높이"": ""170mm"", ""케이스 크기"": ""미들타워"", ""8.9cm베이"": ""1개"", ""6.4cm베이"": ""2개"", ""저장장치 장착"": ""최대 3개"", ""PCI 슬롯(수평)"": ""7개"", ""전면 패널 타입"": ""강화유리"", ""측면 패널 타입"": ""강화유리"", ""먼지필터"": ""전체"", ""쿨링팬"": ""총4개"", ""LED팬"": ""4개"", ""후면"": ""120mm LED x1"", ""내부 측면"": ""120mm LED x3"", ""USB2.0"": ""O"", ""USB3.x 5Gbps"": ""O"", ""USB C타입 5Gbps"": ""O"", ""너비(W)"": ""218mm"", ""깊이(D)"": ""434mm"", ""높이(H)"": ""454mm"", ""지원파워규격"": ""표준-ATX"", ""파워 장착 길이"": ""260mm"", ""파워 위치"": ""하단후면"", ""수랭쿨러 규격"": ""최대3열 지원"", ""라디에이터(상단)"": ""최대360mm"", ""라디에이터(후면)"": ""최대120mm"", ""라디에이터(측면)"": ""최대240mm"", ""[부가기능]"": ""[부가기능]"", ""LED 색상"": ""ARGB"", ""[변경사항]"": ""[변경사항]"", ""적합성평가인증"": ""상세설명 / 판매 사이트 문의인증번호 확인"", ""안전확인인증"": ""상세설명 / 판매 사이트 문의인증번호 확인""}"
케이스,32865761,"{""제조회사"": ""앱코"", ""등록년월"": ""2024년 01월"", ""제품 분류"": ""ATX 케이스"", ""ATX"": ""O"", ""M-ATX"": ""O"", ""M-ITX"": ""O"", ""VGA 길이"": ""320mm"", ""CPU쿨러 높이"": ""160mm"", ""케이스 크기"": ""미들타워"", ""8.9cm베이"": ""1개"", ""6.4cm베이"": ""1개"", ""저장장치 장착"": ""최대 2개"", ""PCI 슬롯(수평)"": ""7개"", ""전면 패널 타입"": ""강화유리"", ""측면 패널 타입"": ""강화유리"", ""쿨링팬"": ""총3개"", ""LED팬"": ""3개"", ""후면"": ""120mm LED x1"", ""상단"": ""120mm LED x2"", ""USB2.0"": ""O"", ""USB3.x 5Gbps"": ""O"", ""너비(W)"": ""212mm"", ""깊이(D)"": ""334mm"", ""높이(H)"": ""485mm"", ""지원파워규격"": ""표준-ATX"", ""파워 장착 길이"": ""160mm"", ""파워 위치"": ""하단후면"", ""수랭쿨러 규격"": ""최대2열 지원"", ""라디에이터(상단)"": ""최대280mm, 240mm"", ""라디에이터(후면)"": ""최대120mm"", ""[부가기능]"": ""[부가기능]"", ""LED 색상"": ""RGB"", ""적합성평가인증"": ""상세설명 / 판매 사이트 문의인증번호 확인"", ""안전확인인증"": ""상세설명 / 판매 사이트 문의인증번호 확인""}"
케이스,34336412,"{""제조회사"": ""앱코"", ""등록년월"": ""2024년 01월"", ""제품 분류"": ""M-ATX 케이스"", ""M-ATX"": ""O"", ""M-ATX (후면커넥터)"": ""O"", ""M-ITX"": ""O"", ""VGA 길이"": ""390mm"", ""CPU쿨러 높이"": ""168mm"", ""케이스 크기"": ""미니타워"", ""BTF"": ""O"", ""8.9cm베이"": ""1개"", ""6.4cm베이"": ""1개"", ""저장장치 장착"": ""최대 2개"", ""PCI 슬롯(수평)"": ""5개"", ""전면 패널 타입"": ""강화유리"", ""측면 패널 타입"": ""강화유리"", ""쿨링팬"": ""총4개"", ""LED팬"": ""4개"", ""후면"": ""140mm LED x1"", ""내부 측면"": ""120mm LED x3"", ""USB3.x 5Gbps"": ""O"", ""USB C타입 5Gbps"": ""O"", ""너비(W)"": ""235mm"", ""깊이(D)"": ""465mm"", ""높이(H)"": ""430mm"", ""지원파워규격"": ""표준-ATX"", ""파워 장착 길이"": ""260mm"", ""파워 위치"": ""하단후면"", ""수랭쿨러 규격"": ""최대3열 지원"", ""라디에이터(상단)"": ""최대360mm, 280mm"", ""라디에이터(후면)"": ""최대140mm, 120mm"", ""[부가기능]"": ""[부가기능]"", ""LED 색상"": ""ARGB"", ""적합성평가인증"": ""상세설명 / 판매 사이트 문의인증번호 확인"", ""안전확인인증"": ""상세설명 / 판매 사이트 문의인증번호 확인""}"
케이스,36155537,"{""제조회사"": ""앱코"", ""등록년월"": ""2024년 02월"", ""E-ATX"": ""O"", ""ATX"": ""O"", ""M-ATX"": ""O"", ""M-ITX"": ""O"", ""VGA 길이"": ""420mm"", ""CPU쿨러 높이"": ""235mm"", ""케이스 크기"": ""빅타워"", ""8.9cm베이"": ""2개"", ""PCI 슬롯(수평)"": ""7개"", ""측면 패널 타입"": ""강화유리"", ""쿨링팬"": ""총4개"", ""LED팬"": ""4개"", ""후면"": ""200mm LED x2"", ""전면"": ""200mm LED x2"", ""USB3.x 5Gbps"": ""O"", ""USB C타입 5Gbps"": ""O"", ""사운드"": ""HD AUDIO"", ""너비(W)"": ""365mm"", ""높이(H)"": ""645mm"", ""깊이(D)"": ""510mm"", ""지원파워규격"": ""표준-ATX"", ""파워 장착 길이"": ""350mm"", ""파워 위치"": ""하단"", ""라디에이터(상단)"": ""최대360mm"", ""라디에이터(측면)"": ""최대360mm"", ""라디에이터(하단)"": ""최대120mm"", ""[부가기능]"": ""[부가기능]"", ""RGB 컨트롤"": ""O"", ""리모컨"": ""O"", ""LED 색상"": ""RGB"", ""적합성평가인증"": ""상세설명 / 판매 사이트 문의인증번호 확인"", ""안전확인인증"": ""상세설명 / 판매 사이트 문의인증번호 확인""}"
케이스,36155783,"{""제조회사"": ""앱코"", ""등록년월"": ""2024년 02월"", ""M-ATX"": ""O"", ""M-ITX"": ""O"", ""VGA 길이"": ""310mm"", ""CPU쿨러 높이"": ""130mm"", ""케이스 크기"": ""미니타워"", ""8.9cm베이"": ""1개"", ""6.4cm베이"": ""1개"", ""저장장치 장착"": ""최대 2개"", ""PCI 슬롯(수평)"": ""4개"", ""전면 패널 타입"": ""강화유리"", ""측면 패널 타입"": ""강화유리"", ""먼지필터"": ""부분"", ""쿨링팬"": ""총3개"", ""LED팬"": ""3개"", ""전면"": ""120mm LED x3"", ""USB3.x 5Gbps"": ""O"", ""USB C타입 5Gbps"": ""O"", ""사운드"": ""HD AUDIO"", ""너비(W)"": ""160mm"", ""높이(H)"": ""500mm"", ""깊이(D)"": ""390mm"", ""지원파워규격"": ""표준-ATX"", ""파워 장착 길이"": ""185mm"", ""파워 위치"": ""하단후면"", ""라디에이터(전면)"": ""최대240mm"", ""[부가기능]"": ""[부가기능]"", ""RGB 컨트롤"": ""O"", ""리모컨"": ""O"", ""LED 색상"": ""RGB"", ""적합성평가인증"": ""상세설명 / 판매 사이트 문의인증번호 확인"", ""안전확인인증"": ""상세설명 / 판매 사이트 문의인증번호 확인""}"
케이스,36155810,"{""제조회사"": ""앱코"", ""등록년월"": ""2024년 02월"", ""M-ATX"": ""O"", ""M-ITX"": ""O"", ""VGA 길이"": ""310mm"", ""CPU쿨러 높이"": ""130mm"", ""케이스 크기"": ""미니타워"", ""8.9cm베이"": ""1개"", ""6.4cm베이"": ""1개"", ""저장장치 장착"": ""최대 2개"", ""PCI 슬롯(수평)"": ""4개"", ""전면 패널 타입"": ""강화유리"", ""측면 패널 타입"": ""강화유리"", ""먼지필터"": ""부분"", ""쿨링팬"": ""총3개"", ""LED팬"": ""3개"", ""전면"": ""120mm LED x3"", ""USB3.x 5Gbps"": ""O"", ""USB C타입 5Gbps"": ""O"", ""사운드"": ""HD AUDIO"", ""너비(W)"": ""160mm"", ""높이(H)"": ""500mm"", ""깊이(D)"": ""390mm"", ""지원파워규격"": ""표준-ATX"", ""파워 장착 길이"": ""185mm"", ""파워 위치"": ""하단후면"", ""라디에이터(전면)"": ""최대240mm"", ""[부가기능]"": ""[부가기능]"", ""RGB 컨트롤"": ""O"", ""리모컨"": ""O"", ""LED 색상"": ""RGB"", ""적합성평가인증"": ""상세설명 / 판매 사이트 문의인증번호 확인"", ""안전확인인증"": ""상세설명 / 판매 사이트 문의인증번호 확인""}"
케이스,41495963,"{""제조회사"": ""앱코"", ""등록년월"": ""2024년 03월"", ""제품 분류"": ""ATX 케이스"", ""ATX"": ""O"", ""M-ATX"": ""O"", ""M-ITX"": ""O"", ""VGA 길이"": ""410mm"", ""CPU쿨러 높이"": ""185mm"", ""케이스 크기"": ""미들타워"", ""8.9cm베이"": ""2개"", ""PCI 슬롯(수평)"": ""8개"", ""전면 패널 타입"": ""메쉬"", ""측면 패널 타입"": ""강화유리"", ""쿨링팬"": ""총1개"", ""LED팬"": ""1개"", ""후면"": ""140mm LED x1"", ""USB3.x 5Gbps"": ""O"", ""USB C타입 10Gbps"": ""O"", ""너비(W)"": ""235mm"", ""깊이(D)"": ""468mm"", ""높이(H)"": ""517mm"", ""지원파워규격"": ""표준-ATX"", ""파워 장착 길이"": ""250mm"", ""수랭쿨러 규격"": ""최대3열 지원"", ""라디에이터(상단)"": ""최대360mm, 280mm"", ""라디에이터(전면)"": ""최대420mm, 360mm"", ""라디에이터(후면)"": ""최대140mm, 120mm"", ""[부가기능]"": ""[부가기능]"", ""LED 색상"": ""ARGB"", ""[변경사항]"": ""[변경사항]"", ""적합성평가인증"": ""상세설명 / 판매 사이트 문의인증번호 확인"", ""안전확인인증"": ""상세설명 / 판매 사이트 문의인증번호 확인""}"
케이스,49645922,"{""제조회사"": ""darkFlash"", ""등록년월"": ""2024년 04월"", ""제품 분류"": ""ATX 케이스"", ""ATX"": ""O"", ""M-ATX"": ""O"", ""M-ITX"": ""O"", ""VGA 길이"": ""395mm"", ""CPU쿨러 높이"": ""185mm"", ""케이스 크기"": ""미들타워"", ""8.9cm베이"": ""2개"", ""저장장치 장착"": ""최대 2개"", ""PCI 슬롯(수평)"": ""7개"", ""전면 패널 타입"": ""메쉬"", ""측면 패널 타입"": ""강화유리"", ""먼지필터"": ""전체"", ""쿨링팬"": ""총4개"", ""LED팬"": ""4개"", ""후면"": ""120mm LED X1"", ""전면"": ""120mm LED X3"", ""USB2.0"": ""O"", ""USB3.x 5Gbps"": ""O"", ""USB C타입 5Gbps"": ""O"", ""너비(W)"": ""230mm"", ""깊이(D)"": ""465mm"", ""높이(H)"": ""460mm"", ""지원파워규격"": ""표준-ATX"", ""파워 장착 길이"": ""280mm"", ""파워 위치"": ""하단후면"", ""수랭쿨러 규격"": ""최대3열 지원"", ""라디에이터(상단)"": ""최대360mm, 280mm"", ""라디에이터(전면)"": ""최대240mm"", ""라디에이터(후면)"": ""최대120mm"", ""라디에이터(측면)"": ""최대240mm"", ""[부가기능]"": ""[부가기능]"", ""LED 색상"": ""RGB"", ""적합성평가인증"": ""상세설명 / 판매 사이트 문의인증번호 확인"", ""안전확인인증"": ""상세설명 / 판매 사이트 문의인증번호 확인""}"
케이스,53417006,"{""제조회사"": ""darkFlash"", ""등록년월"": ""2024년 05월"", ""제품 분류"": ""ATX 케이스"", ""ATX"": ""O"", ""M-ATX"": ""O"", ""M-ITX"": ""O"", ""VGA 길이"": ""425mm"", ""CPU쿨러 높이"": ""185mm"", ""케이스 크기"": ""미들타워"", ""8.9cm베이"": ""2개"", ""저장장치 장착"": ""최대 2개"", ""PCI 슬롯(수평)"": ""7개"", ""전면 패널 타입"": ""강화유리"", ""측면 패널 타입"": ""강화유리"", ""먼지필터"": ""부분"", ""쿨링팬"": ""총3개"", ""LED팬"": ""3개"", ""후면"": ""120mm LED x1"", ""내부 측면"": ""120mm LED x2"", ""USB2.0"": ""O"", ""USB3.x 5Gbps"": ""O"", ""USB C타입 10Gbps"": ""O"", ""너비(W)"": ""240mm"", ""깊이(D)"": ""550mm"", ""높이(H)"": ""465mm"", ""지원파워규격"": ""표준-ATX"", ""파워 장착 길이"": ""280mm"", ""파워 위치"": ""하단후면"", ""수랭쿨러 규격"": ""최대3열 지원"", ""라디에이터(상단)"": ""최대360mm, 280mm"", ""라디에이터(후면)"": ""최대120mm"", ""라디에이터(측면)"": ""최대240mm"", ""[부가기능]"": ""[부가기능]"", ""LED 색상"": ""ARGB"", ""적합성평가인증"": ""상세설명 / 판매 사이트 문의인증번호 확인"", ""안전확인인증"": ""상세설명 / 판매 사이트 문의인증번호 확인""}"
케이스,53783243,"{""제조회사"": ""앱코"", ""등록년월"": ""2024년 05월"", ""제품 분류"": ""ATX 케이스"", ""ATX"": ""O"", ""M-ATX"": ""O"", ""M-ITX"": ""O"", ""VGA 길이"": ""400mm"", ""CPU쿨러 높이"": ""165mm"", ""케이스 크기"": ""미들타워"", ""8.9cm베이"": ""2개"", ""6.4cm베이"": ""1개"", ""저장장치 장착"": ""최대 3개"", ""PCI 슬롯(수평)"": ""7개"", ""전면 패널 타입"": ""강화유리"", ""측면 패널 타입"": ""강화유리"", ""측면 개폐 방식"": ""버튼"", ""먼지필터"": ""부분"", ""쿨링팬"": ""총3개"", ""LED팬"": ""3개"", ""후면"": ""120mm LED x1"", ""내부 측면"": ""120mm LED x2"", ""USB2.0"": ""O"", ""USB3.x 5Gbps"": ""O"", ""너비(W)"": ""212mm"", ""깊이(D)"": ""420mm"", ""높이(H)"": ""485mm"", ""지원파워규격"": ""표준-ATX"", ""파워 장착 길이"": ""240mm"", ""파워 위치"": ""하단후면"", ""수랭쿨러 규격"": ""최대3열 지원"", ""라디에이터(상단)"": ""최대360mm, 280mm"", ""라디에이터(후면)"": ""최대120mm"", ""[부가기능]"": ""[부가기능]"", ""LED 색상"": ""RGB"", ""적합성평가인증"": ""상세설명 / 판매 사이트 문의인증번호 확인"", ""안전확인인증"": ""상세설명 / 판매 사이트 문의인증번호 확인""}"
케이스,53783246,"{""제조회사"": ""앱코"", ""등록년월"": ""2024년 05월"", ""제품 분류"": ""ATX 케이스"", ""ATX"": ""O"", ""M-ATX"": ""O"", ""M-ITX"": ""O"", ""VGA 길이"": ""400mm"", ""CPU쿨러 높이"": ""165mm"", ""케이스 크기"": ""미들타워"", ""8.9cm베이"": ""2개"", ""6.4cm베이"": ""1개"", ""저장장치 장착"": ""최대 3개"", ""PCI 슬롯(수평)"": ""7개"", ""전면 패널 타입"": ""강화유리"", ""측면 패널 타입"": ""강화유리"", ""측면 개폐 방식"": ""버튼"", ""먼지필터"": ""부분"", ""쿨링팬"": ""총3개"", ""LED팬"": ""3개"", ""후면"": ""120mm LED x1"", ""내부 측면"": ""120mm LED x2"", ""USB2.0"": ""O"", ""USB3.x 5Gbps"": ""O"", ""너비(W)"": ""212mm"", ""깊이(D)"": ""420mm"", ""높이(H)"": ""485mm"", ""지원파워규격"": ""표준-ATX"", ""파워 장착 길이"": ""240mm"", ""파워 위치"": ""하단후면"", ""수랭쿨러 규격"": ""최대3열 지원"", ""라디에이터(상단)"": ""최대360mm, 280mm"", ""라디에이터(후면)"": ""최대120mm"", ""[부가기능]"": ""[부가기능]"", ""LED 색상"": ""RGB"", ""적합성평가인증"": ""상세설명 / 판매 사이트 문의인증번호 확인"", ""안전확인인증"": ""상세설명 / 판매 사이트 문의인증번호 확인""}"
케이스,56138000,"{""제조회사"": ""앱코"", ""등록년월"": ""2024년 06월"", ""제품 분류"": ""M-ATX 케이스"", ""M-ATX"": ""O"", ""M-ITX"": ""O"", ""VGA 길이"": ""350mm"", ""CPU쿨러 높이"": ""165mm"", ""케이스 크기"": ""미니타워"", ""8.9cm베이"": ""1개"", ""6.4cm베이"": ""2개"", ""저장장치 장착"": ""최대 3개"", ""PCI 슬롯(수평)"": ""4개"", ""전면 패널 타입"": ""강화유리"", ""측면 패널 타입"": ""강화유리"", ""측면 개폐 방식"": ""버튼"", ""먼지필터"": ""전체"", ""쿨링팬"": ""총3개"", ""LED팬"": ""3개"", ""후면"": ""120mm LED x1"", ""내부 측면"": ""120mm LED x2"", ""USB2.0"": ""O"", ""USB3.x 5Gbps"": ""O"", ""너비(W)"": ""212mm"", ""깊이(D)"": ""360mm"", ""높이(H)"": ""435mm"", ""지원파워규격"": ""표준-ATX"", ""파워 장착 길이"": ""350mm"", ""파워 위치"": ""하단후면"", ""수랭쿨러 규격"": ""최대2열 지원"", ""라디에이터(상단)"": ""최대280mm, 240mm"", ""라디에이터(후면)"": ""최대120mm"", ""[부가기능]"": ""[부가기능]"", ""LED 색상"": ""RGB"", ""적합성평가인증"": ""상세설명 / 판매 사이트 문의인증번호 확인"", ""안전확인인증"": ""상세설명 / 판매 사이트 문의인증번호 확인""}"
케이스,56138012,"{""제조회사"": ""앱코"", ""등록년월"": ""2024년 06월"", ""제품 분류"": ""M-ATX 케이스"", ""M-ATX"": ""O"", ""M-ITX"": ""O"", ""VGA 길이"": ""350mm"", ""CPU쿨러 높이"": ""165mm"", ""케이스 크기"": ""미니타워"", ""8.9cm베이"": ""1개"", ""6.4cm베이"": ""2개"", ""저장장치 장착"": ""최대 3개"", ""PCI 슬롯(수평)"": ""4개"", ""전면 패널 타입"": ""강화유리"", ""측면 패널 타입"": ""강화유리"", ""측면 개폐 방식"": ""버튼"", ""먼지필터"": ""전체"", ""쿨링팬"": ""총3개"", ""LED팬"": ""3개"", ""후면"": ""120mm LED x1"", ""내부 측면"": ""120mm LED x2"", ""USB2.0"": ""O"", ""USB3.x 5Gbps"": ""O"", ""너비(W)"": ""212mm"", ""깊이(D)"": ""360mm"", ""높이(H)"": ""435mm"", ""지원파워규격"": ""표준-ATX"", ""파워 장착 길이"": ""350mm"", ""파워 위치"": ""하단후면"", ""수랭쿨러 규격"": ""최대2열 지원"", ""라디에이터(상단)"": ""최대280mm, 240mm"", ""라디에이터(후면)"": ""최대120mm"", ""[부가기능]"": ""[부가기능]"", ""LED 색상"": ""RGB"", ""적합성평가인증"": ""상세설명 / 판매 사이트 문의인증번호 확인"", ""안전확인인증"": ""상세설명 / 판매 사이트 문의인증번호 확인""}"
케이스,57307040,"{""제조회사"": ""darkFlash"", ""등록년월"": ""2024년 06월"", ""제품 분류"": ""M-ATX 케이스"", ""M-ATX"": ""O"", ""M-ITX"": ""O"", ""VGA 길이"": ""445mm"", ""CPU쿨러 높이"": ""160mm"", ""케이스 크기"": ""미니타워"", ""8.9cm베이"": ""2개"", ""저장장치 장착"": ""최대 2개"", ""PCI 슬롯(수평)"": ""5개"", ""전면 패널 타입"": ""강화유리"", ""측면 패널 타입"": ""강화유리"", ""먼지필터"": ""전체"", ""쿨링팬"": ""총3개"", ""LED팬"": ""3개"", ""후면"": ""120mm LED x1"", ""내부 측면"": ""120mm LED x2"", ""USB2.0"": ""O"", ""USB3.x 5Gbps"": ""O"", ""너비(W)"": ""285mm"", ""깊이(D)"": ""460mm"", ""높이(H)"": ""370mm"", ""지원파워규격"": ""표준-ATX"", ""파워 장착 길이"": ""248mm"", ""파워 위치"": ""하단후면"", ""수랭쿨러 규격"": ""최대3열 지원"", ""라디에이터(상단)"": ""최대360mm, 280mm"", ""라디에이터(측면)"": ""최대280mm, 240mm"", ""라디에이터(하단)"": ""최대360mm"", ""[부가기능]"": ""[부가기능]"", ""LED 색상"": ""ARGB"", ""적합성평가인증"": ""상세설명 / 판매 사이트 문의인증번호 확인"", ""안전확인인증"": ""상세설명 / 판매 사이트 문의인증번호 확인""}"
케이스,59762132,"{""제조회사"": ""darkFlash"", ""등록년월"": ""2024년 07월"", ""제품 분류"": ""M-ATX 케이스"", ""M-ATX"": ""O"", ""M-ITX"": ""O"", ""VGA 길이"": ""295mm"", ""CPU쿨러 높이"": ""160mm"", ""케이스 크기"": ""미니타워"", ""8.9cm베이"": ""2개"", ""저장장치 장착"": ""최대 2개"", ""PCI 슬롯(수평)"": ""4개"", ""전면 패널 타입"": ""메쉬"", ""측면 패널 타입"": ""강화유리"", ""먼지필터"": ""부분"", ""쿨링팬"": ""총3개"", ""LED팬"": ""3개"", ""후면"": ""120mm LED x1"", ""전면"": ""120mm LED x2"", ""USB2.0"": ""O"", ""USB3.x 5Gbps"": ""O"", ""너비(W)"": ""200mm"", ""깊이(D)"": ""363mm"", ""높이(H)"": ""385mm"", ""지원파워규격"": ""표준-ATX"", ""파워 장착 길이"": ""170mm"", ""파워 위치"": ""하단후면"", ""수랭쿨러 규격"": ""최대2열 지원"", ""라디에이터(전면)"": ""최대240mm"", ""라디에이터(후면)"": ""최대120mm"", ""[부가기능]"": ""[부가기능]"", ""LED 색상"": ""RGB"", ""적합성평가인증"": ""상세설명 / 판매 사이트 문의인증번호 확인"", ""안전확인인증"": ""상세설명 / 판매 사이트 문의인증번호 확인""}"
케이스,60321833,"{""제조회사"": ""darkFlash"", ""등록년월"": ""2024년 07월"", ""제품 분류"": ""M-ATX 케이스"", ""M-ATX"": ""O"", ""M-ITX"": ""O"", ""VGA 길이"": ""425mm"", ""CPU쿨러 높이"": ""170mm"", ""케이스 크기"": ""미니타워"", ""8.9cm베이"": ""2개"", ""저장장치 장착"": ""최대 2개"", ""PCI 슬롯(수평)"": ""5개"", ""전면 패널 타입"": ""강화유리"", ""측면 패널 타입"": ""강화유리"", ""먼지필터"": ""전체"", ""쿨링팬"": ""총3개"", ""LED팬"": ""3개"", ""후면"": ""120mm LED x1"", ""내부 측면"": ""120mm LED x2"", ""USB2.0"": ""O"", ""USB3.x 5Gbps"": ""O"", ""너비(W)"": ""218mm"", ""깊이(D)"": ""434mm"", ""높이(H)"": ""414mm"", ""지원파워규격"": ""표준-ATX"", ""파워 장착 길이"": ""260mm"", ""파워 위치"": ""하단후면"", ""수랭쿨러 규격"": ""최대3열 지원"", ""라디에이터(상단)"": ""최대360mm"", ""라디에이터(후면)"": ""최대120mm"", ""라디에이터(측면)"": ""최대240mm"", ""[부가기능]"": ""[부가기능]"", ""LED 색상"": ""RGB"", ""적합성평가인증"": ""상세설명 / 판매 사이트 문의인증번호 확인"", ""안전확인인증"": ""상세설명 / 판매 사이트 문의인증번호 확인""}"
케이스,60321872,"{""제조회사"": ""darkFlash"", ""등록년월"": ""2024년 07월"", ""제품 분류"": ""M-ATX 케이스"", ""M-ATX"": ""O"", ""M-ITX"": ""O"", ""VGA 길이"": ""425mm"", ""CPU쿨러 높이"": ""170mm"", ""케이스 크기"": ""미니타워"", ""8.9cm베이"": ""2개"", ""저장장치 장착"": ""최대 2개"", ""PCI 슬롯(수평)"": ""5개"", ""전면 패널 타입"": ""강화유리"", ""측면 패널 타입"": ""강화유리"", ""먼지필터"": ""전체"", ""쿨링팬"": ""총3개"", ""LED팬"": ""3개"", ""후면"": ""120mm LED x1"", ""내부 측면"": ""120mm LED x2"", ""USB2.0"": ""O"", ""USB3.x 5Gbps"": ""O"", ""너비(W)"": ""218mm"", ""깊이(D)"": ""434mm"", ""높이(H)"": ""414mm"", ""지원파워규격"": ""표준-ATX"", ""파워 장착 길이"": ""260mm"", ""파워 위치"": ""하단후면"", ""수랭쿨러 규격"": ""최대3열 지원"", ""라디에이터(상단)"": ""최대360mm"", ""라디에이터(후면)"": ""최대120mm"", ""라디에이터(측면)"": ""최대240mm"", ""[부가기능]"": ""[부가기능]"", ""LED 색상"": ""RGB"", ""적합성평가인증"": ""상세설명 / 판매 사이트 문의인증번호 확인"", ""안전확인인증"": ""상세설명 / 판매 사이트 문의인증번호 확인""}"
케이스,62071772,"{""제조회사"": ""darkFlash"", ""등록년월"": ""2024년 07월"", ""제품 분류"": ""M-ATX 케이스"", ""M-ATX"": ""O"", ""M-ITX"": ""O"", ""VGA 길이"": ""270mm"", ""CPU쿨러 높이"": ""165mm"", ""케이스 크기"": ""미니타워"", ""8.9cm베이"": ""1개"", ""6.4cm베이"": ""2개"", ""저장장치 장착"": ""최대 3개"", ""PCI 슬롯(수평)"": ""4개"", ""측면 패널 타입"": ""통풍구"", ""쿨링팬"": ""총1개"", ""후면"": ""120mm x1"", ""USB2.0"": ""O"", ""USB3.x 5Gbps"": ""O"", ""너비(W)"": ""180mm"", ""깊이(D)"": ""300mm"", ""높이(H)"": ""355mm"", ""지원파워규격"": ""표준-ATX"", ""파워 위치"": ""상단"", ""적합성평가인증"": ""상세설명 / 판매 사이트 문의인증번호 확인"", ""안전확인인증"": ""상세설명 / 판매 사이트 문의인증번호 확인""}"
케이스,62071802,"{""제조회사"": ""darkFlash"", ""등록년월"": ""2024년 07월"", ""제품 분류"": ""M-ATX 케이스"", ""M-ATX"": ""O"", ""M-ITX"": ""O"", ""VGA 길이"": ""270mm"", ""CPU쿨러 높이"": ""165mm"", ""케이스 크기"": ""미니타워"", ""8.9cm베이"": ""1개"", ""6.4cm베이"": ""2개"", ""저장장치 장착"": ""최대 3개"", ""PCI 슬롯(수평)"": ""4개"", ""측면 패널 타입"": ""통풍구"", ""쿨링팬"": ""총1개"", ""후면"": ""120mm x1"", ""USB2.0"": ""O"", ""USB3.x 5Gbps"": ""O"", ""너비(W)"": ""180mm"", ""깊이(D)"": ""300mm"", ""높이(H)"": ""355mm"", ""지원파워규격"": ""표준-ATX"", ""파워 위치"": ""상단"", ""적합성평가인증"": ""상세설명 / 판매 사이트 문의인증번호 확인"", ""안전확인인증"": ""상세설명 / 판매 사이트 문의인증번호 확인""}"
케이스,64392029,"{""제조회사"": ""앱코"", ""등록년월"": ""2024년 08월"", ""제품 분류"": ""M-ATX 케이스"", ""M-ATX"": ""O"", ""M-ATX (후면커넥터)"": ""O"", ""M-ITX"": ""O"", ""VGA 길이"": ""410mm"", ""CPU쿨러 높이"": ""160mm"", ""케이스 크기"": ""미니타워"", ""BTF"": ""O"", ""8.9cm베이"": ""2개"", ""저장장치 장착"": ""최대 2개"", ""PCI 슬롯(수평)"": ""5개"", ""전면 패널 타입"": ""강화유리"", ""측면 패널 타입"": ""강화유리"", ""측면 개폐 방식"": ""버튼"", ""먼지필터"": ""부분"", ""쿨링팬"": ""총3개"", ""LED팬"": ""3개"", ""후면"": ""120mm LED x1"", ""내부 측면"": ""120mm LED x2"", ""USB3.x 5Gbps"": ""O"", ""USB C타입 20Gbps"": ""O"", ""너비(W)"": ""218mm"", ""깊이(D)"": ""420mm"", ""높이(H)"": ""395mm"", ""지원파워규격"": ""표준-ATX"", ""파워 장착 길이"": ""240mm"", ""파워 위치"": ""하단후면"", ""수랭쿨러 규격"": ""최대3열 지원"", ""라디에이터(상단)"": ""최대360mm"", ""라디에이터(후면)"": ""최대120mm"", ""[부가기능]"": ""[부가기능]"", ""LED 색상"": ""ARGB"", ""적합성평가인증"": ""상세설명 / 판매 사이트 문의인증번호 확인"", ""안전확인인증"": ""상세설명 / 판매 사이트 문의인증번호 확인""}"
케이스,64392059,"{""제조회사"": ""앱코"", ""등록년월"": ""2024년 08월"", ""제품 분류"": ""M-ATX 케이스"", ""M-ATX"": ""O"", ""M-ATX (후면커넥터)"": ""O"", ""M-ITX"": ""O"", ""VGA 길이"": ""410mm"", ""CPU쿨러 높이"": ""160mm"", ""케이스 크기"": ""미니타워"", ""BTF"": ""O"", ""8.9cm베이"": ""2개"", ""저장장치 장착"": ""최대 2개"", ""PCI 슬롯(수평)"": ""5개"", ""전면 패널 타입"": ""강화유리"", ""측면 패널 타입"": ""강화유리"", ""측면 개폐 방식"": ""버튼"", ""먼지필터"": ""부분"", ""쿨링팬"": ""총3개"", ""LED팬"": ""3개"", ""후면"": ""120mm LED x1"", ""내부 측면"": ""120mm LED x2"", ""USB3.x 5Gbps"": ""O"", ""USB C타입 20Gbps"": ""O"", ""너비(W)"": ""218mm"", ""깊이(D)"": ""420mm"", ""높이(H)"": ""395mm"", ""지원파워규격"": ""표준-ATX"", ""파워 장착 길이"": ""240mm"", ""파워 위치"": ""하단후면"", ""수랭쿨러 규격"": ""최대3열 지원"", ""라디에이터(상단)"": ""최대360mm"", ""라디에이터(후면)"": ""최대120mm"", ""[부가기능]"": ""[부가기능]"", ""LED 색상"": ""ARGB"", ""적합성평가인증"": ""상세설명 / 판매 사이트 문의인증번호 확인"", ""안전확인인증"": ""상세설명 / 판매 사이트 문의인증번호 확인""}"
케이스,68440847,"{""제조회사"": ""darkFlash"", ""등록년월"": ""2024년 10월"", ""제품 분류"": ""ATX 케이스"", ""ATX"": ""O"", ""ATX (후면커넥터)"": ""O"", ""M-ATX"": ""O"", ""M-ITX"": ""O"", ""VGA 길이"": ""410mm"", ""CPU쿨러 높이"": ""175mm"", ""케이스 크기"": ""미들타워"", ""BTF"": ""O"", ""프로젝트 제로"": ""O"", ""스텔스"": ""O"", ""8.9cm베이"": ""2개"", ""저장장치 장착"": ""최대 2개"", ""PCI 슬롯(수평)"": ""7개"", ""전면 패널 타입"": ""강화유리"", ""측면 패널 타입"": ""강화유리"", ""먼지필터"": ""부분"", ""쿨링팬"": ""총4개"", ""LED팬"": ""4개"", ""후면"": ""120mm LED x1"", ""내부 측면"": ""120mm LED x3"", ""USB3.x 5Gbps"": ""O"", ""USB C타입 5Gbps"": ""O"", ""너비(W)"": ""298mm"", ""깊이(D)"": ""473mm"", ""높이(H)"": ""497mm"", ""지원파워규격"": ""표준-ATX"", ""수랭쿨러 규격"": ""최대3열 지원"", ""라디에이터(상단)"": ""최대360mm"", ""라디에이터(후면)"": ""최대120mm"", ""라디에이터(측면)"": ""최대360mm"", ""[부가기능]"": ""[부가기능]"", ""LED 색상"": ""ARGB"", ""적합성평가인증"": ""상세설명 / 판매 사이트 문의인증번호 확인"", ""안전확인인증"": ""상세설명 / 판매 사이트 문의인증번호 확인""}"
케이스,68440877,"{""제조회사"": ""darkFlash"", ""등록년월"": ""2024년 10월"", ""제품 분류"": ""ATX 케이스"", ""ATX"": ""O"", ""ATX (후면커넥터)"": ""O"", ""M-ATX"": ""O"", ""M-ITX"": ""O"", ""VGA 길이"": ""410mm"", ""CPU쿨러 높이"": ""175mm"", ""케이스 크기"": ""미들타워"", ""BTF"": ""O"", ""프로젝트 제로"": ""O"", ""스텔스"": ""O"", ""8.9cm베이"": ""2개"", ""저장장치 장착"": ""최대 2개"", ""PCI 슬롯(수평)"": ""7개"", ""전면 패널 타입"": ""강화유리"", ""측면 패널 타입"": ""강화유리"", ""먼지필터"": ""부분"", ""쿨링팬"": ""총4개"", ""LED팬"": ""4개"", ""후면"": ""120mm LED x1"", ""내부 측면"": ""120mm LED x3"", ""USB3.x 5Gbps"": ""O"", ""USB C타입 5Gbps"": ""O"", ""너비(W)"": ""298mm"", ""깊이(D)"": ""473mm"", ""높이(H)"": ""497mm"", ""지원파워규격"": ""표준-ATX"", ""수랭쿨러 규격"": ""최대3열 지원"", ""라디에이터(상단)"": ""최대360mm"", ""라디에이터(후면)"": ""최대120mm"", ""라디에이터(측면)"": ""최대360mm"", ""[부가기능]"": ""[부가기능]"", ""LED 색상"": ""ARGB"", ""적합성평가인증"": ""상세설명 / 판매 사이트 문의인증번호 확인"", ""안전확인인증"": ""상세설명 / 판매 사이트 문의인증번호 확인""}"
케이스,68574671,"{""제조회사"": ""앱코"", ""등록년월"": ""2024년 10월"", ""제품 분류"": ""ATX 케이스"", ""ATX"": ""O"", ""ATX (후면커넥터)"": ""O"", ""M-ATX"": ""O"", ""M-ATX (후면커넥터)"": ""O"", ""M-ITX"": ""O"", ""VGA 길이"": ""418mm"", ""CPU쿨러 높이"": ""160mm"", ""케이스 크기"": ""미들타워"", ""BTF"": ""O"", ""8.9cm베이"": ""2개"", ""PCI 슬롯(수평)"": ""7개"", ""전면 패널 타입"": ""강화유리"", ""측면 패널 타입"": ""강화유리"", ""먼지필터"": ""부분"", ""쿨링팬"": ""총4개"", ""LED팬"": ""4개"", ""후면"": ""120mm LED X1"", ""내부 측면"": ""120mm LED X3"", ""USB3.x 5Gbps"": ""O"", ""USB C타입 20Gbps"": ""O"", ""너비(W)"": ""285mm"", ""깊이(D)"": ""426mm"", ""높이(H)"": ""400mm"", ""지원파워규격"": ""표준-ATX"", ""수랭쿨러 규격"": ""최대3열 지원"", ""라디에이터(상단)"": ""최대360mm, 280mm"", ""라디에이터(후면)"": ""최대120mm"", ""[부가기능]"": ""[부가기능]"", ""LED 색상"": ""ARGB"", ""적합성평가인증"": ""상세설명 / 판매 사이트 문의인증번호 확인"", ""안전확인인증"": ""상세설명 / 판매 사이트 문의인증번호 확인""}"
케이스,68574686,"{""제조회사"": ""앱코"", ""등록년월"": ""2024년 10월"", ""제품 분류"": ""ATX 케이스"", ""ATX"": ""O"", ""ATX (후면커넥터)"": ""O"", ""M-ATX"": ""O"", ""M-ATX (후면커넥터)"": ""O"", ""M-ITX"": ""O"", ""VGA 길이"": ""418mm"", ""CPU쿨러 높이"": ""160mm"", ""케이스 크기"": ""미들타워"", ""BTF"": ""O"", ""8.9cm베이"": ""2개"", ""PCI 슬롯(수평)"": ""7개"", ""전면 패널 타입"": ""강화유리"", ""측면 패널 타입"": ""강화유리"", ""먼지필터"": ""부분"", ""쿨링팬"": ""총4개"", ""LED팬"": ""4개"", ""후면"": ""120mm LED X1"", ""내부 측면"": ""120mm LED X3"", ""USB3.x 5Gbps"": ""O"", ""USB C타입 20Gbps"": ""O"", ""너비(W)"": ""285mm"", ""깊이(D)"": ""426mm"", ""높이(H)"": ""400mm"", ""지원파워규격"": ""표준-ATX"", ""수랭쿨러 규격"": ""최대3열 지원"", ""라디에이터(상단)"": ""최대360mm, 280mm"", ""라디에이터(후면)"": ""최대120mm"", ""[부가기능]"": ""[부가기능]"", ""LED 색상"": ""ARGB"", ""적합성평가인증"": ""상세설명 / 판매 사이트 문의인증번호 확인"", ""안전확인인증"": ""상세설명 / 판매 사이트 문의인증번호 확인""}"
케이스,71904299,"{""제조회사"": ""darkFlash"", ""등록년월"": ""2024년 11월"", ""제품 분류"": ""ATX 케이스"", ""ATX"": ""O"", ""M-ATX"": ""O"", ""M-ITX"": ""O"", ""VGA 길이"": ""350mm"", ""CPU쿨러 높이"": ""180mm"", ""케이스 크기"": ""미들타워"", ""8.9cm베이"": ""2개"", ""저장장치 장착"": ""최대 2개"", ""PCI 슬롯(수평)"": ""7개"", ""전면 패널 타입"": ""메쉬"", ""측면 패널 타입"": ""강화유리"", ""측면 개폐 방식"": ""스윙도어"", ""먼지필터"": ""전체"", ""쿨링팬"": ""총4개"", ""LED팬"": ""4개"", ""후면"": ""120mm LED x1"", ""전면"": ""120mm LED x3"", ""USB2.0"": ""O"", ""USB3.x 5Gbps"": ""O"", ""너비(W)"": ""230mm"", ""깊이(D)"": ""390mm"", ""높이(H)"": ""456mm"", ""지원파워규격"": ""표준-ATX"", ""파워 장착 길이"": ""215mm"", ""파워 위치"": ""하단후면"", ""수랭쿨러 규격"": ""최대2열 지원"", ""라디에이터(상단)"": ""최대240mm"", ""라디에이터(후면)"": ""최대120mm"", ""[부가기능]"": ""[부가기능]"", ""LED 색상"": ""RGB"", ""적합성평가인증"": ""상세설명 / 판매 사이트 문의인증번호 확인"", ""안전확인인증"": ""상세설명 / 판매 사이트 문의인증번호 확인""}"
케이스,71904314,"{""제조회사"": ""darkFlash"", ""등록년월"": ""2024년 11월"", ""제품 분류"": ""ATX 케이스"", ""ATX"": ""O"", ""M-ATX"": ""O"", ""M-ITX"": ""O"", ""VGA 길이"": ""350mm"", ""CPU쿨러 높이"": ""180mm"", ""케이스 크기"": ""미들타워"", ""8.9cm베이"": ""2개"", ""저장장치 장착"": ""최대 2개"", ""PCI 슬롯(수평)"": ""7개"", ""전면 패널 타입"": ""메쉬"", ""측면 패널 타입"": ""강화유리"", ""측면 개폐 방식"": ""스윙도어"", ""먼지필터"": ""전체"", ""쿨링팬"": ""총4개"", ""LED팬"": ""4개"", ""후면"": ""120mm LED x1"", ""전면"": ""120mm LED x3"", ""USB2.0"": ""O"", ""USB3.x 5Gbps"": ""O"", ""너비(W)"": ""230mm"", ""깊이(D)"": ""390mm"", ""높이(H)"": ""456mm"", ""지원파워규격"": ""표준-ATX"", ""파워 장착 길이"": ""215mm"", ""파워 위치"": ""하단후면"", ""수랭쿨러 규격"": ""최대2열 지원"", ""라디에이터(상단)"": ""최대240mm"", ""라디에이터(후면)"": ""최대120mm"", ""[부가기능]"": ""[부가기능]"", ""LED 색상"": ""RGB"", ""적합성평가인증"": ""상세설명 / 판매 사이트 문의인증번호 확인"", ""안전확인인증"": ""상세설명 / 판매 사이트 문의인증번호 확인""}"
케이스,71904638,"{""제조회사"": ""darkFlash"", ""등록년월"": ""2024년 11월"", ""제품 분류"": ""ATX 케이스"", ""ATX"": ""O"", ""M-ATX"": ""O"", ""M-ITX"": ""O"", ""VGA 길이"": ""395mm"", ""CPU쿨러 높이"": ""180mm"", ""케이스 크기"": ""미들타워"", ""8.9cm베이"": ""2개"", ""저장장치 장착"": ""최대 2개"", ""PCI 슬롯(수평)"": ""7개"", ""전면 패널 타입"": ""메쉬"", ""측면 패널 타입"": ""강화유리"", ""측면 개폐 방식"": ""스윙도어"", ""먼지필터"": ""전체"", ""쿨링팬"": ""총4개"", ""LED팬"": ""4개"", ""후면"": ""120mm LED x1"", ""전면"": ""120mm LED x3"", ""USB2.0"": ""O"", ""USB3.x 5Gbps"": ""O"", ""너비(W)"": ""230mm"", ""깊이(D)"": ""460mm"", ""높이(H)"": ""456mm"", ""지원파워규격"": ""표준-ATX"", ""파워 장착 길이"": ""280mm"", ""파워 위치"": ""하단후면"", ""수랭쿨러 규격"": ""최대3열 지원"", ""라디에이터(상단)"": ""최대360mm"", ""라디에이터(후면)"": ""최대120mm"", ""[부가기능]"": ""[부가기능]"", ""LED 색상"": ""RGB"", ""적합성평가인증"": ""상세설명 / 판매 사이트 문의인증번호 확인"", ""안전확인인증"": ""상세설명 / 판매 사이트 문의인증번호 확인""}"
케이스,72723299,"{""제조회사"": ""darkFlash"", ""등록년월"": ""2024년 12월"", ""제품 분류"": ""ATX 케이스"", ""ATX"": ""O"", ""ATX (후면커넥터)"": ""O"", ""M-ATX"": ""O"", ""M-ATX (후면커넥터)"": ""O"", ""ITX"": ""O"", ""VGA 길이"": ""415mm"", ""CPU쿨러 높이"": ""160mm"", ""케이스 크기"": ""미들타워"", ""BTF"": ""O"", ""8.9cm베이"": ""2개"", ""6.4cm베이"": ""3개"", ""저장장치 장착"": ""최대 3개"", ""PCI 슬롯(수평)"": ""9개"", ""전면 패널 타입"": ""강화유리"", ""측면 패널 타입"": ""강화유리"", ""먼지필터"": ""부분"", ""쿨링팬"": ""총4개"", ""LED팬"": ""4개"", ""후면"": ""120mm"", ""내부 측면"": ""120mm"", ""USB3.x 5Gbps"": ""O"", ""USB C타입 5Gbps"": ""O"", ""너비(W)"": ""285mm"", ""깊이(D)"": ""426mm"", ""높이(H)"": ""448mm"", ""지원파워규격"": ""표준-ATX"", ""파워 장착 길이"": ""220mm"", ""파워 위치"": ""상단"", ""수랭쿨러 규격"": ""최대3열 지원"", ""라디에이터(상단)"": ""최대360mm"", ""라디에이터(후면)"": ""최대120mm"", ""라디에이터(측면)"": ""최대360mm, 280mm"", ""라디에이터(하단)"": ""최대240mm"", ""[부가기능]"": ""[부가기능]"", ""LED 색상"": ""RGB"", ""적합성평가인증"": ""상세설명 / 판매 사이트 문의인증번호 확인"", ""안전확인인증"": ""상세설명 / 판매 사이트 문의인증번호 확인""}"
케이스,72723323,"{""제조회사"": ""darkFlash"", ""등록년월"": ""2024년 12월"", ""제품 분류"": ""ATX 케이스"", ""ATX"": ""O"", ""ATX (후면커넥터)"": ""O"", ""M-ATX"": ""O"", ""M-ATX (후면커넥터)"": ""O"", ""ITX"": ""O"", ""VGA 길이"": ""415mm"", ""CPU쿨러 높이"": ""160mm"", ""케이스 크기"": ""미들타워"", ""BTF"": ""O"", ""8.9cm베이"": ""2개"", ""6.4cm베이"": ""3개"", ""저장장치 장착"": ""최대 3개"", ""PCI 슬롯(수평)"": ""9개"", ""전면 패널 타입"": ""강화유리"", ""측면 패널 타입"": ""강화유리"", ""먼지필터"": ""부분"", ""쿨링팬"": ""총4개"", ""LED팬"": ""4개"", ""후면"": ""120mm"", ""내부 측면"": ""120mm"", ""USB3.x 5Gbps"": ""O"", ""USB C타입 5Gbps"": ""O"", ""너비(W)"": ""285mm"", ""깊이(D)"": ""426mm"", ""높이(H)"": ""448mm"", ""지원파워규격"": ""표준-ATX"", ""파워 장착 길이"": ""220mm"", ""파워 위치"": ""상단"", ""수랭쿨러 규격"": ""최대3열 지원"", ""라디에이터(상단)"": ""최대360mm"", ""라디에이터(후면)"": ""최대120mm"", ""라디에이터(측면)"": ""최대360mm, 280mm"", ""라디에이터(하단)"": ""최대240mm"", ""[부가기능]"": ""[부가기능]"", ""LED 색상"": ""RGB"", ""적합성평가인증"": ""상세설명 / 판매 사이트 문의인증번호 확인"", ""안전확인인증"": ""상세설명 / 판매 사이트 문의인증번호 확인""}"
케이스,72723491,"{""제조회사"": ""darkFlash"", ""등록년월"": ""2024년 12월"", ""제품 분류"": ""ATX 케이스"", ""M-ATX"": ""O"", ""M-ITX"": ""O"", ""VGA 길이"": ""325mm"", ""CPU쿨러 높이"": ""155mm"", ""케이스 크기"": ""미니타워"", ""8.9cm베이"": ""1개"", ""6.4cm베이"": ""2개"", ""저장장치 장착"": ""최대 2개"", ""PCI 슬롯(수평)"": ""5개"", ""전면 패널 타입"": ""강화유리"", ""측면 패널 타입"": ""강화유리"", ""먼지필터"": ""전체"", ""쿨링팬"": ""총3개"", ""LED팬"": ""3개"", ""후면"": ""120mm"", ""내부 측면"": ""120mm"", ""USB2.0"": ""O"", ""USB3.x 5Gbps"": ""O"", ""너비(W)"": ""275mm"", ""깊이(D)"": ""333mm"", ""높이(H)"": ""323mm"", ""지원파워규격"": ""표준-ATX"", ""파워 장착 길이"": ""160mm"", ""파워 위치"": ""하단후면"", ""수랭쿨러 규격"": ""최대2열 지원"", ""라디에이터(하단)"": ""최대240mm"", ""[부가기능]"": ""[부가기능]"", ""LED 색상"": ""RGB"", ""적합성평가인증"": ""상세설명 / 판매 사이트 문의인증번호 확인"", ""안전확인인증"": ""상세설명 / 판매 사이트 문의인증번호 확인""}"
케이스,72723506,"{""제조회사"": ""darkFlash"", ""등록년월"": ""2024년 12월"", ""제품 분류"": ""ATX 케이스"", ""M-ATX"": ""O"", ""M-ITX"": ""O"", ""VGA 길이"": ""325mm"", ""CPU쿨러 높이"": ""155mm"", ""케이스 크기"": ""미니타워"", ""8.9cm베이"": ""1개"", ""6.4cm베이"": ""2개"", ""저장장치 장착"": ""최대 2개"", ""PCI 슬롯(수평)"": ""5개"", ""전면 패널 타입"": ""강화유리"", ""측면 패널 타입"": ""강화유리"", ""먼지필터"": ""전체"", ""쿨링팬"": ""총3개"", ""LED팬"": ""3개"", ""후면"": ""120mm"", ""내부 측면"": ""120mm"", ""USB2.0"": ""O"", ""USB3.x 5Gbps"": ""O"", ""너비(W)"": ""275mm"", ""깊이(D)"": ""333mm"", ""높이(H)"": ""323mm"", ""지원파워규격"": ""표준-ATX"", ""파워 장착 길이"": ""160mm"", ""파워 위치"": ""하단후면"", ""수랭쿨러 규격"": ""최대2열 지원"", ""라디에이터(하단)"": ""최대240mm"", ""[부가기능]"": ""[부가기능]"", ""LED 색상"": ""RGB"", ""적합성평가인증"": ""상세설명 / 판매 사이트 문의인증번호 확인"", ""안전확인인증"": ""상세설명 / 판매 사이트 문의인증번호 확인""}"
케이스,73616621,"{""제조회사"": ""앱코"", ""등록년월"": ""2024년 12월"", ""제품 분류"": ""ATX 케이스"", ""ATX"": ""O"", ""M-ATX"": ""O"", ""M-ITX"": ""O"", ""VGA 길이"": ""410mm"", ""CPU쿨러 높이"": ""165mm"", ""케이스 크기"": ""미들타워"", ""8.9cm베이"": ""2개"", ""6.4cm베이"": ""3개"", ""저장장치 장착"": ""최대 5개"", ""PCI 슬롯(수평)"": ""7개"", ""측면 패널 타입"": ""강화유리"", ""측면 개폐 방식"": ""스윙도어"", ""먼지필터"": ""부분"", ""쿨링팬"": ""총4개"", ""후면"": ""120mm x1"", ""전면"": ""140mm x3"", ""USB3.x 5Gbps"": ""O"", ""USB C타입 20Gbps"": ""O"", ""너비(W)"": ""210mm"", ""깊이(D)"": ""465mm"", ""높이(H)"": ""485mm"", ""지원파워규격"": ""표준-ATX"", ""파워 장착 길이"": ""250mm"", ""파워 위치"": ""하단후면"", ""수랭쿨러 규격"": ""최대3열 지원"", ""라디에이터(상단)"": ""최대360mm, 280mm"", ""라디에이터(전면)"": ""최대360mm, 280mm"", ""라디에이터(후면)"": ""최대120mm"", ""적합성평가인증"": ""상세설명 / 판매 사이트 문의인증번호 확인"", ""안전확인인증"": ""상세설명 / 판매 사이트 문의인증번호 확인""}"
케이스,73616639,"{""제조회사"": ""앱코"", ""등록년월"": ""2024년 12월"", ""제품 분류"": ""ATX 케이스"", ""ATX"": ""O"", ""M-ATX"": ""O"", ""M-ITX"": ""O"", ""VGA 길이"": ""410mm"", ""CPU쿨러 높이"": ""165mm"", ""케이스 크기"": ""미들타워"", ""8.9cm베이"": ""2개"", ""6.4cm베이"": ""3개"", ""저장장치 장착"": ""최대 5개"", ""PCI 슬롯(수평)"": ""7개"", ""측면 패널 타입"": ""강화유리"", ""측면 개폐 방식"": ""스윙도어"", ""먼지필터"": ""부분"", ""쿨링팬"": ""총4개"", ""후면"": ""120mm x1"", ""전면"": ""140mm x3"", ""USB3.x 5Gbps"": ""O"", ""USB C타입 20Gbps"": ""O"", ""너비(W)"": ""210mm"", ""깊이(D)"": ""465mm"", ""높이(H)"": ""485mm"", ""지원파워규격"": ""표준-ATX"", ""파워 장착 길이"": ""250mm"", ""파워 위치"": ""하단후면"", ""수랭쿨러 규격"": ""최대3열 지원"", ""라디에이터(상단)"": ""최대360mm, 280mm"", ""라디에이터(전면)"": ""최대360mm, 280mm"", ""라디에이터(후면)"": ""최대120mm"", ""적합성평가인증"": ""상세설명 / 판매 사이트 문의인증번호 확인"", ""안전확인인증"": ""상세설명 / 판매 사이트 문의인증번호 확인""}"
케이스,73885538,"{""제조회사"": ""darkFlash"", ""등록년월"": ""2025년 01월"", ""제품 분류"": ""ATX 케이스"", ""ATX"": ""O"", ""M-ATX"": ""O"", ""M-ITX"": ""O"", ""VGA 길이"": ""360mm"", ""CPU쿨러 높이"": ""185mm"", ""케이스 크기"": ""미들타워"", ""8.9cm베이"": ""2개"", ""저장장치 장착"": ""최대 2개"", ""PCI 슬롯(수평)"": ""7개"", ""전면 패널 타입"": ""강화유리"", ""측면 패널 타입"": ""강화유리"", ""측면 개폐 방식"": ""버튼"", ""먼지필터"": ""부분"", ""쿨링팬"": ""총3개"", ""LED팬"": ""3개"", ""후면"": ""120mm LED x1"", ""내부 측면"": ""120mm LED x2"", ""USB2.0"": ""O"", ""USB3.x 5Gbps"": ""O"", ""너비(W)"": ""230mm"", ""깊이(D)"": ""360mm"", ""높이(H)"": ""436mm"", ""지원파워규격"": ""표준-ATX"", ""파워 장착 길이"": ""205mm"", ""파워 위치"": ""하단후면"", ""수랭쿨러 규격"": ""최대2열 지원"", ""라디에이터(상단)"": ""최대280mm, 240mm"", ""[부가기능]"": ""[부가기능]"", ""LED 색상"": ""RGB"", ""적합성평가인증"": ""상세설명 / 판매 사이트 문의인증번호 확인"", ""안전확인인증"": ""상세설명 / 판매 사이트 문의인증번호 확인""}"
케이스,74338760,"{""제조회사"": ""darkFlash"", ""등록년월"": ""2025년 01월"", ""제품 분류"": ""ATX 케이스"", ""ATX"": ""O"", ""M-ATX"": ""O"", ""M-ITX"": ""O"", ""VGA 길이"": ""340mm"", ""CPU쿨러 높이"": ""160mm"", ""케이스 크기"": ""미들타워"", ""8.9cm베이"": ""2개"", ""6.4cm베이"": ""2개"", ""저장장치 장착"": ""최대 4개"", ""PCI 슬롯(수평)"": ""7개"", ""전면 패널 타입"": ""메쉬"", ""측면 패널 타입"": ""강화유리"", ""먼지필터"": ""부분"", ""쿨링팬"": ""총4개"", ""LED팬"": ""4개"", ""후면"": ""120mm LED x1"", ""전면"": ""140mm LED x3"", ""USB2.0"": ""O"", ""USB3.x 5Gbps"": ""O"", ""USB C타입 5Gbps"": ""O"", ""너비(W)"": ""210mm"", ""깊이(D)"": ""385mm"", ""높이(H)"": ""485mm"", ""지원파워규격"": ""표준-ATX"", ""파워 장착 길이"": ""220mm"", ""파워 위치"": ""하단후면"", ""수랭쿨러 규격"": ""최대2열 지원"", ""라디에이터(상단)"": ""최대240mm"", ""라디에이터(후면)"": ""최대120mm"", ""[부가기능]"": ""[부가기능]"", ""LED 색상"": ""RGB"", ""적합성평가인증"": ""상세설명 / 판매 사이트 문의인증번호 확인"", ""안전확인인증"": ""상세설명 / 판매 사이트 문의인증번호 확인""}"
케이스,74338778,"{""제조회사"": ""darkFlash"", ""등록년월"": ""2025년 01월"", ""제품 분류"": ""ATX 케이스"", ""ATX"": ""O"", ""M-ATX"": ""O"", ""M-ITX"": ""O"", ""VGA 길이"": ""340mm"", ""CPU쿨러 높이"": ""160mm"", ""케이스 크기"": ""미들타워"", ""8.9cm베이"": ""2개"", ""6.4cm베이"": ""2개"", ""저장장치 장착"": ""최대 4개"", ""PCI 슬롯(수평)"": ""7개"", ""전면 패널 타입"": ""메쉬"", ""측면 패널 타입"": ""강화유리"", ""먼지필터"": ""부분"", ""쿨링팬"": ""총4개"", ""LED팬"": ""4개"", ""후면"": ""120mm LED x1"", ""전면"": ""140mm LED x3"", ""USB2.0"": ""O"", ""USB3.x 5Gbps"": ""O"", ""USB C타입 5Gbps"": ""O"", ""너비(W)"": ""210mm"", ""깊이(D)"": ""385mm"", ""높이(H)"": ""485mm"", ""지원파워규격"": ""표준-ATX"", ""파워 장착 길이"": ""220mm"", ""파워 위치"": ""하단후면"", ""수랭쿨러 규격"": ""최대2열 지원"", ""라디에이터(상단)"": ""최대240mm"", ""라디에이터(후면)"": ""최대120mm"", ""[부가기능]"": ""[부가기능]"", ""LED 색상"": ""RGB"", ""적합성평가인증"": ""상세설명 / 판매 사이트 문의인증번호 확인"", ""안전확인인증"": ""상세설명 / 판매 사이트 문의인증번호 확인""}"
케이스,76160312,"{""제조회사"": ""앱코"", ""등록년월"": ""2025년 02월"", ""제품 분류"": ""ATX 케이스"", ""ATX"": ""O"", ""M-ATX"": ""O"", ""M-ITX"": ""O"", ""VGA 길이"": ""410mm"", ""CPU쿨러 높이"": ""165mm"", ""케이스 크기"": ""미들타워"", ""8.9cm베이"": ""2개"", ""6.4cm베이"": ""3개"", ""저장장치 장착"": ""최대 5개"", ""PCI 슬롯(수평)"": ""7개"", ""전면 패널 타입"": ""강화유리"", ""측면 패널 타입"": ""강화유리"", ""먼지필터"": ""부분"", ""쿨링팬"": ""총5개"", ""LED팬"": ""5개"", ""후면"": ""120mm LED x1"", ""하단"": ""120mm LED x1"", ""내부 측면"": ""120mm LED x3"", ""USB3.x 5Gbps"": ""O"", ""USB C타입 20Gbps"": ""O"", ""너비(W)"": ""212mm"", ""깊이(D)"": ""435mm"", ""높이(H)"": ""490mm"", ""지원파워규격"": ""표준-ATX"", ""파워 장착 길이"": ""180mm"", ""파워 위치"": ""하단후면"", ""수랭쿨러 규격"": ""최대3열 지원"", ""라디에이터(상단)"": ""최대360mm, 280mm"", ""라디에이터(후면)"": ""최대120mm"", ""[부가기능]"": ""[부가기능]"", ""LED 색상"": ""ARGB"", ""적합성평가인증"": ""상세설명 / 판매 사이트 문의인증번호 확인"", ""안전확인인증"": ""상세설명 / 판매 사이트 문의인증번호 확인""}"
케이스,76160333,"{""제조회사"": ""앱코"", ""등록년월"": ""2025년 02월"", ""제품 분류"": ""ATX 케이스"", ""ATX"": ""O"", ""M-ATX"": ""O"", ""M-ITX"": ""O"", ""VGA 길이"": ""410mm"", ""CPU쿨러 높이"": ""165mm"", ""케이스 크기"": ""미들타워"", ""8.9cm베이"": ""2개"", ""6.4cm베이"": ""3개"", ""저장장치 장착"": ""최대 5개"", ""PCI 슬롯(수평)"": ""7개"", ""전면 패널 타입"": ""강화유리"", ""측면 패널 타입"": ""강화유리"", ""먼지필터"": ""부분"", ""쿨링팬"": ""총5개"", ""LED팬"": ""5개"", ""후면"": ""120mm LED x1"", ""하단"": ""120mm LED x1"", ""내부 측면"": ""120mm LED x3"", ""USB3.x 5Gbps"": ""O"", ""USB C타입 20Gbps"": ""O"", ""너비(W)"": ""212mm"", ""깊이(D)"": ""435mm"", ""높이(H)"": ""490mm"", ""지원파워규격"": ""표준-ATX"", ""파워 장착 길이"": ""180mm"", ""파워 위치"": ""하단후면"", ""수랭쿨러 규격"": ""최대3열 지원"", ""라디에이터(상단)"": ""최대360mm, 280mm"", ""라디에이터(후면)"": ""최대120mm"", ""[부가기능]"": ""[부가기능]"", ""LED 색상"": ""ARGB"", ""적합성평가인증"": ""상세설명 / 판매 사이트 문의인증번호 확인"", ""안전확인인증"": ""상세설명 / 판매 사이트 문의인증번호 확인""}"
케이스,76946669,"{""제조회사"": ""darkFlash"", ""등록년월"": ""2025년 02월"", ""제품 분류"": ""ATX 케이스"", ""E-ATX"": ""O"", ""ATX"": ""O"", ""ATX (후면커넥터)"": ""O"", ""M-ATX"": ""O"", ""M-ATX (후면커넥터)"": ""O"", ""ITX"": ""O"", ""VGA 길이"": ""435mm"", ""CPU쿨러 높이"": ""185mm"", ""BTF"": ""O"", ""8.9cm베이"": ""2개"", ""6.4cm베이"": ""2개"", ""저장장치 장착"": ""최대 4개"", ""PCI 슬롯(수평)"": ""7개"", ""수직 PCI형태"": ""슬롯변경형"", ""전면 패널 타입"": ""메쉬"", ""측면 패널 타입"": ""강화유리"", ""먼지필터"": ""부분"", ""쿨링팬"": ""총4개"", ""LED팬"": ""4개"", ""후면"": ""140mm LED x1"", ""전면"": ""140mm LED x3"", ""USB3.x 5Gbps"": ""O"", ""USB C타입 5Gbps"": ""O"", ""너비(W)"": ""235mm"", ""깊이(D)"": ""485mm"", ""높이(H)"": ""505mm"", ""지원파워규격"": ""표준-ATX"", ""파워 장착 길이"": ""250mm"", ""파워 위치"": ""하단후면"", ""수랭쿨러 규격"": ""최대3열 지원"", ""라디에이터(상단)"": ""최대360mm, 280mm"", ""라디에이터(전면)"": ""최대360mm, 280mm"", ""라디에이터(후면)"": ""최대140mm, 120mm"", ""[부가기능]"": ""[부가기능]"", ""RGB 컨트롤"": ""O"", ""LED 색상"": ""ARGB"", ""적합성평가인증"": ""상세설명 / 판매 사이트 문의인증번호 확인"", ""안전확인인증"": ""상세설명 / 판매 사이트 문의인증번호 확인""}"
케이스,76946687,"{""제조회사"": ""darkFlash"", ""등록년월"": ""2025년 02월"", ""제품 분류"": ""ATX 케이스"", ""E-ATX"": ""O"", ""ATX"": ""O"", ""ATX (후면커넥터)"": ""O"", ""M-ATX"": ""O"", ""M-ATX (후면커넥터)"": ""O"", ""ITX"": ""O"", ""VGA 길이"": ""435mm"", ""CPU쿨러 높이"": ""185mm"", ""BTF"": ""O"", ""8.9cm베이"": ""2개"", ""6.4cm베이"": ""2개"", ""저장장치 장착"": ""최대 4개"", ""PCI 슬롯(수평)"": ""7개"", ""수직 PCI형태"": ""슬롯변경형"", ""전면 패널 타입"": ""메쉬"", ""측면 패널 타입"": ""강화유리"", ""먼지필터"": ""부분"", ""쿨링팬"": ""총4개"", ""LED팬"": ""4개"", ""후면"": ""140mm LED x1"", ""전면"": ""140mm LED x3"", ""USB3.x 5Gbps"": ""O"", ""USB C타입 5Gbps"": ""O"", ""너비(W)"": ""235mm"", ""깊이(D)"": ""485mm"", ""높이(H)"": ""505mm"", ""지원파워규격"": ""표준-ATX"", ""파워 장착 길이"": ""250mm"", ""파워 위치"": ""하단후면"", ""수랭쿨러 규격"": ""최대3열 지원"", ""라디에이터(상단)"": ""최대360mm, 280mm"", ""라디에이터(전면)"": ""최대360mm, 280mm"", ""라디에이터(후면)"": ""최대140mm, 120mm"", ""[부가기능]"": ""[부가기능]"", ""RGB 컨트롤"": ""O"", ""LED 색상"": ""ARGB"", ""적합성평가인증"": ""상세설명 / 판매 사이트 문의인증번호 확인"", ""안전확인인증"": ""상세설명 / 판매 사이트 문의인증번호 확인""}"
케이스,78530048,"{""제조회사"": ""darkFlash"", ""등록년월"": ""2025년 03월"", ""제품 분류"": ""ATX 케이스"", ""ATX"": ""O"", ""M-ATX"": ""O"", ""M-ITX"": ""O"", ""VGA 길이"": ""405mm"", ""CPU쿨러 높이"": ""165mm"", ""케이스 크기"": ""미들타워"", ""8.9cm베이"": ""2개"", ""저장장치 장착"": ""최대 2개"", ""PCI 슬롯(수평)"": ""7개"", ""전면 패널 타입"": ""강화유리"", ""측면 패널 타입"": ""강화유리"", ""먼지필터"": ""부분"", ""쿨링팬"": ""총3개"", ""LED팬"": ""3개"", ""후면"": ""120mm LED x1"", ""내부 측면"": ""120mm LED x2"", ""USB2.0"": ""O"", ""USB3.x 5Gbps"": ""O"", ""너비(W)"": ""210mm"", ""깊이(D)"": ""413mm"", ""높이(H)"": ""485mm"", ""지원파워규격"": ""표준-ATX"", ""파워 장착 길이"": ""170mm"", ""파워 위치"": ""하단후면"", ""수랭쿨러 규격"": ""최대3열 지원"", ""라디에이터(상단)"": ""최대360mm, 280mm"", ""라디에이터(후면)"": ""최대120mm"", ""[부가기능]"": ""[부가기능]"", ""LED 색상"": ""RGB"", ""적합성평가인증"": ""상세설명 / 판매 사이트 문의인증번호 확인"", ""안전확인인증"": ""상세설명 / 판매 사이트 문의인증번호 확인""}"
케이스,78530069,"{""제조회사"": ""darkFlash"", ""등록년월"": ""2025년 03월"", ""제품 분류"": ""ATX 케이스"", ""ATX"": ""O"", ""M-ATX"": ""O"", ""M-ITX"": ""O"", ""VGA 길이"": ""405mm"", ""CPU쿨러 높이"": ""165mm"", ""케이스 크기"": ""미들타워"", ""8.9cm베이"": ""2개"", ""저장장치 장착"": ""최대 2개"", ""PCI 슬롯(수평)"": ""7개"", ""전면 패널 타입"": ""강화유리"", ""측면 패널 타입"": ""강화유리"", ""먼지필터"": ""부분"", ""쿨링팬"": ""총3개"", ""LED팬"": ""3개"", ""후면"": ""120mm LED x1"", ""내부 측면"": ""120mm LED x2"", ""USB2.0"": ""O"", ""USB3.x 5Gbps"": ""O"", ""너비(W)"": ""210mm"", ""깊이(D)"": ""413mm"", ""높이(H)"": ""485mm"", ""지원파워규격"": ""표준-ATX"", ""파워 장착 길이"": ""170mm"", ""파워 위치"": ""하단후면"", ""수랭쿨러 규격"": ""최대3열 지원"", ""라디에이터(상단)"": ""최대360mm, 280mm"", ""라디에이터(후면)"": ""최대120mm"", ""[부가기능]"": ""[부가기능]"", ""LED 색상"": ""RGB"", ""적합성평가인증"": ""상세설명 / 판매 사이트 문의인증번호 확인"", ""안전확인인증"": ""상세설명 / 판매 사이트 문의인증번호 확인""}"
케이스,80464100,"{""제조회사"": ""darkFlash"", ""등록년월"": ""2025년 04월"", ""제품 분류"": ""M-ATX 케이스"", ""M-ATX"": ""O"", ""M-ITX"": ""O"", ""VGA 길이"": ""420mm"", ""CPU쿨러 높이"": ""174mm"", ""케이스 크기"": ""미니타워"", ""8.9cm베이"": ""2개"", ""6.4cm베이"": ""1개"", ""저장장치 장착"": ""최대 3개"", ""PCI 슬롯(수평)"": ""4개"", ""전면 패널 타입"": ""메쉬"", ""측면 패널 타입"": ""강화유리"", ""먼지필터"": ""전체"", ""쿨링팬"": ""총3개"", ""LED팬"": ""3개"", ""후면"": ""120mm LED x1"", ""전면"": ""120mm LED x2"", ""USB2.0"": ""O"", ""USB3.x 5Gbps"": ""O"", ""USB C타입 10Gbps"": ""O"", ""너비(W)"": ""220mm"", ""깊이(D)"": ""469mm"", ""높이(H)"": ""408mm"", ""지원파워규격"": ""표준-ATX"", ""파워 장착 길이"": ""240mm"", ""파워 위치"": ""하단후면"", ""수랭쿨러 규격"": ""최대3열 지원"", ""라디에이터(상단)"": ""최대360mm, 280mm"", ""라디에이터(후면)"": ""최대120mm"", ""[부가기능]"": ""[부가기능]"", ""LED 색상"": ""RGB"", ""적합성평가인증"": ""상세설명 / 판매 사이트 문의인증번호 확인"", ""안전확인인증"": ""상세설명 / 판매 사이트 문의인증번호 확인""}"
케이스,80468717,"{""제조회사"": ""darkFlash"", ""등록년월"": ""2025년 04월"", ""제품 분류"": ""M-ATX 케이스"", ""M-ATX"": ""O"", ""M-ITX"": ""O"", ""VGA 길이"": ""420mm"", ""CPU쿨러 높이"": ""174mm"", ""케이스 크기"": ""미니타워"", ""8.9cm베이"": ""2개"", ""6.4cm베이"": ""1개"", ""저장장치 장착"": ""최대 3개"", ""PCI 슬롯(수평)"": ""4개"", ""전면 패널 타입"": ""메쉬"", ""측면 패널 타입"": ""강화유리"", ""먼지필터"": ""전체"", ""쿨링팬"": ""총3개"", ""LED팬"": ""3개"", ""후면"": ""120mm LED x1"", ""전면"": ""120mm LED x2"", ""USB2.0"": ""O"", ""USB3.x 5Gbps"": ""O"", ""USB C타입 10Gbps"": ""O"", ""너비(W)"": ""220mm"", ""깊이(D)"": ""469mm"", ""높이(H)"": ""408mm"", ""지원파워규격"": ""표준-ATX"", ""파워 장착 길이"": ""240mm"", ""파워 위치"": ""하단후면"", ""수랭쿨러 규격"": ""최대3열 지원"", ""라디에이터(상단)"": ""최대360mm, 280mm"", ""라디에이터(후면)"": ""최대120mm"", ""[부가기능]"": ""[부가기능]"", ""LED 색상"": ""RGB"", ""적합성평가인증"": ""상세설명 / 판매 사이트 문의인증번호 확인"", ""안전확인인증"": ""상세설명 / 판매 사이트 문의인증번호 확인""}"
케이스,86098574,"{""제조회사"": ""darkFlash"", ""등록년월"": ""2025년 04월"", ""제품 분류"": ""ATX 케이스"", ""ATX"": ""O"", ""M-ATX"": ""O"", ""ITX"": ""O"", ""VGA 길이"": ""425mm"", ""CPU쿨러 높이"": ""170mm"", ""케이스 크기"": ""미들타워"", ""8.9cm베이"": ""1개"", ""6.4cm베이"": ""2개"", ""저장장치 장착"": ""최대 3개"", ""PCI 슬롯(수평)"": ""7개"", ""전면 패널 타입"": ""강화유리"", ""측면 패널 타입"": ""강화유리"", ""먼지필터"": ""전체"", ""쿨링팬"": ""총4개"", ""LED팬"": ""4개"", ""후면"": ""120mm LED x1"", ""내부 측면"": ""120mm LED x3"", ""USB2.0"": ""O"", ""USB3.x 5Gbps"": ""O"", ""USB C타입 10Gbps"": ""O"", ""너비(W)"": ""218mm"", ""깊이(D)"": ""434mm"", ""높이(H)"": ""454mm"", ""지원파워규격"": ""표준-ATX"", ""파워 장착 길이"": ""260mm"", ""파워 위치"": ""하단후면"", ""수랭쿨러 규격"": ""최대3열 지원"", ""라디에이터(상단)"": ""최대360mm"", ""라디에이터(후면)"": ""최대120mm"", ""라디에이터(측면)"": ""최대240mm"", ""[부가기능]"": ""[부가기능]"", ""LED 색상"": ""ARGB"", ""적합성평가인증"": ""상세설명 / 판매 사이트 문의인증번호 확인"", ""안전확인인증"": ""상세설명 / 판매 사이트 문의인증번호 확인""}"
케이스,89861615,"{""제조회사"": ""darkFlash"", ""등록년월"": ""2025년 05월"", ""제품 분류"": ""M-ATX 케이스"", ""M-ATX"": ""O"", ""ITX"": ""O"", ""VGA 길이"": ""325mm"", ""CPU쿨러 높이"": ""155mm"", ""케이스 크기"": ""미니타워"", ""8.9cm베이"": ""1개"", ""6.4cm베이"": ""1개"", ""저장장치 장착"": ""최대 2개"", ""PCI 슬롯(수평)"": ""5개"", ""전면 패널 타입"": ""강화유리"", ""측면 패널 타입"": ""강화유리"", ""먼지필터"": ""부분"", ""쿨링팬"": ""총3개"", ""LED팬"": ""3개"", ""후면"": ""120mm LED x1"", ""내부 측면"": ""120mm LED x2"", ""USB2.0"": ""O"", ""USB3.x 5Gbps"": ""O"", ""너비(W)"": ""275mm"", ""깊이(D)"": ""335mm"", ""높이(H)"": ""327mm"", ""지원파워규격"": ""표준-ATX"", ""파워 장착 길이"": ""160mm"", ""파워 위치"": ""하단후면"", ""수랭쿨러 규격"": ""최대2열 지원"", ""라디에이터(전면)"": ""최대240mm"", ""라디에이터(하단)"": ""최대240mm"", ""[부가기능]"": ""[부가기능]"", ""LED 색상"": ""RGB"", ""적합성평가인증"": ""상세설명 / 판매 사이트 문의인증번호 확인"", ""안전확인인증"": ""상세설명 / 판매 사이트 문의인증번호 확인""}"
케이스,89861651,"{""제조회사"": ""darkFlash"", ""등록년월"": ""2025년 05월"", ""제품 분류"": ""M-ATX 케이스"", ""M-ATX"": ""O"", ""ITX"": ""O"", ""VGA 길이"": ""325mm"", ""CPU쿨러 높이"": ""155mm"", ""케이스 크기"": ""미니타워"", ""8.9cm베이"": ""1개"", ""6.4cm베이"": ""1개"", ""저장장치 장착"": ""최대 2개"", ""PCI 슬롯(수평)"": ""5개"", ""전면 패널 타입"": ""강화유리"", ""측면 패널 타입"": ""강화유리"", ""먼지필터"": ""부분"", ""쿨링팬"": ""총3개"", ""LED팬"": ""3개"", ""후면"": ""120mm LED x1"", ""내부 측면"": ""120mm LED x2"", ""USB2.0"": ""O"", ""USB3.x 5Gbps"": ""O"", ""너비(W)"": ""275mm"", ""깊이(D)"": ""335mm"", ""높이(H)"": ""327mm"", ""지원파워규격"": ""표준-ATX"", ""파워 장착 길이"": ""160mm"", ""파워 위치"": ""하단후면"", ""수랭쿨러 규격"": ""최대2열 지원"", ""라디에이터(전면)"": ""최대240mm"", ""라디에이터(하단)"": ""최대240mm"", ""[부가기능]"": ""[부가기능]"", ""LED 색상"": ""RGB"", ""적합성평가인증"": ""상세설명 / 판매 사이트 문의인증번호 확인"", ""안전확인인증"": ""상세설명 / 판매 사이트 문의인증번호 확인""}"
케이스,91348970,"{""제조회사"": ""앱코"", ""등록년월"": ""2025년 05월"", ""제품 분류"": ""M-ATX 케이스"", ""M-ATX"": ""O"", ""M-ITX"": ""O"", ""VGA 길이"": ""325mm"", ""CPU쿨러 높이"": ""155mm"", ""케이스 크기"": ""미니타워"", ""8.9cm베이"": ""1개"", ""6.4cm베이"": ""4개"", ""저장장치 장착"": ""최대 5개"", ""PCI 슬롯(수평)"": ""5개"", ""전면 패널 타입"": ""강화유리"", ""측면 패널 타입"": ""강화유리"", ""먼지필터"": ""부분"", ""쿨링팬"": ""총3개"", ""LED팬"": ""3개"", ""후면"": ""120mm LED  x1"", ""하단"": ""120mm LED x2"", ""USB2.0"": ""O"", ""USB3.x 5Gbps"": ""O"", ""너비(W)"": ""335mm"", ""깊이(D)"": ""275mm"", ""높이(H)"": ""353mm"", ""지원파워규격"": ""표준-ATX"", ""파워 장착 길이"": ""210mm"", ""파워 위치"": ""하단후면"", ""수랭쿨러 규격"": ""최대2열 지원"", ""라디에이터(상단)"": ""최대240mm"", ""라디에이터(후면)"": ""최대120mm"", ""[부가기능]"": ""[부가기능]"", ""LED 색상"": ""RGB"", ""적합성평가인증"": ""상세설명 / 판매 사이트 문의인증번호 확인"", ""안전확인인증"": ""상세설명 / 판매 사이트 문의인증번호 확인""}"
케이스,91497413,"{""제조회사"": ""darkFlash"", ""등록년월"": ""2025년 05월"", ""제품 분류"": ""ATX 케이스"", ""ATX"": ""O"", ""ATX (후면커넥터)"": ""O"", ""M-ATX"": ""O"", ""ITX"": ""O"", ""VGA 길이"": ""400mm"", ""CPU쿨러 높이"": ""180mm"", ""케이스 크기"": ""미들타워"", ""BTF"": ""O"", ""8.9cm베이"": ""2개"", ""저장장치 장착"": ""최대 2개"", ""PCI 슬롯(수평)"": ""7개"", ""수직 PCI형태"": ""슬롯변경형"", ""전면 패널 타입"": ""강화유리"", ""측면 패널 타입"": ""강화유리"", ""먼지필터"": ""부분"", ""쿨링팬"": ""총4개"", ""LED팬"": ""4개"", ""후면"": ""120mm LED x1"", ""내부 측면"": ""120mm LED x3"", ""USB3.x 5Gbps"": ""O"", ""USB C타입 10Gbps"": ""O"", ""너비(W)"": ""30mm"", ""깊이(D)"": ""479mm"", ""높이(H)"": ""466mm"", ""지원파워규격"": ""표준-ATX"", ""파워 장착 길이"": ""200mm"", ""파워 위치"": ""상단"", ""수랭쿨러 규격"": ""최대3열 지원"", ""라디에이터(상단)"": ""최대360mm"", ""라디에이터(전면)"": ""최대360mm"", ""라디에이터(후면)"": ""최대120mm"", ""[부가기능]"": ""[부가기능]"", ""팬 컨트롤"": ""O"", ""RGB 컨트롤"": ""O"", ""LED 색상"": ""ARGB"", ""적합성평가인증"": ""상세설명 / 판매 사이트 문의인증번호 확인"", ""안전확인인증"": ""상세설명 / 판매 사이트 문의인증번호 확인""}"
케이스,91497431,"{""제조회사"": ""darkFlash"", ""등록년월"": ""2025년 05월"", ""제품 분류"": ""ATX 케이스"", ""ATX"": ""O"", ""ATX (후면커넥터)"": ""O"", ""M-ATX"": ""O"", ""ITX"": ""O"", ""VGA 길이"": ""400mm"", ""CPU쿨러 높이"": ""180mm"", ""케이스 크기"": ""미들타워"", ""BTF"": ""O"", ""8.9cm베이"": ""2개"", ""저장장치 장착"": ""최대 2개"", ""PCI 슬롯(수평)"": ""7개"", ""수직 PCI형태"": ""슬롯변경형"", ""전면 패널 타입"": ""강화유리"", ""측면 패널 타입"": ""강화유리"", ""먼지필터"": ""부분"", ""쿨링팬"": ""총4개"", ""LED팬"": ""4개"", ""후면"": ""120mm LED x1"", ""내부 측면"": ""120mm LED x3"", ""USB3.x 5Gbps"": ""O"", ""USB C타입 10Gbps"": ""O"", ""너비(W)"": ""30mm"", ""깊이(D)"": ""479mm"", ""높이(H)"": ""466mm"", ""지원파워규격"": ""표준-ATX"", ""파워 장착 길이"": ""200mm"", ""파워 위치"": ""상단"", ""수랭쿨러 규격"": ""최대3열 지원"", ""라디에이터(상단)"": ""최대360mm"", ""라디에이터(전면)"": ""최대360mm"", ""라디에이터(후면)"": ""최대120mm"", ""[부가기능]"": ""[부가기능]"", ""팬 컨트롤"": ""O"", ""RGB 컨트롤"": ""O"", ""LED 색상"": ""ARGB"", ""적합성평가인증"": ""상세설명 / 판매 사이트 문의인증번호 확인"", ""안전확인인증"": ""상세설명 / 판매 사이트 문의인증번호 확인""}"
케이스,92187578,"{""제조회사"": ""darkFlash"", ""등록년월"": ""2025년 06월"", ""제품 분류"": ""ATX 케이스"", ""ATX"": ""O"", ""M-ATX"": ""O"", ""ITX"": ""O"", ""VGA 길이"": ""425mm"", ""CPU쿨러 높이"": ""170mm"", ""케이스 크기"": ""미들타워"", ""8.9cm베이"": ""2개"", ""6.4cm베이"": ""1개"", ""저장장치 장착"": ""최대 3개"", ""PCI 슬롯(수평)"": ""7개"", ""전면 패널 타입"": ""메쉬"", ""측면 패널 타입"": ""강화유리"", ""먼지필터"": ""부분"", ""쿨링팬"": ""총4개"", ""LED팬"": ""4개"", ""후면"": ""120mm LED x1"", ""전면"": ""120mm LED x3"", ""USB2.0"": ""O"", ""USB3.x 5Gbps"": ""O"", ""USB C타입 10Gbps"": ""O"", ""너비(W)"": ""218mm"", ""깊이(D)"": ""470mm"", ""높이(H)"": ""454mm"", ""지원파워규격"": ""표준-ATX"", ""파워 장착 길이"": ""260mm"", ""파워 위치"": ""하단후면"", ""수랭쿨러 규격"": ""최대3열 지원"", ""라디에이터(상단)"": ""최대360mm"", ""라디에이터(후면)"": ""최대120mm"", ""[부가기능]"": ""[부가기능]"", ""LED 색상"": ""RGB"", ""적합성평가인증"": ""상세설명 / 판매 사이트 문의인증번호 확인"", ""안전확인인증"": ""상세설명 / 판매 사이트 문의인증번호 확인""}"
케이스,92187584,"{""제조회사"": ""darkFlash"", ""등록년월"": ""2025년 06월"", ""제품 분류"": ""ATX 케이스"", ""ATX"": ""O"", ""M-ATX"": ""O"", ""ITX"": ""O"", ""VGA 길이"": ""425mm"", ""CPU쿨러 높이"": ""170mm"", ""케이스 크기"": ""미들타워"", ""8.9cm베이"": ""2개"", ""6.4cm베이"": ""1개"", ""저장장치 장착"": ""최대 3개"", ""PCI 슬롯(수평)"": ""7개"", ""전면 패널 타입"": ""메쉬"", ""측면 패널 타입"": ""강화유리"", ""먼지필터"": ""부분"", ""쿨링팬"": ""총4개"", ""LED팬"": ""4개"", ""후면"": ""120mm LED x1"", ""전면"": ""120mm LED x3"", ""USB2.0"": ""O"", ""USB3.x 5Gbps"": ""O"", ""USB C타입 10Gbps"": ""O"", ""너비(W)"": ""218mm"", ""깊이(D)"": ""470mm"", ""높이(H)"": ""454mm"", ""지원파워규격"": ""표준-ATX"", ""파워 장착 길이"": ""260mm"", ""파워 위치"": ""하단후면"", ""수랭쿨러 규격"": ""최대3열 지원"", ""라디에이터(상단)"": ""최대360mm"", ""라디에이터(후면)"": ""최대120mm"", ""[부가기능]"": ""[부가기능]"", ""LED 색상"": ""RGB"", ""적합성평가인증"": ""상세설명 / 판매 사이트 문의인증번호 확인"", ""안전확인인증"": ""상세설명 / 판매 사이트 문의인증번호 확인""}"
케이스,93320456,"{""제조회사"": ""앱코"", ""등록년월"": ""2025년 06월"", ""제품 분류"": ""ATX 케이스"", ""ATX"": ""O"", ""ATX (후면커넥터)"": ""O"", ""M-ATX"": ""O"", ""M-ATX (후면커넥터)"": ""O"", ""M-ITX"": ""O"", ""VGA 길이"": ""420mm"", ""CPU쿨러 높이"": ""160mm"", ""케이스 크기"": ""미들타워"", ""BTF"": ""O"", ""8.9cm베이"": ""1개"", ""6.4cm베이"": ""2개"", ""저장장치 장착"": ""최대 3개"", ""PCI 슬롯(수평)"": ""7개"", ""전면 패널 타입"": ""강화유리"", ""측면 패널 타입"": ""강화유리"", ""먼지필터"": ""부분"", ""쿨링팬"": ""총4개"", ""LED팬"": ""4개"", ""후면"": ""120mm LED X1"", ""내부 측면"": ""120mm LED X3"", ""USB3.x 5Gbps"": ""O"", ""USB C타입 20Gbps"": ""O"", ""너비(W)"": ""285mm"", ""깊이(D)"": ""460mm"", ""높이(H)"": ""400mm"", ""지원파워규격"": ""표준-ATX"", ""파워 장착 길이"": ""210mmmm"", ""파워 위치"": ""상단"", ""수랭쿨러 규격"": ""최대3열 지원"", ""라디에이터(상단)"": ""최대360mm, 280mm"", ""라디에이터(후면)"": ""최대120mm"", ""[부가기능]"": ""[부가기능]"", ""외부 LED"": ""O"", ""팬 컨트롤"": ""O"", ""RGB 컨트롤"": ""O"", ""LED 색상"": ""ARGB"", ""적합성평가인증"": ""상세설명 / 판매 사이트 문의인증번호 확인"", ""안전확인인증"": ""상세설명 / 판매 사이트 문의인증번호 확인""}"
케이스,93320471,"{""제조회사"": ""앱코"", ""등록년월"": ""2025년 06월"", ""제품 분류"": ""ATX 케이스"", ""ATX"": ""O"", ""ATX (후면커넥터)"": ""O"", ""M-ATX"": ""O"", ""M-ATX (후면커넥터)"": ""O"", ""M-ITX"": ""O"", ""VGA 길이"": ""420mm"", ""CPU쿨러 높이"": ""160mm"", ""케이스 크기"": ""미들타워"", ""BTF"": ""O"", ""8.9cm베이"": ""1개"", ""6.4cm베이"": ""2개"", ""저장장치 장착"": ""최대 3개"", ""PCI 슬롯(수평)"": ""7개"", ""전면 패널 타입"": ""강화유리"", ""측면 패널 타입"": ""강화유리"", ""먼지필터"": ""부분"", ""쿨링팬"": ""총4개"", ""LED팬"": ""4개"", ""후면"": ""120mm LED X1"", ""내부 측면"": ""120mm LED X3"", ""USB3.x 5Gbps"": ""O"", ""USB C타입 20Gbps"": ""O"", ""너비(W)"": ""285mm"", ""깊이(D)"": ""460mm"", ""높이(H)"": ""400mm"", ""지원파워규격"": ""표준-ATX"", ""파워 장착 길이"": ""210mmmm"", ""파워 위치"": ""상단"", ""수랭쿨러 규격"": ""최대3열 지원"", ""라디에이터(상단)"": ""최대360mm, 280mm"", ""라디에이터(후면)"": ""최대120mm"", ""[부가기능]"": ""[부가기능]"", ""외부 LED"": ""O"", ""팬 컨트롤"": ""O"", ""RGB 컨트롤"": ""O"", ""LED 색상"": ""ARGB"", ""적합성평가인증"": ""상세설명 / 판매 사이트 문의인증번호 확인"", ""안전확인인증"": ""상세설명 / 판매 사이트 문의인증번호 확인""}"
케이스,93804113,"{""제조회사"": ""darkFlash"", ""등록년월"": ""2025년 07월"", ""제품 분류"": ""ATX 케이스"", ""ATX"": ""O"", ""M-ATX"": ""O"", ""ITX"": ""O"", ""VGA 길이"": ""425mm"", ""CPU쿨러 높이"": ""170mm"", ""케이스 크기"": ""미들타워"", ""8.9cm베이"": ""1개"", ""6.4cm베이"": ""2개"", ""저장장치 장착"": ""최대 3개"", ""PCI 슬롯(수평)"": ""7개"", ""전면 패널 타입"": ""강화유리"", ""측면 패널 타입"": ""강화유리"", ""먼지필터"": ""부분"", ""쿨링팬"": ""총4개"", ""LED팬"": ""4개"", ""후면"": ""120mm LED x1"", ""내부 측면"": ""120mm LED x3"", ""USB2.0"": ""O"", ""USB3.x 5Gbps"": ""O"", ""USB C타입 10Gbps"": ""O"", ""너비(W)"": ""218mm"", ""깊이(D)"": ""434mm"", ""높이(H)"": ""454mm"", ""지원파워규격"": ""표준-ATX"", ""파워 장착 길이"": ""260mm"", ""파워 위치"": ""하단후면"", ""수랭쿨러 규격"": ""최대3열 지원"", ""라디에이터(상단)"": ""최대360mm"", ""라디에이터(전면)"": ""최대240mm"", ""라디에이터(후면)"": ""최대120mm"", ""[부가기능]"": ""[부가기능]"", ""LED 색상"": ""ARGB"", ""적합성평가인증"": ""상세설명 / 판매 사이트 문의인증번호 확인"", ""안전확인인증"": ""상세설명 / 판매 사이트 문의인증번호 확인""}"
케이스,93804134,"{""제조회사"": ""darkFlash"", ""등록년월"": ""2025년 07월"", ""제품 분류"": ""ATX 케이스"", ""ATX"": ""O"", ""M-ATX"": ""O"", ""ITX"": ""O"", ""VGA 길이"": ""425mm"", ""CPU쿨러 높이"": ""170mm"", ""케이스 크기"": ""미들타워"", ""8.9cm베이"": ""1개"", ""6.4cm베이"": ""2개"", ""저장장치 장착"": ""최대 3개"", ""PCI 슬롯(수평)"": ""7개"", ""전면 패널 타입"": ""강화유리"", ""측면 패널 타입"": ""강화유리"", ""먼지필터"": ""부분"", ""쿨링팬"": ""총4개"", ""LED팬"": ""4개"", ""후면"": ""120mm LED x1"", ""내부 측면"": ""120mm LED x3"", ""USB2.0"": ""O"", ""USB3.x 5Gbps"": ""O"", ""USB C타입 10Gbps"": ""O"", ""너비(W)"": ""218mm"", ""깊이(D)"": ""434mm"", ""높이(H)"": ""454mm"", ""지원파워규격"": ""표준-ATX"", ""파워 장착 길이"": ""260mm"", ""파워 위치"": ""하단후면"", ""수랭쿨러 규격"": ""최대3열 지원"", ""라디에이터(상단)"": ""최대360mm"", ""라디에이터(전면)"": ""최대240mm"", ""라디에이터(후면)"": ""최대120mm"", ""[부가기능]"": ""[부가기능]"", ""LED 색상"": ""ARGB"", ""적합성평가인증"": ""상세설명 / 판매 사이트 문의인증번호 확인"", ""안전확인인증"": ""상세설명 / 판매 사이트 문의인증번호 확인""}"
케이스,94088714,"{""제조회사"": ""앱코"", ""등록년월"": ""2025년 07월"", ""제품 분류"": ""ATX 케이스"", ""ATX"": ""O"", ""M-ATX"": ""O"", ""M-ITX"": ""O"", ""VGA 길이"": ""400mm"", ""CPU쿨러 높이"": ""165mm"", ""케이스 크기"": ""미들타워"", ""8.9cm베이"": ""2개"", ""6.4cm베이"": ""3개"", ""저장장치 장착"": ""최대 5개"", ""PCI 슬롯(수평)"": ""7개"", ""전면 패널 타입"": ""메쉬"", ""측면 패널 타입"": ""강화유리"", ""먼지필터"": ""부분"", ""쿨링팬"": ""총3개"", ""LED팬"": ""3개"", ""후면"": ""120mm LED x1"", ""전면"": ""140mm LED x2"", ""USB2.0"": ""O"", ""USB3.x 5Gbps"": ""O"", ""너비(W)"": ""212mm"", ""깊이(D)"": ""420mm"", ""높이(H)"": ""485mm"", ""지원파워규격"": ""표준-ATX"", ""파워 장착 길이"": ""200mm"", ""파워 위치"": ""하단후면"", ""수랭쿨러 규격"": ""최대3열 지원"", ""라디에이터(상단)"": ""최대360mm, 280mm"", ""라디에이터(전면)"": ""최대280mm, 240mm"", ""라디에이터(후면)"": ""최대120mm"", ""[부가기능]"": ""[부가기능]"", ""LED 색상"": ""RGB"", ""적합성평가인증"": ""상세설명 / 판매 사이트 문의인증번호 확인"", ""안전확인인증"": ""상세설명 / 판매 사이트 문의인증번호 확인""}"
케이스,94088744,"{""제조회사"": ""앱코"", ""등록년월"": ""2025년 07월"", ""제품 분류"": ""ATX 케이스"", ""ATX"": ""O"", ""M-ATX"": ""O"", ""M-ITX"": ""O"", ""VGA 길이"": ""400mm"", ""CPU쿨러 높이"": ""165mm"", ""케이스 크기"": ""미들타워"", ""8.9cm베이"": ""2개"", ""6.4cm베이"": ""3개"", ""저장장치 장착"": ""최대 5개"", ""PCI 슬롯(수평)"": ""7개"", ""전면 패널 타입"": ""메쉬"", ""측면 패널 타입"": ""강화유리"", ""먼지필터"": ""부분"", ""쿨링팬"": ""총3개"", ""LED팬"": ""3개"", ""후면"": ""120mm LED x1"", ""전면"": ""140mm LED x2"", ""USB2.0"": ""O"", ""USB3.x 5Gbps"": ""O"", ""너비(W)"": ""212mm"", ""깊이(D)"": ""420mm"", ""높이(H)"": ""485mm"", ""지원파워규격"": ""표준-ATX"", ""파워 장착 길이"": ""200mm"", ""파워 위치"": ""하단후면"", ""수랭쿨러 규격"": ""최대3열 지원"", ""라디에이터(상단)"": ""최대360mm, 280mm"", ""라디에이터(전면)"": ""최대280mm, 240mm"", ""라디에이터(후면)"": ""최대120mm"", ""[부가기능]"": ""[부가기능]"", ""LED 색상"": ""RGB"", ""적합성평가인증"": ""상세설명 / 판매 사이트 문의인증번호 확인"", ""안전확인인증"": ""상세설명 / 판매 사이트 문의인증번호 확인""}"
케이스,94812776,"{""제조회사"": ""앱코"", ""등록년월"": ""2025년 07월"", ""제품 분류"": ""ATX 케이스"", ""E-ATX"": ""O"", ""ATX"": ""O"", ""M-ATX"": ""O"", ""M-ITX"": ""O"", ""VGA 길이"": ""400mm"", ""CPU쿨러 높이"": ""165mm"", ""케이스 크기"": ""미들타워"", ""8.9cm베이"": ""2개"", ""6.4cm베이"": ""1개"", ""저장장치 장착"": ""최대 3개"", ""PCI 슬롯(수평)"": ""7개"", ""전면 패널 타입"": ""강화유리"", ""측면 패널 타입"": ""강화유리"", ""먼지필터"": ""전체"", ""후면"": ""120mm LED x1"", ""내부 측면"": ""120mm LED x2"", ""USB2.0"": ""O"", ""USB3.x 5Gbps"": ""O"", ""너비(W)"": ""212mm"", ""깊이(D)"": ""420mm"", ""높이(H)"": ""485mm"", ""지원파워규격"": ""표준-ATX"", ""파워 장착 길이"": ""200mm"", ""파워 위치"": ""하단후면"", ""수랭쿨러 규격"": ""최대3열 지원"", ""라디에이터(상단)"": ""최대360mm, 280mm"", ""라디에이터(후면)"": ""최대120mm"", ""[부가기능]"": ""[부가기능]"", ""LED 색상"": ""RGB"", ""적합성평가인증"": ""R-R-ABS-CSTD-01인증번호 확인"", ""안전확인인증"": ""상세설명 / 판매 사이트 문의인증번호 확인""}"
케이스,94812809,"{""제조회사"": ""앱코"", ""등록년월"": ""2025년 07월"", ""제품 분류"": ""ATX 케이스"", ""E-ATX"": ""O"", ""ATX"": ""O"", ""M-ATX"": ""O"", ""M-ITX"": ""O"", ""VGA 길이"": ""400mm"", ""CPU쿨러 높이"": ""165mm"", ""케이스 크기"": ""미들타워"", ""8.9cm베이"": ""2개"", ""6.4cm베이"": ""1개"", ""저장장치 장착"": ""최대 3개"", ""PCI 슬롯(수평)"": ""7개"", ""전면 패널 타입"": ""강화유리"", ""측면 패널 타입"": ""강화유리"", ""먼지필터"": ""전체"", ""후면"": ""120mm LED x1"", ""내부 측면"": ""120mm LED x2"", ""USB2.0"": ""O"", ""USB3.x 5Gbps"": ""O"", ""너비(W)"": ""212mm"", ""깊이(D)"": ""420mm"", ""높이(H)"": ""485mm"", ""지원파워규격"": ""표준-ATX"", ""파워 장착 길이"": ""200mm"", ""파워 위치"": ""하단후면"", ""수랭쿨러 규격"": ""최대3열 지원"", ""라디에이터(상단)"": ""최대360mm, 280mm"", ""라디에이터(후면)"": ""최대120mm"", ""[부가기능]"": ""[부가기능]"", ""LED 색상"": ""RGB"", ""적합성평가인증"": ""R-R-ABS-CSTD-01인증번호 확인"", ""안전확인인증"": ""상세설명 / 판매 사이트 문의인증번호 확인""}"
케이스,94880948,"{""제조회사"": ""darkFlash"", ""등록년월"": ""2025년 07월"", ""제품 분류"": ""ATX 케이스"", ""ATX"": ""O"", ""ATX (후면커넥터)"": ""O"", ""M-ATX"": ""O"", ""M-ATX (후면커넥터)"": ""O"", ""ITX"": ""O"", ""VGA 길이"": ""420mm"", ""CPU쿨러 높이"": ""180mm"", ""케이스 크기"": ""미들타워"", ""BTF"": ""O"", ""프로젝트 제로"": ""O"", ""스텔스"": ""O"", ""8.9cm베이"": ""4개"", ""6.4cm베이"": ""2개"", ""저장장치 장착"": ""최대 6개"", ""PCI 슬롯(수평)"": ""7개"", ""수직 PCI형태"": ""슬롯변경형"", ""전면 패널 타입"": ""강화유리"", ""측면 패널 타입"": ""강화유리"", ""먼지필터"": ""부분"", ""쿨링팬"": ""총4개"", ""LED팬"": ""4개"", ""후면"": ""140mm LED x1"", ""내부 측면"": ""140mm LED x3"", ""USB3.x 5Gbps"": ""O"", ""USB C타입 10Gbps"": ""O"", ""너비(W)"": ""258mm"", ""깊이(D)"": ""450m"", ""높이(H)"": ""491mm"", ""지원파워규격"": ""표준-ATX"", ""파워 장착 길이"": ""280mm"", ""파워 위치"": ""하단후면"", ""수랭쿨러 규격"": ""최대3열 지원"", ""라디에이터(상단)"": ""최대360mm"", ""라디에이터(측면)"": ""최대360mm"", ""[부가기능]"": ""[부가기능]"", ""RGB 컨트롤"": ""O"", ""LED 색상"": ""ARGB"", ""적합성평가인증"": ""상세설명 / 판매 사이트 문의인증번호 확인"", ""안전확인인증"": ""상세설명 / 판매 사이트 문의인증번호 확인""}"
케이스,94880963,"{""제조회사"": ""darkFlash"", ""등록년월"": ""2025년 07월"", ""제품 분류"": ""ATX 케이스"", ""ATX"": ""O"", ""ATX (후면커넥터)"": ""O"", ""M-ATX"": ""O"", ""M-ATX (후면커넥터)"": ""O"", ""ITX"": ""O"", ""VGA 길이"": ""420mm"", ""CPU쿨러 높이"": ""180mm"", ""케이스 크기"": ""미들타워"", ""BTF"": ""O"", ""프로젝트 제로"": ""O"", ""스텔스"": ""O"", ""8.9cm베이"": ""4개"", ""6.4cm베이"": ""2개"", ""저장장치 장착"": ""최대 6개"", ""PCI 슬롯(수평)"": ""7개"", ""수직 PCI형태"": ""슬롯변경형"", ""전면 패널 타입"": ""강화유리"", ""측면 패널 타입"": ""강화유리"", ""먼지필터"": ""부분"", ""쿨링팬"": ""총4개"", ""LED팬"": ""4개"", ""후면"": ""140mm LED x1"", ""내부 측면"": ""140mm LED x3"", ""USB3.x 5Gbps"": ""O"", ""USB C타입 10Gbps"": ""O"", ""너비(W)"": ""258mm"", ""깊이(D)"": ""450mm"", ""높이(H)"": ""491mm"", ""지원파워규격"": ""표준-ATX"", ""파워 장착 길이"": ""280mm"", ""파워 위치"": ""하단후면"", ""수랭쿨러 규격"": ""최대3열 지원"", ""라디에이터(상단)"": ""최대360mm"", ""라디에이터(측면)"": ""최대360mm"", ""[부가기능]"": ""[부가기능]"", ""RGB 컨트롤"": ""O"", ""LED 색상"": ""ARGB"", ""적합성평가인증"": ""상세설명 / 판매 사이트 문의인증번호 확인"", ""안전확인인증"": ""상세설명 / 판매 사이트 문의인증번호 확인""}"
케이스,95424719,"{""제조회사"": ""앱코"", ""등록년월"": ""2025년 08월"", ""제품 분류"": ""M-ATX 케이스"", ""M-ATX"": ""O"", ""M-ITX"": ""O"", ""VGA 길이"": ""350mm"", ""CPU쿨러 높이"": ""165mm"", ""케이스 크기"": ""미니타워"", ""8.9cm베이"": ""1개"", ""6.4cm베이"": ""2개"", ""저장장치 장착"": ""최대 3개"", ""PCI 슬롯(수평)"": ""4개"", ""전면 패널 타입"": ""강화유리"", ""측면 패널 타입"": ""강화유리"", ""먼지필터"": ""부분"", ""쿨링팬"": ""총3개"", ""LED팬"": ""3개"", ""후면"": ""120mm LED x1"", ""내부 측면"": ""120mm LED x2"", ""USB2.0"": ""O"", ""USB3.x 5Gbps"": ""O"", ""너비(W)"": ""212mm"", ""깊이(D)"": ""360mm"", ""높이(H)"": ""453mm"", ""지원파워규격"": ""표준-ATX"", ""파워 장착 길이"": ""180mm"", ""파워 위치"": ""하단후면"", ""수랭쿨러 규격"": ""최대2열 지원"", ""라디에이터(상단)"": ""최대280mm, 240mm"", ""라디에이터(후면)"": ""최대120mm"", ""[부가기능]"": ""[부가기능]"", ""LED 색상"": ""RGB"", ""적합성평가인증"": ""R-R-ABS-CSTD-01인증번호 확인"", ""안전확인인증"": ""상세설명 / 판매 사이트 문의인증번호 확인""}"
케이스,95424734,"{""제조회사"": ""앱코"", ""등록년월"": ""2025년 08월"", ""제품 분류"": ""M-ATX 케이스"", ""M-ATX"": ""O"", ""M-ITX"": ""O"", ""VGA 길이"": ""350mm"", ""CPU쿨러 높이"": ""165mm"", ""케이스 크기"": ""미니타워"", ""8.9cm베이"": ""1개"", ""6.4cm베이"": ""2개"", ""저장장치 장착"": ""최대 3개"", ""PCI 슬롯(수평)"": ""4개"", ""전면 패널 타입"": ""강화유리"", ""측면 패널 타입"": ""강화유리"", ""먼지필터"": ""부분"", ""쿨링팬"": ""총3개"", ""LED팬"": ""3개"", ""후면"": ""120mm LED x1"", ""내부 측면"": ""120mm LED x2"", ""USB2.0"": ""O"", ""USB3.x 5Gbps"": ""O"", ""너비(W)"": ""212mm"", ""깊이(D)"": ""360mm"", ""높이(H)"": ""453mm"", ""지원파워규격"": ""표준-ATX"", ""파워 장착 길이"": ""180mm"", ""파워 위치"": ""하단후면"", ""수랭쿨러 규격"": ""최대2열 지원"", ""라디에이터(상단)"": ""최대280mm, 240mm"", ""라디에이터(후면)"": ""최대120mm"", ""[부가기능]"": ""[부가기능]"", ""LED 색상"": ""RGB"", ""적합성평가인증"": ""R-R-ABS-CSTD-01인증번호 확인"", ""안전확인인증"": ""상세설명 / 판매 사이트 문의인증번호 확인""}"
케이스,99640949,"{""제조회사"": ""앱코"", ""등록년월"": ""2025년 10월"", ""제품 분류"": ""ATX 케이스"", ""E-ATX"": ""O"", ""ATX"": ""O"", ""ATX (후면커넥터)"": ""O"", ""M-ATX"": ""O"", ""M-ATX (후면커넥터)"": ""O"", ""M-ITX"": ""O"", ""VGA 길이"": ""408mm"", ""CPU쿨러 높이"": ""180mm"", ""케이스 크기"": ""미들타워"", ""BTF"": ""O"", ""8.9cm베이"": ""3개"", ""6.4cm베이"": ""1개"", ""저장장치 장착"": ""최대 4개"", ""PCI 슬롯(수평)"": ""7개"", ""전면 패널 타입"": ""메쉬"", ""측면 패널 타입"": ""강화유리"", ""먼지필터"": ""부분"", ""쿨링팬"": ""총4개"", ""LED팬"": ""4개"", ""후면"": ""140mm LED x1"", ""전면"": ""140mm LED x3"", ""USB3.x 5Gbps"": ""O"", ""USB C타입 20Gbps"": ""O"", ""너비(W)"": ""238mm"", ""깊이(D)"": ""479mm"", ""높이(H)"": ""500mm"", ""지원파워규격"": ""표준-ATX"", ""파워 장착 길이"": ""240mm"", ""파워 위치"": ""하단후면"", ""수랭쿨러 규격"": ""최대3열 지원"", ""라디에이터(상단)"": ""최대360mm, 280mm"", ""라디에이터(전면)"": ""최대420mm, 360mm"", ""라디에이터(후면)"": ""최대120mm"", ""[부가기능]"": ""[부가기능]"", ""팬 컨트롤"": ""O"", ""RGB 컨트롤"": ""O"", ""LED 색상"": ""ARGB"", ""적합성평가인증"": ""상세설명 / 판매 사이트 문의인증번호 확인"", ""안전확인인증"": ""상세설명 / 판매 사이트 문의인증번호 확인""}"
케이스,99640955,"{""제조회사"": ""앱코"", ""등록년월"": ""2025년 10월"", ""제품 분류"": ""ATX 케이스"", ""E-ATX"": ""O"", ""ATX"": ""O"", ""ATX (후면커넥터)"": ""O"", ""M-ATX"": ""O"", ""M-ATX (후면커넥터)"": ""O"", ""M-ITX"": ""O"", ""VGA 길이"": ""408mm"", ""CPU쿨러 높이"": ""180mm"", ""케이스 크기"": ""미들타워"", ""BTF"": ""O"", ""8.9cm베이"": ""3개"", ""6.4cm베이"": ""1개"", ""저장장치 장착"": ""최대 4개"", ""PCI 슬롯(수평)"": ""7개"", ""전면 패널 타입"": ""메쉬"", ""측면 패널 타입"": ""강화유리"", ""먼지필터"": ""부분"", ""쿨링팬"": ""총4개"", ""LED팬"": ""4개"", ""후면"": ""140mm LED x1"", ""전면"": ""140mm LED x3"", ""USB3.x 5Gbps"": ""O"", ""USB C타입 20Gbps"": ""O"", ""너비(W)"": ""238mm"", ""깊이(D)"": ""479mm"", ""높이(H)"": ""500mm"", ""지원파워규격"": ""표준-ATX"", ""파워 장착 길이"": ""240mm"", ""파워 위치"": ""하단후면"", ""수랭쿨러 규격"": ""최대3열 지원"", ""라디에이터(상단)"": ""최대360mm, 280mm"", ""라디에이터(전면)"": ""최대420mm, 360mm"", ""라디에이터(후면)"": ""최대120mm"", ""[부가기능]"": ""[부가기능]"", ""팬 컨트롤"": ""O"", ""RGB 컨트롤"": ""O"", ""LED 색상"": ""ARGB"", ""적합성평가인증"": ""상세설명 / 판매 사이트 문의인증번호 확인"", ""안전확인인증"": ""상세설명 / 판매 사이트 문의인증번호 확인""}"
케이스,99735548,"{""제조회사"": ""darkFlash"", ""등록년월"": ""2025년 10월"", ""제품 분류"": ""ATX 케이스"", ""ATX"": ""O"", ""ATX (후면커넥터)"": ""O"", ""M-ATX"": ""O"", ""M-ATX (후면커넥터)"": ""O"", ""ITX"": ""O"", ""VGA 길이"": ""410mm"", ""CPU쿨러 높이"": ""175mm"", ""케이스 크기"": ""미들타워"", ""BTF"": ""O"", ""8.9cm베이"": ""2개"", ""6.4cm베이"": ""1개"", ""저장장치 장착"": ""최대 3개"", ""PCI 슬롯(수평)"": ""7개"", ""전면 패널 타입"": ""강화유리"", ""측면 패널 타입"": ""강화유리"", ""먼지필터"": ""부분"", ""쿨링팬"": ""총4개"", ""LED팬"": ""4개"", ""후면"": ""120mm LED x1"", ""전면"": ""120mm LED x3"", ""USB3.x 5Gbps"": ""O"", ""USB C타입 10Gbps"": ""O"", ""너비(W)"": ""238mm"", ""깊이(D)"": ""452mm"", ""높이(H)"": ""541mm"", ""지원파워규격"": ""표준-ATX"", ""파워 장착 길이"": ""260mm"", ""파워 위치"": ""하단후면"", ""수랭쿨러 규격"": ""최대3열 지원"", ""라디에이터(상단)"": ""최대360mm"", ""라디에이터(후면)"": ""최대140mm"", ""[부가기능]"": ""[부가기능]"", ""LED 색상"": ""ARGB"", ""적합성평가인증"": ""상세설명 / 판매 사이트 문의인증번호 확인"", ""안전확인인증"": ""상세설명 / 판매 사이트 문의인증번호 확인""}"
케이스,99735608,"{""제조회사"": ""darkFlash"", ""등록년월"": ""2025년 10월"", ""제품 분류"": ""ATX 케이스"", ""ATX"": ""O"", ""ATX (후면커넥터)"": ""O"", ""M-ATX"": ""O"", ""M-ATX (후면커넥터)"": ""O"", ""ITX"": ""O"", ""VGA 길이"": ""410mm"", ""CPU쿨러 높이"": ""175mm"", ""케이스 크기"": ""미들타워"", ""BTF"": ""O"", ""8.9cm베이"": ""2개"", ""6.4cm베이"": ""1개"", ""저장장치 장착"": ""최대 3개"", ""PCI 슬롯(수평)"": ""7개"", ""전면 패널 타입"": ""강화유리"", ""측면 패널 타입"": ""강화유리"", ""먼지필터"": ""부분"", ""쿨링팬"": ""총4개"", ""LED팬"": ""4개"", ""후면"": ""120mm LED x1"", ""전면"": ""120mm LED x3"", ""USB3.x 5Gbps"": ""O"", ""USB C타입 10Gbps"": ""O"", ""너비(W)"": ""238mm"", ""깊이(D)"": ""452mm"", ""높이(H)"": ""541mm"", ""지원파워규격"": ""표준-ATX"", ""파워 장착 길이"": ""260mm"", ""파워 위치"": ""하단후면"", ""수랭쿨러 규격"": ""최대3열 지원"", ""라디에이터(상단)"": ""최대360mm"", ""라디에이터(후면)"": ""최대140mm"", ""[부가기능]"": ""[부가기능]"", ""LED 색상"": ""ARGB"", ""적합성평가인증"": ""상세설명 / 판매 사이트 문의인증번호 확인"", ""안전확인인증"": ""상세설명 / 판매 사이트 문의인증번호 확인""}"
케이스,99889685,"{""제조회사"": ""앱코"", ""등록년월"": ""2025년 11월"", ""제품 분류"": ""M-ATX 케이스"", ""M-ATX"": ""O"", ""M-ITX"": ""O"", ""VGA 길이"": ""265mm"", ""CPU쿨러 높이"": ""160mm"", ""케이스 크기"": ""미니타워"", ""8.9cm베이"": ""1개"", ""6.4cm베이"": ""1개"", ""저장장치 장착"": ""최대 2개"", ""PCI 슬롯(수평)"": ""4개"", ""전면 패널 타입"": ""일반(솔리드)"", ""측면 패널 타입"": ""통풍구"", ""먼지필터"": ""부분"", ""쿨링팬"": ""총1개"", ""후면"": ""120mm x1"", ""USB2.0"": ""O"", ""USB3.x 5Gbps"": ""O"", ""너비(W)"": ""185mm"", ""깊이(D)"": ""318.75mm"", ""높이(H)"": ""379mm"", ""지원파워규격"": ""표준-ATX"", ""파워 장착 길이"": ""160mm"", ""파워 위치"": ""하단후면"", ""적합성평가인증"": ""상세설명 / 판매 사이트 문의인증번호 확인"", ""안전확인인증"": ""상세설명 / 판매 사이트 문의인증번호 확인""}"
케이스,99889706,"{""제조회사"": ""앱코"", ""등록년월"": ""2025년 11월"", ""제품 분류"": ""ATX 케이스"", ""ATX"": ""O"", ""M-ATX"": ""O"", ""M-ITX"": ""O"", ""VGA 길이"": ""265mm"", ""CPU쿨러 높이"": ""160mm"", ""케이스 크기"": ""미들타워"", ""8.9cm베이"": ""1개"", ""6.4cm베이"": ""1개"", ""저장장치 장착"": ""최대 2개"", ""PCI 슬롯(수평)"": ""7개"", ""전면 패널 타입"": ""일반(솔리드)"", ""측면 패널 타입"": ""통풍구"", ""먼지필터"": ""부분"", ""쿨링팬"": ""총1개"", ""후면"": ""120mm x1"", ""USB2.0"": ""O"", ""USB3.x 5Gbps"": ""O"", ""너비(W)"": ""185mm"", ""깊이(D)"": ""318.75mm"", ""높이(H)"": ""440mm"", ""지원파워규격"": ""표준-ATX"", ""파워 장착 길이"": ""160mm"", ""파워 위치"": ""하단후면"", ""적합성평가인증"": ""상세설명 / 판매 사이트 문의인증번호 확인"", ""안전확인인증"": ""상세설명 / 판매 사이트 문의인증번호 확인""}"
케이스,100271060,"{""제조회사"": ""darkFlash"", ""등록년월"": ""2025년 11월"", ""제품 분류"": ""ATX 케이스"", ""ATX"": ""O"", ""M-ATX"": ""O"", ""ITX"": ""O"", ""VGA 길이"": ""410mm"", ""CPU쿨러 높이"": ""160mm"", ""케이스 크기"": ""미들타워"", ""8.9cm베이"": ""1개"", ""6.4cm베이"": ""2개"", ""저장장치 장착"": ""최대 3개"", ""PCI 슬롯(수평)"": ""7개"", ""전면 패널 타입"": ""강화유리"", ""측면 패널 타입"": ""강화유리"", ""먼지필터"": ""부분"", ""쿨링팬"": ""총4개"", ""LED팬"": ""4개"", ""후면"": ""120mm LED x1"", ""내부 측면"": ""120mm LED x3"", ""USB3.x 5Gbps"": ""O"", ""USB C타입 10Gbps"": ""O"", ""너비(W)"": ""275mm"", ""깊이(D)"": ""425mm"", ""높이(H)"": ""398mm"", ""지원파워규격"": ""표준-ATX"", ""파워 장착 길이"": ""230mm"", ""파워 위치"": ""하단후면"", ""수랭쿨러 규격"": ""최대3열 지원"", ""라디에이터(상단)"": ""최대360mm, 280mm"", ""라디에이터(측면)"": ""최대240mm"", ""라디에이터(하단)"": ""최대360mm"", ""[부가기능]"": ""[부가기능]"", ""팬 컨트롤"": ""O"", ""RGB 컨트롤"": ""O"", ""LED 색상"": ""ARGB"", ""적합성평가인증"": ""상세설명 / 판매 사이트 문의인증번호 확인"", ""안전확인인증"": ""상세설명 / 판매 사이트 문의인증번호 확인""}"
케이스,100271096,"{""제조회사"": ""darkFlash"", ""등록년월"": ""2025년 11월"", ""제품 분류"": ""ATX 케이스"", ""ATX"": ""O"", ""M-ATX"": ""O"", ""ITX"": ""O"", ""VGA 길이"": ""410mm"", ""CPU쿨러 높이"": ""160mm"", ""케이스 크기"": ""미들타워"", ""8.9cm베이"": ""1개"", ""6.4cm베이"": ""2개"", ""저장장치 장착"": ""최대 3개"", ""PCI 슬롯(수평)"": ""7개"", ""전면 패널 타입"": ""강화유리"", ""측면 패널 타입"": ""강화유리"", ""먼지필터"": ""부분"", ""쿨링팬"": ""총4개"", ""LED팬"": ""4개"", ""후면"": ""120mm LED x1"", ""내부 측면"": ""120mm LED x3"", ""USB3.x 5Gbps"": ""O"", ""USB C타입 10Gbps"": ""O"", ""너비(W)"": ""275mm"", ""깊이(D)"": ""425mm"", ""높이(H)"": ""398mm"", ""지원파워규격"": ""표준-ATX"", ""파워 장착 길이"": ""230mm"", ""파워 위치"": ""하단후면"", ""수랭쿨러 규격"": ""최대3열 지원"", ""라디에이터(상단)"": ""최대360mm, 280mm"", ""라디에이터(측면)"": ""최대240mm"", ""라디에이터(하단)"": ""최대360mm"", ""[부가기능]"": ""[부가기능]"", ""팬 컨트롤"": ""O"", ""RGB 컨트롤"": ""O"", ""LED 색상"": ""ARGB"", ""적합성평가인증"": ""상세설명 / 판매 사이트 문의인증번호 확인"", ""안전확인인증"": ""상세설명 / 판매 사이트 문의인증번호 확인""}"
케이스,101013590,"{""제조회사"": ""darkFlash"", ""등록년월"": ""2025년 11월"", ""제품 분류"": ""M-ATX 케이스"", ""M-ATX"": ""O"", ""ITX"": ""O"", ""VGA 길이"": ""405mm"", ""CPU쿨러 높이"": ""165mm"", ""케이스 크기"": ""미니타워"", ""8.9cm베이"": ""2개"", ""저장장치 장착"": ""최대 2개"", ""PCI 슬롯(수평)"": ""5개"", ""전면 패널 타입"": ""강화유리"", ""측면 패널 타입"": ""강화유리"", ""먼지필터"": ""부분"", ""쿨링팬"": ""총3개"", ""LED팬"": ""3개"", ""후면"": ""120mm LED x1"", ""내부 측면"": ""120mm LED x2"", ""USB2.0"": ""O"", ""USB3.x 5Gbps"": ""O"", ""너비(W)"": ""210mm"", ""깊이(D)"": ""413mm"", ""높이(H)"": ""450mm"", ""지원파워규격"": ""표준-ATX"", ""파워 장착 길이"": ""230mm"", ""파워 위치"": ""하단후면"", ""수랭쿨러 규격"": ""최대3열 지원"", ""라디에이터(상단)"": ""최대360mm, 280mm"", ""라디에이터(후면)"": ""최대120mm"", ""[부가기능]"": ""[부가기능]"", ""LED 색상"": ""RGB"", ""적합성평가인증"": ""상세설명 / 판매 사이트 문의인증번호 확인"", ""안전확인인증"": ""상세설명 / 판매 사이트 문의인증번호 확인""}"
케이스,101013629,"{""제조회사"": ""darkFlash"", ""등록년월"": ""2025년 11월"", ""제품 분류"": ""M-ATX 케이스"", ""M-ATX"": ""O"", ""ITX"": ""O"", ""VGA 길이"": ""405mm"", ""CPU쿨러 높이"": ""165mm"", ""케이스 크기"": ""미니타워"", ""8.9cm베이"": ""2개"", ""저장장치 장착"": ""최대 2개"", ""PCI 슬롯(수평)"": ""5개"", ""전면 패널 타입"": ""강화유리"", ""측면 패널 타입"": ""강화유리"", ""먼지필터"": ""부분"", ""쿨링팬"": ""총3개"", ""LED팬"": ""3개"", ""후면"": ""120mm LED x1"", ""내부 측면"": ""120mm LED x2"", ""USB2.0"": ""O"", ""USB3.x 5Gbps"": ""O"", ""너비(W)"": ""210mm"", ""깊이(D)"": ""413mm"", ""높이(H)"": ""450mm"", ""지원파워규격"": ""표준-ATX"", ""파워 장착 길이"": ""230mm"", ""파워 위치"": ""하단후면"", ""수랭쿨러 규격"": ""최대3열 지원"", ""라디에이터(상단)"": ""최대360mm, 280mm"", ""라디에이터(후면)"": ""최대120mm"", ""[부가기능]"": ""[부가기능]"", ""LED 색상"": ""RGB"", ""적합성평가인증"": ""상세설명 / 판매 사이트 문의인증번호 확인"", ""안전확인인증"": ""상세설명 / 판매 사이트 문의인증번호 확인""}"
케이스,101632583,"{""제조회사"": ""앱코"", ""등록년월"": ""2025년 12월"", ""제품 분류"": ""M-ATX 케이스"", ""M-ATX"": ""O"", ""M-ITX"": ""O"", ""VGA 길이"": ""300mm"", ""CPU쿨러 높이"": ""160mm"", ""케이스 크기"": ""미니타워"", ""8.9cm베이"": ""1개"", ""6.4cm베이"": ""1개"", ""저장장치 장착"": ""최대 2개"", ""PCI 슬롯(수평)"": ""4개"", ""전면 패널 타입"": ""강화유리"", ""측면 패널 타입"": ""강화유리"", ""먼지필터"": ""부분"", ""쿨링팬"": ""총1개"", ""LED팬"": ""1개"", ""후면"": ""120mm LED x1"", ""USB2.0"": ""O"", ""USB3.x 5Gbps"": ""O"", ""너비(W)"": ""195mm"", ""깊이(D)"": ""310mm"", ""높이(H)"": ""422mm"", ""지원파워규격"": ""표준-ATX"", ""파워 위치"": ""하단후면"", ""수랭쿨러 규격"": ""최대2열 지원"", ""라디에이터(상단)"": ""최대240mm"", ""라디에이터(후면)"": ""최대120mm"", ""[부가기능]"": ""[부가기능]"", ""LED 색상"": ""RGB"", ""적합성평가인증"": ""상세설명 / 판매 사이트 문의인증번호 확인"", ""안전확인인증"": ""상세설명 / 판매 사이트 문의인증번호 확인""}"
케이스,101632598,"{""제조회사"": ""앱코"", ""등록년월"": ""2025년 12월"", ""제품 분류"": ""M-ATX 케이스"", ""M-ATX"": ""O"", ""M-ITX"": ""O"", ""VGA 길이"": ""300mm"", ""CPU쿨러 높이"": ""160mm"", ""케이스 크기"": ""미니타워"", ""8.9cm베이"": ""1개"", ""6.4cm베이"": ""1개"", ""저장장치 장착"": ""최대 2개"", ""PCI 슬롯(수평)"": ""4개"", ""전면 패널 타입"": ""강화유리"", ""측면 패널 타입"": ""강화유리"", ""먼지필터"": ""부분"", ""쿨링팬"": ""총1개"", ""LED팬"": ""1개"", ""후면"": ""120mm LED x1"", ""USB2.0"": ""O"", ""USB3.x 5Gbps"": ""O"", ""너비(W)"": ""195mm"", ""깊이(D)"": ""310mm"", ""높이(H)"": ""422mm"", ""지원파워규격"": ""표준-ATX"", ""파워 위치"": ""하단후면"", ""수랭쿨러 규격"": ""최대2열 지원"", ""라디에이터(상단)"": ""최대240mm"", ""라디에이터(후면)"": ""최대120mm"", ""[부가기능]"": ""[부가기능]"", ""LED 색상"": ""RGB"", ""적합성평가인증"": ""상세설명 / 판매 사이트 문의인증번호 확인"", ""안전확인인증"": ""상세설명 / 판매 사이트 문의인증번호 확인""}"
케이스,105816257,"{""제조회사"": ""darkFlash"", ""등록년월"": ""2026년 02월"", ""제품 분류"": ""ATX 케이스"", ""ATX"": ""O"", ""M-ATX"": ""O"", ""ITX"": ""O"", ""VGA 길이"": ""425mm"", ""CPU쿨러 높이"": ""170mm"", ""케이스 크기"": ""미들타워"", ""8.9cm베이"": ""1개"", ""6.4cm베이"": ""2개"", ""저장장치 장착"": ""최대 3개"", ""PCI 슬롯(수평)"": ""7개"", ""전면 패널 타입"": ""강화유리"", ""측면 패널 타입"": ""강화유리"", ""먼지필터"": ""전체"", ""쿨링팬"": ""총4개"", ""LED팬"": ""4개"", ""후면"": ""120mm LED x1"", ""내부 측면"": ""120mm LED x3"", ""USB3.x 5Gbps"": ""O"", ""USB3.x 10Gbps"": ""O"", ""너비(W)"": ""218mm"", ""깊이(D)"": ""434mm"", ""높이(H)"": ""455mm"", ""지원파워규격"": ""표준-ATX"", ""파워 장착 길이"": ""260mm"", ""파워 위치"": ""하단후면"", ""수랭쿨러 규격"": ""최대3열 지원"", ""라디에이터(상단)"": ""최대360mm"", ""라디에이터(후면)"": ""최대120mm"", ""라디에이터(측면)"": ""최대240mm"", ""[부가기능]"": ""[부가기능]"", ""팬 컨트롤"": ""O"", ""RGB 컨트롤"": ""O"", ""LED 색상"": ""ARGB"", ""적합성평가인증"": ""상세설명 / 판매 사이트 문의인증번호 확인"", ""안전확인인증"": ""상세설명 / 판매 사이트 문의인증번호 확인""}"
케이스,105816371,"{""제조회사"": ""darkFlash"", ""등록년월"": ""2026년 02월"", ""제품 분류"": ""ATX 케이스"", ""ATX"": ""O"", ""M-ATX"": ""O"", ""ITX"": ""O"", ""VGA 길이"": ""425mm"", ""CPU쿨러 높이"": ""170mm"", ""케이스 크기"": ""미들타워"", ""8.9cm베이"": ""1개"", ""6.4cm베이"": ""2개"", ""저장장치 장착"": ""최대 3개"", ""PCI 슬롯(수평)"": ""7개"", ""전면 패널 타입"": ""강화유리"", ""측면 패널 타입"": ""강화유리"", ""먼지필터"": ""전체"", ""쿨링팬"": ""총4개"", ""LED팬"": ""4개"", ""후면"": ""120mm LED x1"", ""내부 측면"": ""120mm LED x3"", ""USB3.x 5Gbps"": ""O"", ""USB3.x 10Gbps"": ""O"", ""너비(W)"": ""218mm"", ""깊이(D)"": ""434mm"", ""높이(H)"": ""455mm"", ""지원파워규격"": ""표준-ATX"", ""파워 장착 길이"": ""260mm"", ""파워 위치"": ""하단후면"", ""수랭쿨러 규격"": ""최대3열 지원"", ""라디에이터(상단)"": ""최대360mm"", ""라디에이터(후면)"": ""최대120mm"", ""라디에이터(측면)"": ""최대240mm"", ""[부가기능]"": ""[부가기능]"", ""팬 컨트롤"": ""O"", ""RGB 컨트롤"": ""O"", ""LED 색상"": ""ARGB"", ""적합성평가인증"": ""상세설명 / 판매 사이트 문의인증번호 확인"", ""안전확인인증"": ""상세설명 / 판매 사이트 문의인증번호 확인""}"
케이스,105967793,"{""제조회사"": ""앱코"", ""등록년월"": ""2026년 02월"", ""제품 분류"": ""ATX 케이스"", ""ATX"": ""O"", ""M-ATX"": ""O"", ""M-ITX"": ""O"", ""VGA 길이"": ""400mm"", ""CPU쿨러 높이"": ""165mm"", ""케이스 크기"": ""미들타워"", ""8.9cm베이"": ""2개"", ""6.4cm베이"": ""2개"", ""저장장치 장착"": ""최대 4개 이상"", ""PCI 슬롯(수평)"": ""7개"", ""전면 패널 타입"": ""메쉬"", ""측면 패널 타입"": ""강화유리"", ""먼지필터"": ""부분"", ""쿨링팬"": ""총7개"", ""LED팬"": ""7개"", ""후면"": ""120mm LED x1"", ""전면"": ""140mm LED x3"", ""상단"": ""120mm LED x3"", ""USB2.0"": ""O"", ""USB3.x 5Gbps"": ""O"", ""USB C타입 5Gbps"": ""O"", ""너비(W)"": ""212mm"", ""깊이(D)"": ""460mm"", ""높이(H)"": ""490mm"", ""지원파워규격"": ""표준-ATX"", ""파워 장착 길이"": ""200mm"", ""파워 위치"": ""하단후면"", ""수랭쿨러 규격"": ""최대3열 지원"", ""라디에이터(상단)"": ""최대360mm, 280mm"", ""라디에이터(전면)"": ""최대360mm, 280mm"", ""라디에이터(후면)"": ""최대120mm"", ""[부가기능]"": ""[부가기능]"", ""RGB 컨트롤"": ""O"", ""LED 색상"": ""RGB"", ""[변경사항]"": ""[변경사항]"", ""적합성평가인증"": ""상세설명 / 판매 사이트 문의인증번호 확인"", ""안전확인인증"": ""상세설명 / 판매 사이트 문의인증번호 확인""}"
케이스,105967808,"{""제조회사"": ""앱코"", ""등록년월"": ""2026년 02월"", ""제품 분류"": ""ATX 케이스"", ""ATX"": ""O"", ""M-ATX"": ""O"", ""M-ITX"": ""O"", ""VGA 길이"": ""400mm"", ""CPU쿨러 높이"": ""165mm"", ""케이스 크기"": ""미들타워"", ""8.9cm베이"": ""2개"", ""6.4cm베이"": ""2개"", ""저장장치 장착"": ""최대 4개 이상"", ""PCI 슬롯(수평)"": ""7개"", ""전면 패널 타입"": ""메쉬"", ""측면 패널 타입"": ""강화유리"", ""먼지필터"": ""부분"", ""쿨링팬"": ""총7개"", ""LED팬"": ""7개"", ""후면"": ""120mm LED x1"", ""전면"": ""140mm LED x3"", ""상단"": ""120mm LED x3"", ""USB2.0"": ""O"", ""USB3.x 5Gbps"": ""O"", ""USB C타입 5Gbps"": ""O"", ""너비(W)"": ""212mm"", ""깊이(D)"": ""460mm"", ""높이(H)"": ""490mm"", ""지원파워규격"": ""표준-ATX"", ""파워 장착 길이"": ""200mm"", ""파워 위치"": ""하단후면"", ""수랭쿨러 규격"": ""최대3열 지원"", ""라디에이터(상단)"": ""최대360mm, 280mm"", ""라디에이터(전면)"": ""최대360mm, 280mm"", ""라디에이터(후면)"": ""최대120mm"", ""[부가기능]"": ""[부가기능]"", ""RGB 컨트롤"": ""O"", ""LED 색상"": ""RGB"", ""[변경사항]"": ""[변경사항]"", ""적합성평가인증"": ""상세설명 / 판매 사이트 문의인증번호 확인"", ""안전확인인증"": ""상세설명 / 판매 사이트 문의인증번호 확인""}"
케이스,105968012,"{""제조회사"": ""앱코"", ""등록년월"": ""2026년 02월"", ""제품 분류"": ""ATX 케이스"", ""E-ATX"": ""O"", ""ATX"": ""O"", ""ATX (후면커넥터)"": ""O"", ""M-ATX"": ""O"", ""M-ATX (후면커넥터)"": ""O"", ""M-ITX"": ""O"", ""VGA 길이"": ""400mm"", ""CPU쿨러 높이"": ""160mm"", ""케이스 크기"": ""미들타워"", ""BTF"": ""O"", ""8.9cm베이"": ""2개"", ""6.4cm베이"": ""3개"", ""저장장치 장착"": ""최대 5개"", ""PCI 슬롯(수평)"": ""7개"", ""수직 PCI형태"": ""슬롯변경형"", ""전면 패널 타입"": ""강화유리"", ""측면 패널 타입"": ""강화유리"", ""먼지필터"": ""부분"", ""쿨링팬"": ""총4개"", ""LED팬"": ""4개"", ""후면"": ""120mm LED x1"", ""내부 측면"": ""120mm LED x3"", ""USB3.x 5Gbps"": ""O"", ""USB C타입 20Gbps"": ""O"", ""너비(W)"": ""277mm"", ""깊이(D)"": ""443mm"", ""높이(H)"": ""430mm"", ""지원파워규격"": ""표준-ATX"", ""파워 장착 길이"": ""240mm"", ""파워 위치"": ""상단"", ""라디에이터(상단)"": ""최대360mm, 280mm"", ""라디에이터(후면)"": ""최대120mm"", ""라디에이터(측면)"": ""최대360mm"", ""[부가기능]"": ""[부가기능]"", ""RGB 컨트롤"": ""O"", ""LED 색상"": ""ARGB"", ""적합성평가인증"": ""상세설명 / 판매 사이트 문의인증번호 확인"", ""안전확인인증"": ""상세설명 / 판매 사이트 문의인증번호 확인""}"
케이스,105968039,"{""제조회사"": ""앱코"", ""등록년월"": ""2026년 02월"", ""제품 분류"": ""ATX 케이스"", ""E-ATX"": ""O"", ""ATX"": ""O"", ""ATX (후면커넥터)"": ""O"", ""M-ATX"": ""O"", ""M-ATX (후면커넥터)"": ""O"", ""M-ITX"": ""O"", ""VGA 길이"": ""400mm"", ""CPU쿨러 높이"": ""160mm"", ""케이스 크기"": ""미들타워"", ""BTF"": ""O"", ""8.9cm베이"": ""2개"", ""6.4cm베이"": ""3개"", ""저장장치 장착"": ""최대 5개"", ""PCI 슬롯(수평)"": ""7개"", ""수직 PCI형태"": ""슬롯변경형"", ""전면 패널 타입"": ""강화유리"", ""측면 패널 타입"": ""강화유리"", ""먼지필터"": ""부분"", ""쿨링팬"": ""총4개"", ""LED팬"": ""4개"", ""후면"": ""120mm LED x1"", ""내부 측면"": ""120mm LED x3"", ""USB3.x 5Gbps"": ""O"", ""USB C타입 20Gbps"": ""O"", ""너비(W)"": ""277mm"", ""깊이(D)"": ""443mm"", ""높이(H)"": ""430mm"", ""지원파워규격"": ""표준-ATX"", ""파워 장착 길이"": ""240mm"", ""파워 위치"": ""상단"", ""라디에이터(상단)"": ""최대360mm, 280mm"", ""라디에이터(후면)"": ""최대120mm"", ""라디에이터(측면)"": ""최대360mm"", ""[부가기능]"": ""[부가기능]"", ""RGB 컨트롤"": ""O"", ""LED 색상"": ""ARGB"", ""적합성평가인증"": ""상세설명 / 판매 사이트 문의인증번호 확인"", ""안전확인인증"": ""상세설명 / 판매 사이트 문의인증번호 확인""}"
케이스,108390941,"{""제조회사"": ""darkFlash"", ""등록년월"": ""2026년 03월"", ""제품 분류"": ""ATX 케이스"", ""ATX"": ""O"", ""M-ATX"": ""O"", ""ITX"": ""O"", ""VGA 길이"": ""400mm"", ""CPU쿨러 높이"": ""180mm"", ""케이스 크기"": ""미들타워"", ""8.9cm베이"": ""1개"", ""6.4cm베이"": ""1개"", ""저장장치 장착"": ""최대 2개"", ""PCI 슬롯(수평)"": ""7개"", ""전면 패널 타입"": ""강화유리"", ""측면 패널 타입"": ""강화유리"", ""먼지필터"": ""부분"", ""쿨링팬"": ""총3개"", ""LED팬"": ""3개"", ""후면"": ""120mm LED x1"", ""내부 측면"": ""120mm LED x2"", ""USB2.0"": ""O"", ""USB3.x 5Gbps"": ""O"", ""USB3.x 10Gbps"": ""O"", ""너비(W)"": ""222mm"", ""깊이(D)"": ""450mm"", ""높이(H)"": ""465mm"", ""지원파워규격"": ""표준-ATX"", ""파워 장착 길이"": ""280mm"", ""파워 위치"": ""하단후면"", ""수랭쿨러 규격"": ""최대3열 지원"", ""라디에이터(상단)"": ""최대360mm"", ""라디에이터(후면)"": ""최대120mm"", ""[부가기능]"": ""[부가기능]"", ""LED 색상"": ""ARGB"", ""적합성평가인증"": ""R-R-2wy-DS950V인증번호 확인"", ""안전확인인증"": ""상세설명 / 판매 사이트 문의인증번호 확인""}"
케이스,108390974,"{""제조회사"": ""darkFlash"", ""등록년월"": ""2026년 03월"", ""제품 분류"": ""ATX 케이스"", ""ATX"": ""O"", ""M-ATX"": ""O"", ""ITX"": ""O"", ""VGA 길이"": ""400mm"", ""CPU쿨러 높이"": ""180mm"", ""케이스 크기"": ""미들타워"", ""8.9cm베이"": ""1개"", ""6.4cm베이"": ""1개"", ""저장장치 장착"": ""최대 2개"", ""PCI 슬롯(수평)"": ""7개"", ""전면 패널 타입"": ""강화유리"", ""측면 패널 타입"": ""강화유리"", ""먼지필터"": ""부분"", ""쿨링팬"": ""총3개"", ""LED팬"": ""3개"", ""후면"": ""120mm LED x1"", ""내부 측면"": ""120mm LED x2"", ""USB2.0"": ""O"", ""USB3.x 5Gbps"": ""O"", ""USB3.x 10Gbps"": ""O"", ""너비(W)"": ""222mm"", ""깊이(D)"": ""450mm"", ""높이(H)"": ""465mm"", ""지원파워규격"": ""표준-ATX"", ""파워 장착 길이"": ""280mm"", ""파워 위치"": ""하단후면"", ""수랭쿨러 규격"": ""최대3열 지원"", ""라디에이터(상단)"": ""최대360mm"", ""라디에이터(후면)"": ""최대120mm"", ""[부가기능]"": ""[부가기능]"", ""LED 색상"": ""ARGB"", ""적합성평가인증"": ""상세설명 / 판매 사이트 문의인증번호 확인"", ""안전확인인증"": ""상세설명 / 판매 사이트 문의인증번호 확인""}"
케이스,122617755,"{""제조회사"": ""darkFlash"", ""등록년월"": ""2026년 04월"", ""제품 분류"": ""ATX 케이스"", ""E-ATX"": ""O"", ""ATX"": ""O"", ""ATX (후면커넥터)"": ""O"", ""M-ATX"": ""O"", ""M-ATX (후면커넥터)"": ""O"", ""ITX"": ""O"", ""VGA 길이"": ""480mm"", ""CPU쿨러 높이"": ""190mm"", ""케이스 크기"": ""빅타워"", ""8.9cm베이"": ""5개"", ""저장장치 장착"": ""최대 5개"", ""PCI 슬롯(수평)"": ""8개"", ""수직 PCI형태"": ""슬롯변경형"", ""전면 패널 타입"": ""메쉬"", ""측면 패널 타입"": ""통풍구"", ""먼지필터"": ""부분"", ""쿨링팬"": ""총4개"", ""후면"": ""140mm x1"", ""전면"": ""140mm x3"", ""USB3.x 5Gbps"": ""O"", ""USB3.x 10Gbps"": ""O"", ""너비(W)"": ""249mm"", ""깊이(D)"": ""560mm"", ""높이(H)"": ""535mm"", ""지원파워규격"": ""표준-ATX"", ""파워 장착 길이"": ""260mm"", ""파워 위치"": ""하단후면"", ""수랭쿨러 규격"": ""최대3열 지원"", ""라디에이터(상단)"": ""최대420mm, 360mm"", ""라디에이터(후면)"": ""최대120mm"", ""라디에이터(측면)"": ""최대420mm, 360mm"", ""적합성평가인증"": ""상세설명 / 판매 사이트 문의인증번호 확인"", ""안전확인인증"": ""상세설명 / 판매 사이트 문의인증번호 확인""}"
케이스,122617825,"{""제조회사"": ""darkFlash"", ""등록년월"": ""2026년 04월"", ""제품 분류"": ""ATX 케이스"", ""E-ATX"": ""O"", ""ATX"": ""O"", ""ATX (후면커넥터)"": ""O"", ""M-ATX"": ""O"", ""M-ATX (후면커넥터)"": ""O"", ""ITX"": ""O"", ""VGA 길이"": ""480mm"", ""CPU쿨러 높이"": ""190mm"", ""케이스 크기"": ""빅타워"", ""8.9cm베이"": ""5개"", ""저장장치 장착"": ""최대 5개"", ""PCI 슬롯(수평)"": ""8개"", ""수직 PCI형태"": ""슬롯변경형"", ""전면 패널 타입"": ""메쉬"", ""측면 패널 타입"": ""통풍구"", ""먼지필터"": ""부분"", ""쿨링팬"": ""총4개"", ""후면"": ""140mm x1"", ""전면"": ""140mm x3"", ""USB3.x 5Gbps"": ""O"", ""USB3.x 10Gbps"": ""O"", ""너비(W)"": ""249mm"", ""깊이(D)"": ""560mm"", ""높이(H)"": ""535mm"", ""지원파워규격"": ""표준-ATX"", ""파워 장착 길이"": ""260mm"", ""파워 위치"": ""하단후면"", ""수랭쿨러 규격"": ""최대3열 지원"", ""라디에이터(상단)"": ""최대420mm, 360mm"", ""라디에이터(후면)"": ""최대120mm"", ""라디에이터(측면)"": ""최대420mm, 360mm"", ""적합성평가인증"": ""상세설명 / 판매 사이트 문의인증번호 확인"", ""안전확인인증"": ""상세설명 / 판매 사이트 문의인증번호 확인""}"
케이스,122617886,"{""제조회사"": ""darkFlash"", ""등록년월"": ""2026년 04월"", ""제품 분류"": ""ATX 케이스"", ""E-ATX"": ""O"", ""ATX"": ""O"", ""ATX (후면커넥터)"": ""O"", ""M-ATX"": ""O"", ""M-ATX (후면커넥터)"": ""O"", ""ITX"": ""O"", ""VGA 길이"": ""480mm"", ""CPU쿨러 높이"": ""190mm"", ""케이스 크기"": ""빅타워"", ""8.9cm베이"": ""5개"", ""저장장치 장착"": ""최대 5개"", ""PCI 슬롯(수평)"": ""8개"", ""수직 PCI형태"": ""슬롯변경형"", ""전면 패널 타입"": ""메쉬"", ""측면 패널 타입"": ""통풍구"", ""먼지필터"": ""부분"", ""쿨링팬"": ""총4개"", ""LED팬"": ""4개"", ""후면"": ""140mm LED x1"", ""전면"": ""140mm LED x3"", ""USB3.x 5Gbps"": ""O"", ""USB3.x 10Gbps"": ""O"", ""너비(W)"": ""249mm"", ""깊이(D)"": ""560mm"", ""높이(H)"": ""535mm"", ""지원파워규격"": ""표준-ATX"", ""파워 장착 길이"": ""260mm"", ""파워 위치"": ""하단후면"", ""수랭쿨러 규격"": ""최대3열 지원"", ""라디에이터(상단)"": ""최대420mm, 360mm"", ""라디에이터(후면)"": ""최대120mm"", ""라디에이터(측면)"": ""최대420mm, 360mm"", ""[부가기능]"": ""[부가기능]"", ""LED 색상"": ""ARGB"", ""적합성평가인증"": ""상세설명 / 판매 사이트 문의인증번호 확인"", ""안전확인인증"": ""상세설명 / 판매 사이트 문의인증번호 확인""}"
케이스,122617905,"{""제조회사"": ""darkFlash"", ""등록년월"": ""2026년 04월"", ""제품 분류"": ""ATX 케이스"", ""E-ATX"": ""O"", ""ATX"": ""O"", ""ATX (후면커넥터)"": ""O"", ""M-ATX"": ""O"", ""M-ATX (후면커넥터)"": ""O"", ""ITX"": ""O"", ""VGA 길이"": ""480mm"", ""CPU쿨러 높이"": ""190mm"", ""케이스 크기"": ""빅타워"", ""8.9cm베이"": ""5개"", ""저장장치 장착"": ""최대 5개"", ""PCI 슬롯(수평)"": ""8개"", ""수직 PCI형태"": ""슬롯변경형"", ""전면 패널 타입"": ""메쉬"", ""측면 패널 타입"": ""통풍구"", ""먼지필터"": ""부분"", ""쿨링팬"": ""총4개"", ""LED팬"": ""4개"", ""후면"": ""140mm LED x1"", ""전면"": ""140mm LED x3"", ""USB3.x 5Gbps"": ""O"", ""USB3.x 10Gbps"": ""O"", ""너비(W)"": ""249mm"", ""깊이(D)"": ""560mm"", ""높이(H)"": ""535mm"", ""지원파워규격"": ""표준-ATX"", ""파워 장착 길이"": ""260mm"", ""파워 위치"": ""하단후면"", ""수랭쿨러 규격"": ""최대3열 지원"", ""라디에이터(상단)"": ""최대420mm, 360mm"", ""라디에이터(후면)"": ""최대120mm"", ""라디에이터(측면)"": ""최대420mm, 360mm"", ""[부가기능]"": ""[부가기능]"", ""LED 색상"": ""ARGB"", ""적합성평가인증"": ""상세설명 / 판매 사이트 문의인증번호 확인"", ""안전확인인증"": ""상세설명 / 판매 사이트 문의인증번호 확인""}"
케이스,122655434,"{""제조회사"": ""darkFlash"", ""등록년월"": ""2026년 05월"", ""제품 분류"": ""M-ATX 케이스"", ""M-ATX"": ""O"", ""ITX"": ""O"", ""VGA 길이"": ""415mm"", ""CPU쿨러 높이"": ""160mm"", ""케이스 크기"": ""미니타워"", ""8.9cm베이"": ""2개"", ""6.4cm베이"": ""1개"", ""저장장치 장착"": ""최대 3개"", ""PCI 슬롯(수평)"": ""5개"", ""전면 패널 타입"": ""강화유리"", ""측면 패널 타입"": ""강화유리"", ""먼지필터"": ""부분"", ""쿨링팬"": ""총3개"", ""LED팬"": ""3개"", ""후면"": ""120mm LED x1"", ""내부 측면"": ""120mm LED x2"", ""USB2.0"": ""O"", ""USB3.x 5Gbps"": ""O"", ""너비(W)"": ""275mm"", ""깊이(D)"": ""425mm"", ""높이(H)"": ""360mm"", ""지원파워규격"": ""표준-ATX"", ""파워 장착 길이"": ""180mm"", ""파워 위치"": ""하단후면"", ""수랭쿨러 규격"": ""최대3열 지원"", ""라디에이터(상단)"": ""최대360mm"", ""라디에이터(후면)"": ""최대120mm"", ""[부가기능]"": ""[부가기능]"", ""LED 색상"": ""ARGB"", ""적합성평가인증"": ""상세설명 / 판매 사이트 문의인증번호 확인"", ""안전확인인증"": ""상세설명 / 판매 사이트 문의인증번호 확인""}"
케이스,122655451,"{""제조회사"": ""darkFlash"", ""등록년월"": ""2026년 05월"", ""제품 분류"": ""M-ATX 케이스"", ""M-ATX"": ""O"", ""ITX"": ""O"", ""VGA 길이"": ""415mm"", ""CPU쿨러 높이"": ""160mm"", ""케이스 크기"": ""미니타워"", ""8.9cm베이"": ""2개"", ""6.4cm베이"": ""1개"", ""저장장치 장착"": ""최대 3개"", ""PCI 슬롯(수평)"": ""5개"", ""전면 패널 타입"": ""강화유리"", ""측면 패널 타입"": ""강화유리"", ""먼지필터"": ""부분"", ""쿨링팬"": ""총3개"", ""LED팬"": ""3개"", ""후면"": ""120mm LED x1"", ""내부 측면"": ""120mm LED x2"", ""USB2.0"": ""O"", ""USB3.x 5Gbps"": ""O"", ""너비(W)"": ""275mm"", ""깊이(D)"": ""425mm"", ""높이(H)"": ""360mm"", ""지원파워규격"": ""표준-ATX"", ""파워 장착 길이"": ""180mm"", ""파워 위치"": ""하단후면"", ""수랭쿨러 규격"": ""최대3열 지원"", ""라디에이터(상단)"": ""최대360mm"", ""라디에이터(후면)"": ""최대120mm"", ""[부가기능]"": ""[부가기능]"", ""LED 색상"": ""ARGB"", ""적합성평가인증"": ""상세설명 / 판매 사이트 문의인증번호 확인"", ""안전확인인증"": ""상세설명 / 판매 사이트 문의인증번호 확인""}"
케이스,122678063,"{""제조회사"": ""앱코"", ""등록년월"": ""2026년 05월"", ""제품 분류"": ""ATX 케이스"", ""ATX"": ""O"", ""ATX (후면커넥터)"": ""O"", ""M-ATX"": ""O"", ""M-ATX (후면커넥터)"": ""O"", ""ITX"": ""O"", ""VGA 길이"": ""345mm"", ""CPU쿨러 높이"": ""160mm"", ""케이스 크기"": ""미들타워"", ""BTF"": ""O"", ""8.9cm베이"": ""2개"", ""6.4cm베이"": ""3개"", ""저장장치 장착"": ""최대 5개"", ""PCI 슬롯(수평)"": ""7개"", ""수직 PCI형태"": ""슬롯변경형"", ""전면 패널 타입"": ""강화유리"", ""측면 패널 타입"": ""강화유리"", ""먼지필터"": ""부분"", ""쿨링팬"": ""총4개"", ""LED팬"": ""4개"", ""후면"": ""120mm LED x1"", ""내부 측면"": ""120mm LED x3"", ""USB3.x 5Gbps"": ""O"", ""USB C타입 5Gbps"": ""O"", ""너비(W)"": ""277mm"", ""깊이(D)"": ""443mm"", ""높이(H)"": ""430mm"", ""지원파워규격"": ""표준-ATX"", ""파워 장착 길이"": ""240mm"", ""파워 위치"": ""상단"", ""수랭쿨러 규격"": ""최대3열 지원"", ""라디에이터(상단)"": ""최대360mm, 280mm"", ""라디에이터(후면)"": ""최대120mm"", ""라디에이터(측면)"": ""최대360mm"", ""[부가기능]"": ""[부가기능]"", ""LED 색상"": ""ARGB"", ""적합성평가인증"": ""상세설명 / 판매 사이트 문의인증번호 확인"", ""안전확인인증"": ""상세설명 / 판매 사이트 문의인증번호 확인""}"
케이스,122679640,"{""제조회사"": ""darkFlash"", ""등록년월"": ""2026년 05월"", ""제품 분류"": ""ATX 케이스"", ""ATX"": ""O"", ""M-ATX"": ""O"", ""M-ITX"": ""O"", ""VGA 길이"": ""395mm"", ""CPU쿨러 높이"": ""185mm"", ""케이스 크기"": ""미들타워"", ""전면 패널 타입"": ""메쉬"", ""측면 패널 타입"": ""통풍구"", ""쿨링팬"": ""총4개"", ""LED팬"": ""4개"", ""후면"": ""120mm LED x1"", ""전면"": ""120mm LED x3"", ""너비(W)"": ""230mm"", ""깊이(D)"": ""465mm"", ""높이(H)"": ""460mm"", ""지원파워규격"": ""표준-ATX"", ""파워 장착 길이"": ""280mm"", ""파워 위치"": ""하단후면"", ""[부가기능]"": ""[부가기능]"", ""LED 색상"": ""RGB"", ""적합성평가인증"": ""상세설명 / 판매 사이트 문의인증번호 확인"", ""안전확인인증"": ""상세설명 / 판매 사이트 문의인증번호 확인""}"
케이스,122679643,"{""제조회사"": ""darkFlash"", ""등록년월"": ""2026년 05월"", ""제품 분류"": ""ATX 케이스"", ""ATX"": ""O"", ""M-ATX"": ""O"", ""M-ITX"": ""O"", ""VGA 길이"": ""395mm"", ""CPU쿨러 높이"": ""185mm"", ""케이스 크기"": ""미들타워"", ""전면 패널 타입"": ""메쉬"", ""측면 패널 타입"": ""통풍구"", ""쿨링팬"": ""총4개"", ""LED팬"": ""4개"", ""후면"": ""120mm LED x1"", ""전면"": ""120mm LED x3"", ""너비(W)"": ""230mm"", ""깊이(D)"": ""465mm"", ""높이(H)"": ""460mm"", ""지원파워규격"": ""표준-ATX"", ""파워 장착 길이"": ""280mm"", ""파워 위치"": ""하단후면"", ""[부가기능]"": ""[부가기능]"", ""LED 색상"": ""RGB"", ""적합성평가인증"": ""상세설명 / 판매 사이트 문의인증번호 확인"", ""안전확인인증"": ""상세설명 / 판매 사이트 문의인증번호 확인""}"
케이스,122699730,"{""제조회사"": ""darkFlash"", ""등록년월"": ""2026년 06월"", ""제품 분류"": ""ATX 케이스"", ""ATX"": ""O"", ""M-ATX"": ""O"", ""M-ITX"": ""O"", ""VGA 길이"": ""340mm"", ""CPU쿨러 높이"": ""165mm"", ""케이스 크기"": ""미들타워"", ""8.9cm베이"": ""2개"", ""6.4cm베이"": ""2개"", ""저장장치 장착"": ""최대 4개"", ""PCI 슬롯(수평)"": ""7개"", ""전면 패널 타입"": ""메쉬"", ""측면 패널 타입"": ""강화유리"", ""쿨링팬"": ""총6개"", ""LED팬"": ""6개"", ""후면"": ""120mm LED x1"", ""전면"": ""120mm LED x3"", ""상단"": ""120mm LED x2"", ""USB2.0"": ""O"", ""USB3.x 5Gbps"": ""O"", ""너비(W)"": ""218mm"", ""깊이(D)"": ""396mm"", ""높이(H)"": ""447mm"", ""지원파워규격"": ""표준-ATX"", ""파워 장착 길이"": ""200mm"", ""파워 위치"": ""하단전면"", ""수랭쿨러 규격"": ""최대3열 지원"", ""라디에이터(상단)"": ""최대240mm, 140mm"", ""라디에이터(전면)"": ""최대280mm, 240mm"", ""라디에이터(후면)"": ""최대120mm"", ""[부가기능]"": ""[부가기능]"", ""RGB 컨트롤"": ""O"", ""LED 색상"": ""RGB"", ""적합성평가인증"": ""상세설명 / 판매 사이트 문의인증번호 확인"", ""안전확인인증"": ""상세설명 / 판매 사이트 문의인증번호 확인""}"
케이스,123134408,"{""제조회사"": ""darkFlash"", ""등록년월"": ""2026년 07월"", ""제품 분류"": ""ATX 케이스"", ""ATX"": ""O"", ""ATX (후면커넥터)"": ""O"", ""M-ATX"": ""O"", ""M-ATX (후면커넥터)"": ""O"", ""ITX"": ""O"", ""VGA 길이"": ""415mm"", ""CPU쿨러 높이"": ""180mm"", ""케이스 크기"": ""미들타워"", ""8.9cm베이"": ""2개"", ""저장장치 장착"": ""최대 2개"", ""PCI 슬롯(수평)"": ""7개"", ""전면 패널 타입"": ""강화유리"", ""측면 패널 타입"": ""강화유리"", ""먼지필터"": ""부분"", ""USB3.x 5Gbps"": ""O"", ""USB C타입 10Gbps"": ""O"", ""너비(W)"": ""240mm"", ""깊이(D)"": ""452mm"", ""높이(H)"": ""464mm"", ""지원파워규격"": ""표준-ATX"", ""파워 장착 길이"": ""200mm"", ""파워 위치"": ""하단후면"", ""수랭쿨러 규격"": ""최대3열 지원"", ""라디에이터(상단)"": ""최대360mm"", ""[부가기능]"": ""[부가기능]"", ""LED 색상"": ""ARGB"", ""적합성평가인증"": ""상세설명 / 판매 사이트 문의인증번호 확인"", ""안전확인인증"": ""상세설명 / 판매 사이트 문의인증번호 확인""}"
케이스,123134410,"{""제조회사"": ""darkFlash"", ""등록년월"": ""2026년 07월"", ""제품 분류"": ""ATX 케이스"", ""ATX"": ""O"", ""ATX (후면커넥터)"": ""O"", ""M-ATX"": ""O"", ""M-ATX (후면커넥터)"": ""O"", ""ITX"": ""O"", ""VGA 길이"": ""415mm"", ""CPU쿨러 높이"": ""180mm"", ""케이스 크기"": ""미들타워"", ""8.9cm베이"": ""2개"", ""저장장치 장착"": ""최대 2개"", ""PCI 슬롯(수평)"": ""7개"", ""전면 패널 타입"": ""강화유리"", ""측면 패널 타입"": ""강화유리"", ""먼지필터"": ""부분"", ""USB3.x 5Gbps"": ""O"", ""USB C타입 10Gbps"": ""O"", ""너비(W)"": ""240mm"", ""깊이(D)"": ""452mm"", ""높이(H)"": ""464mm"", ""지원파워규격"": ""표준-ATX"", ""파워 장착 길이"": ""200mm"", ""파워 위치"": ""하단후면"", ""수랭쿨러 규격"": ""최대3열 지원"", ""라디에이터(상단)"": ""최대360mm"", ""[부가기능]"": ""[부가기능]"", ""LED 색상"": ""ARGB"", ""적합성평가인증"": ""상세설명 / 판매 사이트 문의인증번호 확인"", ""안전확인인증"": ""상세설명 / 판매 사이트 문의인증번호 확인""}"
케이스,123993804,"{""제조회사"": ""darkFlash"", ""등록년월"": ""2026년 08월"", ""제품 분류"": ""미니ITX"", ""VGA 길이"": ""300mm"", ""CPU쿨러 높이"": ""160mm"", ""케이스 크기"": ""미니타워"", ""8.9cm베이"": ""2개"", ""PCI 슬롯(수평)"": ""4개"", ""전면 패널 타입"": ""일반(솔리드)"", ""측면 패널 타입"": ""통풍구"", ""먼지필터"": ""부분"", ""쿨링팬"": ""총1개"", ""후면"": ""120mm x1"", ""사운드"": ""HD AUDIO"", ""너비(W)"": ""195mm"", ""높이(H)"": ""387mm"", ""깊이(D)"": ""325mm"", ""파워 장착 길이"": ""160mm"", ""파워 위치"": ""하단후면"", ""케이스 색상 계열"": ""블랙 계열"", ""적합성평가인증"": ""상세설명 / 판매 사이트 문의인증번호 확인"", ""안전확인인증"": ""상세설명 / 판매 사이트 문의인증번호 확인""}"
