crawl_date,category,maker,code,name,price,spec,image_url,is_excluded,exclude_reason
2026-08-21,케이스,"darkFlash,앱코",78530048,darkFlash DS500 RGB (블랙),44690,"ATX 케이스/지원보드규격:ATX,M-ATX,M-ITX/VGA 길이:405mm/CPU쿨러 높이:165mm/미들타워/[패널]/전면 패널 타입:강화유리/측면 패널 타입:강화유리/[쿨러/튜닝]/쿨링팬:총3개/LED팬:3개/후면:120mm LED x1/내부 측면:120mm LED x2/[크기]/너비(W):210mm/높이(H):485mm/깊이(D):413mm/[호환성]/지원파워규격:표준-ATX/파워 장착 길이:170mm/파워 위치:하단후면/[부가기능]/LED 색상:RGB",https://img.danuri.io/catalog-image/048/530/078/c9b0ec9b4b9a4d6da953e1552be87570.jpeg?shrink=80:80,False,
2026-08-21,케이스,"darkFlash,앱코",105967793,앱코 G31 오메가포스 세븐팬 (블랙),48290,"ATX 케이스/지원보드규격:ATX,M-ATX,M-ITX/VGA 길이:400mm/CPU쿨러 높이:165mm/미들타워/[패널]/전면 패널 타입:메쉬/측면 패널 타입:강화유리/[쿨러/튜닝]/쿨링팬:총7개/LED팬:7개/후면:120mm LED x1/전면:140mm LED x3/상단:120mm LED x3/[크기]/너비(W):212mm/높이(H):490mm/깊이(D):460mm/[호환성]/지원파워규격:표준-ATX/파워 장착 길이:200mm/파워 위치:하단후면/[부가기능]/RGB 컨트롤/LED 색상:RGB/[변경사항]/G31 오메가포스 → G31 오메가포스 세븐팬 으로 상품명 변경",https://img.danuri.io/catalog-image/793/967/105/c3d11495e07b40f3b2d45efabc01bba9.jpg?shrink=80:80,False,
2026-08-21,케이스,"darkFlash,앱코",32861129,darkFlash DS900 ARGB 강화유리 (화이트),68270,"ATX 케이스/지원보드규격:ATX,M-ATX,M-ITX/VGA 길이:425mm/CPU쿨러 높이:170mm/미들타워/[패널]/전면 패널 타입:강화유리/측면 패널 타입:강화유리/[쿨러/튜닝]/쿨링팬:총4개/LED팬:4개/후면:120mm LED x1/내부 측면:120mm LED x3/[크기]/너비(W):218mm/높이(H):454mm/깊이(D):434mm/[호환성]/지원파워규격:표준-ATX/파워 장착 길이:260mm/파워 위치:하단후면/[부가기능]/LED 색상:ARGB/[변경사항]/24년 4월 장착쿨링팬 C6 ARGB → C7 ARGB으로 변경 / 24년 8월 상단 라디에이터 120, 140, 240, 280, 360 →120, 240, 360으로 변경",https://img.danuri.io/catalog-image/129/861/032/100a9aa65e564d06a8c46811a2a6d996.jpg?shrink=80:80,False,
2026-08-21,케이스,"darkFlash,앱코",122617886,darkFlash DLX ULTRA MESH ARGB (블랙),152050,"ATX 케이스/지원보드규격:E-ATX,ATX,ATX (후면커넥터),M-ATX,M-ATX (후면커넥터),ITX/VGA 길이:480mm/CPU쿨러 높이:190mm/빅타워/수직 PCI형태:슬롯변경형/[패널]/전면 패널 타입:메쉬/측면 패널 타입:통풍구/[쿨러/튜닝]/쿨링팬:총4개/LED팬:4개/후면:140mm LED x1/전면:140mm LED x3/[크기]/너비(W):249mm/높이(H):535mm/깊이(D):560mm/[호환성]/지원파워규격:표준-ATX/파워 장착 길이:260mm/파워 위치:하단후면/[부가기능]/LED 색상:ARGB",https://img.danuri.io/catalog-image/886/617/122/de8ab5a780b545f6aa39e7f688511672.jpeg?shrink=80:80,False,
2026-08-21,케이스,"darkFlash,앱코",53783243,앱코 U30 마린 (블랙),42240,"ATX 케이스/지원보드규격:ATX,M-ATX,M-ITX/VGA 길이:400mm/CPU쿨러 높이:165mm/미들타워/[패널]/전면 패널 타입:강화유리/측면 패널 타입:강화유리/측면 개폐 방식:버튼/[쿨러/튜닝]/쿨링팬:총3개/LED팬:3개/후면:120mm LED x1/내부 측면:120mm LED x2/[크기]/너비(W):212mm/깊이(D):420mm/높이(H):485mm/[호환성]/지원파워규격:표준-ATX/파워 장착 길이:240mm/파워 위치:하단후면/[부가기능]/LED 색상:RGB",https://img.danuri.io/catalog-image/243/783/053/12f41688da184122833ddac86ce8e160.jpg?shrink=80:80,False,
2026-08-21,케이스,"darkFlash,앱코",105968012,앱코 UD51 엑시드 ARGB BTF (블랙),99330,"ATX 케이스/지원보드규격:E-ATX,ATX,ATX (후면커넥터),M-ATX,M-ATX (후면커넥터),M-ITX/VGA 길이:400mm/CPU쿨러 높이:160mm/미들타워/수직 PCI형태:슬롯변경형/[패널]/전면 패널 타입:강화유리/측면 패널 타입:강화유리/[쿨러/튜닝]/쿨링팬:총4개/LED팬:4개/후면:120mm LED x1/내부 측면:120mm LED x3/[크기]/너비(W):277mm/높이(H):430mm/깊이(D):443mm/[호환성]/지원파워규격:표준-ATX/파워 장착 길이:240mm/파워 위치:상단/[부가기능]/RGB 컨트롤/LED 색상:ARGB",https://img.danuri.io/catalog-image/012/968/105/af09ee3e0ea64dcdbfeaac0c73edd4b9.jpg?shrink=80:80,False,
2026-08-21,케이스,"darkFlash,앱코",78530069,darkFlash DS500 RGB (화이트),48880,"ATX 케이스/지원보드규격:ATX,M-ATX,M-ITX/VGA 길이:405mm/CPU쿨러 높이:165mm/미들타워/[패널]/전면 패널 타입:강화유리/측면 패널 타입:강화유리/[쿨러/튜닝]/쿨링팬:총3개/LED팬:3개/후면:120mm LED x1/내부 측면:120mm LED x2/[크기]/너비(W):210mm/높이(H):485mm/깊이(D):413mm/[호환성]/지원파워규격:표준-ATX/파워 장착 길이:170mm/파워 위치:하단후면/[부가기능]/LED 색상:RGB",https://img.danuri.io/catalog-image/069/530/078/311f1f242ac04a14a14b0dca4f8e7c87.jpg?shrink=80:80,False,
2026-08-21,케이스,"darkFlash,앱코",100271096,darkFlash DPF70 ARGB (화이트),68820,"ATX 케이스/지원보드규격:ATX,M-ATX,ITX/VGA 길이:410mm/CPU쿨러 높이:160mm/미들타워/[패널]/전면 패널 타입:강화유리/측면 패널 타입:강화유리/[쿨러/튜닝]/쿨링팬:총4개/LED팬:4개/후면:120mm LED x1/내부 측면:120mm LED x3/[크기]/너비(W):275mm/높이(H):398mm/깊이(D):425mm/[호환성]/지원파워규격:표준-ATX/파워 장착 길이:230mm/파워 위치:하단후면/[부가기능]/팬 컨트롤/RGB 컨트롤/LED 색상:ARGB",https://img.danuri.io/catalog-image/096/271/100/57a33ca47be14c69983d39fe55da57a5.jpg?shrink=80:80,False,
2026-08-21,케이스,"darkFlash,앱코",11884168,darkFlash DLX21 RGB MESH 강화유리 (블랙),97130,"ATX 케이스/지원보드규격:E-ATX,ATX,M-ATX,M-ITX/VGA 길이:400mm/CPU쿨러 높이:180mm/미들타워/[패널]/측면 패널 타입:강화유리/측면 개폐 방식:스윙도어/[쿨러/튜닝]/쿨링팬:총4개/LED팬:4개/후면:140mm LED x1/전면:140mm LED x3/[크기]/너비(W):233mm/높이(H):493mm/깊이(D):448mm/[호환성]/지원파워규격:표준-ATX/파워 장착 길이:235mm/파워 위치:하단후면/[부가기능]/RGB 컨트롤/LED 색상:RGB",https://img.danuri.io/catalog-image/168/884/011/1661e70af5b443569fca29df23e60ac9.jpg?shrink=80:80,False,
2026-08-21,케이스,"darkFlash,앱코",122655434,darkFlash DPH70M ARGB (블랙),54620,"M-ATX 케이스/지원보드규격:M-ATX,ITX/VGA 길이:415mm/CPU쿨러 높이:160mm/미니타워/[패널]/전면 패널 타입:강화유리/측면 패널 타입:강화유리/[쿨러/튜닝]/쿨링팬:총3개/LED팬:3개/후면:120mm LED x1/내부 측면:120mm LED x2/[크기]/너비(W):275mm/높이(H):360mm/깊이(D):425mm/[호환성]/지원파워규격:표준-ATX/파워 장착 길이:180mm/파워 위치:하단후면/[부가기능]/LED 색상:ARGB",https://img.danuri.io/catalog-image/434/655/122/8168b64c66214f5d9c940e33a80fc523.jpeg?shrink=80:80,False,
2026-08-21,케이스,"darkFlash,앱코",62071772,darkFlash DMO11 (블랙),21750,"M-ATX 케이스/지원보드규격:M-ATX,M-ITX/VGA 길이:270mm/CPU쿨러 높이:165mm/미니타워/[패널]/측면 패널 타입:통풍구/[쿨러/튜닝]/쿨링팬:총1개/후면:120mm x1/[크기]/너비(W):180mm/깊이(D):300mm/높이(H):355mm/[호환성]/지원파워규격:표준-ATX/파워 위치:상단",https://img.danuri.io/catalog-image/772/071/062/2986f70412ae42678e3126e385321a6e.jpg?shrink=80:80,False,
2026-08-21,케이스,"darkFlash,앱코",53783246,앱코 U30 마린 (화이트),50270,"ATX 케이스/지원보드규격:ATX,M-ATX,M-ITX/VGA 길이:400mm/CPU쿨러 높이:165mm/미들타워/[패널]/전면 패널 타입:강화유리/측면 패널 타입:강화유리/측면 개폐 방식:버튼/[쿨러/튜닝]/쿨링팬:총3개/LED팬:3개/후면:120mm LED x1/내부 측면:120mm LED x2/[크기]/너비(W):212mm/깊이(D):420mm/높이(H):485mm/[호환성]/지원파워규격:표준-ATX/파워 장착 길이:240mm/파워 위치:하단후면/[부가기능]/LED 색상:RGB",https://img.danuri.io/catalog-image/246/783/053/8677929d32964e9d9f1e2b07476c0979.jpg?shrink=80:80,False,
2026-08-21,케이스,"darkFlash,앱코",99640949,앱코 G50 빅플로우 MESH ARGB BTF (블랙),107660,"ATX 케이스/지원보드규격:E-ATX,ATX,ATX (후면커넥터),M-ATX,M-ATX (후면커넥터),M-ITX/VGA 길이:408mm/CPU쿨러 높이:180mm/미들타워/[패널]/전면 패널 타입:메쉬/측면 패널 타입:강화유리/[쿨러/튜닝]/쿨링팬:총4개/LED팬:4개/후면:140mm LED x1/전면:140mm LED x3/[크기]/너비(W):238mm/깊이(D):479mm/높이(H):500mm/[호환성]/지원파워규격:표준-ATX/파워 장착 길이:240mm/파워 위치:하단후면/[부가기능]/팬 컨트롤/RGB 컨트롤/LED 색상:ARGB",https://img.danuri.io/catalog-image/949/640/099/876efec41be248468eb7e8007e4ce040.jpg?shrink=80:80,False,
2026-08-21,케이스,"darkFlash,앱코",122655451,darkFlash DPH70M ARGB (화이트),58950,"M-ATX 케이스/지원보드규격:M-ATX,ITX/VGA 길이:415mm/CPU쿨러 높이:160mm/미니타워/[패널]/전면 패널 타입:강화유리/측면 패널 타입:강화유리/[쿨러/튜닝]/쿨링팬:총3개/LED팬:3개/후면:120mm LED x1/내부 측면:120mm LED x2/[크기]/너비(W):275mm/높이(H):360mm/깊이(D):425mm/[호환성]/지원파워규격:표준-ATX/파워 장착 길이:180mm/파워 위치:하단후면/[부가기능]/LED 색상:ARGB",https://img.danuri.io/catalog-image/451/655/122/f8d3900254df4f5d8d142875f6d4ed55.jpeg?shrink=80:80,False,
2026-08-21,케이스,"darkFlash,앱코",93320456,앱코 UD50C 루시드 앰비언트 풀커브드 ARGB BTF (블랙),136400,"ATX 케이스/지원보드규격:ATX,ATX (후면커넥터),M-ATX,M-ATX (후면커넥터),M-ITX/VGA 길이:420mm/CPU쿨러 높이:160mm/미들타워/[패널]/전면 패널 타입:강화유리/측면 패널 타입:강화유리/[쿨러/튜닝]/쿨링팬:총4개/LED팬:4개/후면:120mm LED X1/내부 측면:120mm LED X3/[크기]/너비(W):285mm/깊이(D):460mm/높이(H):400mm/[호환성]/지원파워규격:표준-ATX/파워 장착 길이:210mmmm/파워 위치:상단/[부가기능]/외부 LED/팬 컨트롤/RGB 컨트롤/LED 색상:ARGB",https://img.danuri.io/catalog-image/456/320/093/43257e8431514ed5b649822011397da6.jpg?shrink=80:80,False,
2026-08-21,케이스,"darkFlash,앱코",32861099,darkFlash DS900 ARGB 강화유리 (블랙),64160,"ATX 케이스/지원보드규격:ATX,M-ATX,M-ITX/VGA 길이:425mm/CPU쿨러 높이:170mm/미들타워/[패널]/전면 패널 타입:강화유리/측면 패널 타입:강화유리/[쿨러/튜닝]/쿨링팬:총4개/LED팬:4개/후면:120mm LED x1/내부 측면:120mm LED x3/[크기]/너비(W):218mm/깊이(D):434mm/높이(H):454mm/[호환성]/지원파워규격:표준-ATX/파워 장착 길이:260mm/파워 위치:하단후면/[부가기능]/LED 색상:ARGB/[변경사항]/24년 4월 장착쿨링팬 C6 ARGB → C7 ARGB으로 변경 / 24년 8월 상단 라디에이터 120, 140, 240, 280, 360 →120, 240, 360으로 변경",https://img.danuri.io/catalog-image/099/861/032/a8c00370c99644488731eb02fddb5328.jpg?shrink=80:80,False,
2026-08-21,케이스,"darkFlash,앱코",105816371,darkFlash DS900 PRO ARGB (화이트),79030,"ATX 케이스/지원보드규격:ATX,M-ATX,ITX/VGA 길이:425mm/CPU쿨러 높이:170mm/미들타워/[패널]/전면 패널 타입:강화유리/측면 패널 타입:강화유리/[쿨러/튜닝]/쿨링팬:총4개/LED팬:4개/후면:120mm LED x1/내부 측면:120mm LED x3/[크기]/너비(W):218mm/깊이(D):434mm/높이(H):455mm/[호환성]/지원파워규격:표준-ATX/파워 장착 길이:260mm/파워 위치:하단후면/[부가기능]/팬 컨트롤/RGB 컨트롤/LED 색상:ARGB",https://img.danuri.io/catalog-image/371/816/105/ddf9777dfe5445b795ebe951aaf15686.jpg?shrink=80:80,False,
2026-08-21,케이스,"darkFlash,앱코",122617905,darkFlash DLX ULTRA MESH ARGB (화이트),156000,"ATX 케이스/지원보드규격:E-ATX,ATX,ATX (후면커넥터),M-ATX,M-ATX (후면커넥터),ITX/VGA 길이:480mm/CPU쿨러 높이:190mm/빅타워/수직 PCI형태:슬롯변경형/[패널]/전면 패널 타입:메쉬/측면 패널 타입:통풍구/[쿨러/튜닝]/쿨링팬:총4개/LED팬:4개/후면:140mm LED x1/전면:140mm LED x3/[크기]/너비(W):249mm/높이(H):535mm/깊이(D):560mm/[호환성]/지원파워규격:표준-ATX/파워 장착 길이:260mm/파워 위치:하단후면/[부가기능]/LED 색상:ARGB",https://img.danuri.io/catalog-image/905/617/122/9c3118b4863d44c2abbe2e1b9904013f.jpeg?shrink=80:80,False,
2026-08-21,케이스,"darkFlash,앱코",16542008,darkFlash DK1000 MESH 강화유리 (블랙),68910,"ATX 케이스/지원보드규격:E-ATX,ATX,M-ATX/VGA 길이:355mm/CPU쿨러 높이:165mm/미들타워/[패널]/전면 패널 타입:메쉬/측면 패널 타입:강화유리/측면 개폐 방식:스윙도어/[쿨러/튜닝]/쿨링팬:총4개/후면:120mm x1/전면:140mm x3/[크기]/너비(W):215mm/깊이(D):415mm/높이(H):470mm/[호환성]/지원파워규격:표준-ATX/파워 장착 길이:245mm",https://img.danuri.io/catalog-image/008/542/016/1d7f04bad2764b2087c48c7ee01cf48a.jpg?shrink=80:80,False,
2026-08-21,케이스,"darkFlash,앱코",123134408,darkFlash FLOATRON F1 ARGB (블랙),125430,"ATX 케이스/지원보드규격:ATX,ATX (후면커넥터),M-ATX,M-ATX (후면커넥터),ITX/VGA 길이:415mm/CPU쿨러 높이:180mm/미들타워/[패널]/전면 패널 타입:강화유리/측면 패널 타입:강화유리/[크기]/너비(W):240mm/높이(H):464mm/깊이(D):452mm/[호환성]/지원파워규격:표준-ATX/파워 장착 길이:200mm/파워 위치:하단후면/[부가기능]/LED 색상:ARGB",https://img.danuri.io/catalog-image/408/134/123/c55c797ab0ec4c4383b1a5f259b59e1d.jpeg?shrink=80:80,False,
2026-08-21,케이스,"darkFlash,앱코",56138000,앱코 U20M 큐빅 미니 (블랙),35310,"M-ATX 케이스/지원보드규격:M-ATX,M-ITX/VGA 길이:350mm/CPU쿨러 높이:165mm/미니타워/[패널]/전면 패널 타입:강화유리/측면 패널 타입:강화유리/측면 개폐 방식:버튼/[쿨러/튜닝]/쿨링팬:총3개/LED팬:3개/후면:120mm LED x1/내부 측면:120mm LED x2/[크기]/너비(W):212mm/깊이(D):360mm/높이(H):435mm/[호환성]/지원파워규격:표준-ATX/파워 장착 길이:350mm/파워 위치:하단후면/[부가기능]/LED 색상:RGB",https://img.danuri.io/catalog-image/000/138/056/5eb1a011accd4ab0a584e64ad86efc97.jpg?shrink=80:80,False,
2026-08-21,케이스,"darkFlash,앱코",105968039,앱코 UD51 엑시드 ARGB BTF (화이트),105160,"ATX 케이스/지원보드규격:E-ATX,ATX,ATX (후면커넥터),M-ATX,M-ATX (후면커넥터),M-ITX/VGA 길이:400mm/CPU쿨러 높이:160mm/미들타워/수직 PCI형태:슬롯변경형/[패널]/전면 패널 타입:강화유리/측면 패널 타입:강화유리/[쿨러/튜닝]/쿨링팬:총4개/LED팬:4개/후면:120mm LED x1/내부 측면:120mm LED x3/[크기]/너비(W):277mm/높이(H):430mm/깊이(D):443mm/[호환성]/지원파워규격:표준-ATX/파워 장착 길이:240mm/파워 위치:상단/[부가기능]/RGB 컨트롤/LED 색상:ARGB",https://img.danuri.io/catalog-image/039/968/105/cbb75564224245bb9cfbc38be6d1c507.jpg?shrink=80:80,False,
2026-08-21,케이스,"darkFlash,앱코",72723323,darkFlash DQX80 ARGB BTF (화이트),93680,"ATX 케이스/지원보드규격:ATX,ATX (후면커넥터),M-ATX,M-ATX (후면커넥터),ITX/VGA 길이:415mm/CPU쿨러 높이:160mm/미들타워/[패널]/전면 패널 타입:강화유리/측면 패널 타입:강화유리/[쿨러/튜닝]/쿨링팬:총4개/LED팬:4개/후면:120mm/내부 측면:120mm/[크기]/너비(W):285mm/깊이(D):426mm/높이(H):448mm/[호환성]/지원파워규격:표준-ATX/파워 장착 길이:220mm/파워 위치:상단/[부가기능]/LED 색상:RGB",https://img.danuri.io/catalog-image/323/723/072/c4c95dbd16cb41a08e15d73c3f77bd87.jpg?shrink=80:80,False,
2026-08-21,케이스,"darkFlash,앱코",122699730,darkFlash DK200 NEO MESH RGB 식스팬 (블랙),44820,"ATX 케이스/지원보드규격:ATX,M-ATX,M-ITX/VGA 길이:340mm/CPU쿨러 높이:165mm/미들타워/[패널]/전면 패널 타입:메쉬/측면 패널 타입:강화유리/[쿨러/튜닝]/쿨링팬:총6개/LED팬:6개/후면:120mm LED x1/전면:120mm LED x3/상단:120mm LED x2/[크기]/너비(W):218mm/높이(H):447mm/깊이(D):396mm/[호환성]/지원파워규격:표준-ATX/파워 장착 길이:200mm/파워 위치:하단전면/[부가기능]/RGB 컨트롤/LED 색상:RGB",https://img.danuri.io/catalog-image/730/699/122/914b893abd574b24ae210dd731b948d0.jpeg?shrink=80:80,False,
2026-08-21,케이스,"darkFlash,앱코",122679640,darkFlash DRX90 AERO MESH RGB (블랙),59580,"ATX 케이스/지원보드규격:ATX,M-ATX,M-ITX/VGA 길이:395mm/CPU쿨러 높이:185mm/미들타워/[패널]/전면 패널 타입:메쉬/측면 패널 타입:통풍구/[쿨러/튜닝]/쿨링팬:총4개/LED팬:4개/후면:120mm LED x1/전면:120mm LED x3/[크기]/너비(W):230mm/높이(H):460mm/깊이(D):465mm/[호환성]/지원파워규격:표준-ATX/파워 장착 길이:280mm/파워 위치:하단후면/[부가기능]/LED 색상:RGB",https://img.danuri.io/catalog-image/640/679/122/a41512b6ec6d4d8a85475a3aaffc39da.jpeg?shrink=80:80,False,
2026-08-21,케이스,"darkFlash,앱코",108390941,darkFlash DS950V ARGB 디스플레이 (블랙),97900,"ATX 케이스/지원보드규격:ATX,M-ATX,ITX/VGA 길이:400mm/CPU쿨러 높이:180mm/미들타워/[패널]/전면 패널 타입:강화유리/측면 패널 타입:강화유리/[쿨러/튜닝]/쿨링팬:총3개/LED팬:3개/후면:120mm LED x1/내부 측면:120mm LED x2/[크기]/너비(W):222mm/높이(H):465mm/깊이(D):450mm/[호환성]/지원파워규격:표준-ATX/파워 장착 길이:280mm/파워 위치:하단후면/[부가기능]/LED 색상:ARGB",https://img.danuri.io/catalog-image/941/390/108/26a19e26de884e41af0ca790478e696b.jpg?shrink=80:80,False,
2026-08-21,케이스,"darkFlash,앱코",122678063,앱코 UD51L 엑시드 LCD 강화유리 ARGB BTF (화이트),158500,"ATX 케이스/지원보드규격:ATX,ATX (후면커넥터),M-ATX,M-ATX (후면커넥터),ITX/VGA 길이:345mm/CPU쿨러 높이:160mm/미들타워/수직 PCI형태:슬롯변경형/[패널]/전면 패널 타입:강화유리/측면 패널 타입:강화유리/[쿨러/튜닝]/쿨링팬:총4개/LED팬:4개/후면:120mm LED x1/내부 측면:120mm LED x3/[크기]/너비(W):277mm/높이(H):430mm/깊이(D):443mm/[호환성]/지원파워규격:표준-ATX/파워 장착 길이:240mm/파워 위치:상단/[부가기능]/LED 색상:ARGB",https://img.danuri.io/catalog-image/063/678/122/a9931055705f4eb8bdf699e9bcf97305.jpeg?shrink=80:80,False,
2026-08-21,케이스,"darkFlash,앱코",105816257,darkFlash DS900 PRO ARGB (블랙),74250,"ATX 케이스/지원보드규격:ATX,M-ATX,ITX/VGA 길이:425mm/CPU쿨러 높이:170mm/미들타워/[패널]/전면 패널 타입:강화유리/측면 패널 타입:강화유리/[쿨러/튜닝]/쿨링팬:총4개/LED팬:4개/후면:120mm LED x1/내부 측면:120mm LED x3/[크기]/너비(W):218mm/깊이(D):434mm/높이(H):455mm/[호환성]/지원파워규격:표준-ATX/파워 장착 길이:260mm/파워 위치:하단후면/[부가기능]/팬 컨트롤/RGB 컨트롤/LED 색상:ARGB",https://img.danuri.io/catalog-image/257/816/105/9058630d75604cf3974a98d4a23d3e92.jpg?shrink=80:80,False,
2026-08-21,케이스,"darkFlash,앱코",62071802,darkFlash DMO11 (화이트),24750,"M-ATX 케이스/지원보드규격:M-ATX,M-ITX/VGA 길이:270mm/CPU쿨러 높이:165mm/미니타워/[패널]/측면 패널 타입:통풍구/[쿨러/튜닝]/쿨링팬:총1개/후면:120mm x1/[크기]/너비(W):180mm/깊이(D):300mm/높이(H):355mm/[호환성]/지원파워규격:표준-ATX/파워 위치:상단",https://img.danuri.io/catalog-image/802/071/062/db6c6156c83a44d6992e437694f0a4f6.jpg?shrink=80:80,False,
2026-08-21,케이스,"darkFlash,앱코",122679643,darkFlash DRX90 AERO MESH RGB (화이트),64880,"ATX 케이스/지원보드규격:ATX,M-ATX,M-ITX/VGA 길이:395mm/CPU쿨러 높이:185mm/미들타워/[패널]/전면 패널 타입:메쉬/측면 패널 타입:통풍구/[쿨러/튜닝]/쿨링팬:총4개/LED팬:4개/후면:120mm LED x1/전면:120mm LED x3/[크기]/너비(W):230mm/높이(H):460mm/깊이(D):465mm/[호환성]/지원파워규격:표준-ATX/파워 장착 길이:280mm/파워 위치:하단후면/[부가기능]/LED 색상:RGB",https://img.danuri.io/catalog-image/643/679/122/2e19b3fd3bf64b948c9e54e93f18c671.jpeg?shrink=80:80,False,
2026-08-21,케이스,"darkFlash,앱코",108390974,darkFlash DS950V ARGB 디스플레이 (화이트),103080,"ATX 케이스/지원보드규격:ATX,M-ATX,ITX/VGA 길이:400mm/CPU쿨러 높이:180mm/미들타워/[패널]/전면 패널 타입:강화유리/측면 패널 타입:강화유리/[쿨러/튜닝]/쿨링팬:총3개/LED팬:3개/후면:120mm LED x1/내부 측면:120mm LED x2/[크기]/너비(W):222mm/높이(H):465mm/깊이(D):450mm/[호환성]/지원파워규격:표준-ATX/파워 장착 길이:280mm/파워 위치:하단후면/[부가기능]/LED 색상:ARGB",https://img.danuri.io/catalog-image/974/390/108/f128a81d304543bba59e536755251d70.jpg?shrink=80:80,False,
2026-08-21,케이스,"darkFlash,앱코",122617755,darkFlash DLX ULTRA MESH (블랙),142880,"ATX 케이스/지원보드규격:E-ATX,ATX,ATX (후면커넥터),M-ATX,M-ATX (후면커넥터),ITX/VGA 길이:480mm/CPU쿨러 높이:190mm/빅타워/수직 PCI형태:슬롯변경형/[패널]/전면 패널 타입:메쉬/측면 패널 타입:통풍구/[쿨러/튜닝]/쿨링팬:총4개/후면:140mm x1/전면:140mm x3/[크기]/너비(W):249mm/높이(H):535mm/깊이(D):560mm/[호환성]/지원파워규격:표준-ATX/파워 장착 길이:260mm/파워 위치:하단후면",https://img.danuri.io/catalog-image/755/617/122/c27d979de0c54764bd03c4f7b5851445.jpeg?shrink=80:80,False,
2026-08-21,케이스,"darkFlash,앱코",28058570,앱코 G15 세이퍼 아크릴 (블랙),38720,"ATX 케이스/지원보드규격:ATX,M-ATX,M-ITX/VGA 길이:300mm/CPU쿨러 높이:160mm/미들타워/[패널]/전면 패널 타입:메쉬/측면 패널 타입:아크릴/[쿨러/튜닝]/쿨링팬:총4개/LED팬:4개/후면:120mm LED X1/전면:120mm LED X3/[크기]/너비(W):205mm/깊이(D):350mm/높이(H):445mm/[호환성]/지원파워규격:표준-ATX/파워 장착 길이:140~150mm/파워 위치:하단후면/[변경사항]/23년 10월 ssd 최대 3개 장착 → 2개로 변경",https://img.danuri.io/catalog-image/570/058/028/002345b696a04f94a966e3e4b2afc12f.jpg?shrink=80:80,False,
2026-08-21,케이스,"darkFlash,앱코",11884207,darkFlash DLX21 RGB MESH 강화유리 (화이트),102300,"ATX 케이스/지원보드규격:E-ATX,ATX,M-ATX,M-ITX/VGA 길이:400mm/CPU쿨러 높이:180mm/미들타워/[패널]/측면 패널 타입:강화유리/측면 개폐 방식:스윙도어/[쿨러/튜닝]/쿨링팬:총4개/LED팬:4개/후면:140mm LED x1/전면:140mm LED x3/[크기]/너비(W):233mm/깊이(D):448mm/높이(H):493mm/[호환성]/지원파워규격:표준-ATX/파워 장착 길이:235mm/파워 위치:하단후면/[부가기능]/RGB 컨트롤/LED 색상:RGB",https://img.danuri.io/catalog-image/207/884/011/e774353bdc4d45edb01e44a42641b88c.jpg?shrink=80:80,False,
2026-08-21,케이스,"darkFlash,앱코",17976938,darkFlash DK110,19800,"ATX 케이스/지원보드규격:ATX,M-ATX,M-ITX/VGA 길이:285mm/CPU쿨러 높이:160mm/미들타워/[패널]/측면 패널 타입:통풍구/[쿨러/튜닝]/쿨링팬:총1개/후면:120mm x1/[크기]/너비(W):190mm/깊이(D):344mm/높이(H):410mm/[호환성]/지원파워규격:표준-ATX/파워 위치:상단",https://img.danuri.io/catalog-image/938/976/017/d8d120bd27a945c28c80aac2389a1b1f.jpg?shrink=80:80,False,
2026-08-21,케이스,"darkFlash,앱코",91348985,앱코 UD20M 미니웨일 (화이트),0,"M-ATX 케이스/지원보드규격:M-ATX,M-ITX/VGA 길이:325mm/CPU쿨러 높이:155mm/미니타워/[패널]/전면 패널 타입:강화유리/측면 패널 타입:강화유리/[쿨러/튜닝]/쿨링팬:총3개/LED팬:3개/후면:120mm LED  x1/하단:120mm LED x2/[크기]/너비(W):335mm/깊이(D):275mm/높이(H):353mm/[호환성]/지원파워규격:표준-ATX/파워 장착 길이:210mm/파워 위치:하단후면/[부가기능]/LED 색상:RGB",https://img.danuri.io/catalog-image/985/348/091/6bb95b2963e14664976ea50be90c9843.jpg?shrink=80:80,True,가격정보없음(판매준비/판매중지)
2026-08-21,케이스,"darkFlash,앱코",122678036,앱코 UD51L 엑시드 LCD 강화유리 ARGB BTF (블랙),0,"ATX 케이스/지원보드규격:ATX,ATX (후면커넥터),M-ATX,M-ATX (후면커넥터),ITX/VGA 길이:345mm/CPU쿨러 높이:160mm/미들타워/수직 PCI형태:슬롯변경형/[패널]/전면 패널 타입:강화유리/측면 패널 타입:강화유리/[쿨러/튜닝]/쿨링팬:총4개/LED팬:4개/후면:120mm LED x1/내부 측면:120mm LED x3/[크기]/너비(W):277mm/높이(H):430mm/깊이(D):443mm/[호환성]/지원파워규격:표준-ATX/파워 장착 길이:240mm/파워 위치:상단/[부가기능]/LED 색상:ARGB",https://img.danuri.io/catalog-image/036/678/122/5349cc43a49f4e8da27e645e30ce6239.jpeg?shrink=80:80,True,가격정보없음(판매준비/판매중지)
2026-08-21,케이스,"darkFlash,앱코",101632583,앱코 U10M 큐빅 라이트 (블랙),20130,"M-ATX 케이스/지원보드규격:M-ATX,M-ITX/VGA 길이:300mm/CPU쿨러 높이:160mm/미니타워/[패널]/전면 패널 타입:강화유리/측면 패널 타입:강화유리/[쿨러/튜닝]/쿨링팬:총1개/LED팬:1개/후면:120mm LED x1/[크기]/너비(W):195mm/깊이(D):310mm/높이(H):422mm/[호환성]/지원파워규격:표준-ATX/파워 위치:하단후면/[부가기능]/LED 색상:RGB",https://img.danuri.io/catalog-image/583/632/101/e5bbdfc57c644866abe04a5286b7d594.jpg?shrink=80:80,False,
2026-08-21,케이스,"darkFlash,앱코",8043859,앱코 NCORE 언더바,24090,"ATX 케이스/지원보드규격:ATX,M-ATX,M-ITX/VGA 길이:310mm/CPU쿨러 높이:163mm/미들타워/[패널]/전면 패널 타입:일반(솔리드)/[쿨러/튜닝]/쿨링팬:총1개/후면:120mm x1/[크기]/너비(W):198mm/깊이(D):375mm/높이(H):413mm/[호환성]/지원파워규격:표준-ATX/파워 장착 길이:200mm/파워 위치:상단",https://img.danuri.io/catalog-image/859/043/008/4823a889b5ed48c5b939b359841c7d09.jpg?shrink=80:80,False,
2026-08-21,케이스,"darkFlash,앱코",99640955,앱코 G50 빅플로우 MESH ARGB BTF (화이트),108350,"ATX 케이스/지원보드규격:E-ATX,ATX,ATX (후면커넥터),M-ATX,M-ATX (후면커넥터),M-ITX/VGA 길이:408mm/CPU쿨러 높이:180mm/미들타워/[패널]/전면 패널 타입:메쉬/측면 패널 타입:강화유리/[쿨러/튜닝]/쿨링팬:총4개/LED팬:4개/후면:140mm LED x1/전면:140mm LED x3/[크기]/너비(W):238mm/깊이(D):479mm/높이(H):500mm/[호환성]/지원파워규격:표준-ATX/파워 장착 길이:240mm/파워 위치:하단후면/[부가기능]/팬 컨트롤/RGB 컨트롤/LED 색상:ARGB",https://img.danuri.io/catalog-image/955/640/099/a09c36d36f1140e480e46f6c64f16e43.jpg?shrink=80:80,False,
2026-08-21,케이스,"darkFlash,앱코",13818002,darkFlash DLH21 (민트),103400,미니ITX/지원보드규격:M-ITX/VGA 길이:320mm/CPU쿨러 높이:134mm/미니ITX(리틀밸리)/지원파워규격:M-ATX(SFX)/수직 PCI형태:기본형/[패널]/전면 패널 타입:메쉬/[쿨러/튜닝]/쿨링팬:총1개/상단:92mm/[크기]/너비(W):175mm/높이(H):412mm/깊이(D):238mm/[호환성]/파워 장착 길이:125mm/파워 위치:하단후면/[부가기능]/외부 LED/LED 색상:RGB,https://img.danuri.io/catalog-image/002/818/013/9d200a6ea7034f5483e495bd487a7785.jpg?shrink=80:80,False,
2026-08-21,케이스,"darkFlash,앱코",14705840,앱코 NCORE G30 트루포스 (블랙),49170,"ATX 케이스/지원보드규격:ATX,M-ATX,M-ITX/VGA 길이:340mm/CPU쿨러 높이:175mm/미들타워/[패널]/전면 패널 타입:메쉬/측면 패널 타입:강화유리/[쿨러/튜닝]/쿨링팬:총6개/LED팬:4개/후면:120mm LED x1/전면:120mm LED x3/상단:120mm x2/[크기]/너비(W):225mm/깊이(D):385mm/높이(H):485mm/[호환성]/지원파워규격:표준-ATX/파워 장착 길이:345mm/파워 위치:하단후면",https://img.danuri.io/catalog-image/840/705/014/dc9a6a43f70c49a3aae3fd06baef9968.jpg?shrink=80:80,False,
2026-08-21,케이스,"darkFlash,앱코",86098574,darkFlash DS900 ARGB 강화유리 (블랙 우드),64070,"ATX 케이스/지원보드규격:ATX,M-ATX,ITX/VGA 길이:425mm/CPU쿨러 높이:170mm/미들타워/[패널]/전면 패널 타입:강화유리/측면 패널 타입:강화유리/[쿨러/튜닝]/쿨링팬:총4개/LED팬:4개/후면:120mm LED x1/내부 측면:120mm LED x3/[크기]/너비(W):218mm/깊이(D):434mm/높이(H):454mm/[호환성]/지원파워규격:표준-ATX/파워 장착 길이:260mm/파워 위치:하단후면/[부가기능]/LED 색상:ARGB",https://img.danuri.io/catalog-image/574/098/086/69ff0e2f9f4d45618173511b85e80b3f.jpg?shrink=80:80,False,
2026-08-21,케이스,"darkFlash,앱코",31413674,darkFlash DRX70 MESH RGB 강화유리 (블랙),54130,"ATX 케이스/지원보드규격:ATX,M-ATX,M-ITX/VGA 길이:355mm/CPU쿨러 높이:180mm/미들타워/[패널]/전면 패널 타입:메쉬/측면 패널 타입:강화유리/[쿨러/튜닝]/쿨링팬:총4개/LED팬:4개/후면:120mm LED x1/전면:120mm LED x3/[크기]/너비(W):230mm/깊이(D):396mm/높이(H):462mm/[호환성]/지원파워규격:표준-ATX/파워 장착 길이:220mm/[부가기능]/LED 색상:RGB",https://img.danuri.io/catalog-image/674/413/031/bb3568149db54ee3a41836994cce905e.jpg?shrink=80:80,False,
2026-08-21,케이스,"darkFlash,앱코",71904299,darkFlash DP360 MESH RGB 강화유리 (블랙),46310,"ATX 케이스/지원보드규격:ATX,M-ATX,M-ITX/VGA 길이:350mm/CPU쿨러 높이:180mm/미들타워/[패널]/전면 패널 타입:메쉬/측면 패널 타입:강화유리/측면 개폐 방식:스윙도어/[쿨러/튜닝]/쿨링팬:총4개/LED팬:4개/후면:120mm LED x1/전면:120mm LED x3/[크기]/너비(W):230mm/깊이(D):390mm/높이(H):456mm/[호환성]/지원파워규격:표준-ATX/파워 장착 길이:215mm/파워 위치:하단후면/[부가기능]/LED 색상:RGB",https://img.danuri.io/catalog-image/299/904/071/af7e27aaefac45c298e6f304399df267.jpg?shrink=80:80,False,
2026-08-21,케이스,"darkFlash,앱코",99735548,darkFlash DY460 ARGB BTF (블랙),96910,"ATX 케이스/지원보드규격:ATX,ATX (후면커넥터),M-ATX,M-ATX (후면커넥터),ITX/VGA 길이:410mm/CPU쿨러 높이:175mm/미들타워/[패널]/전면 패널 타입:강화유리/측면 패널 타입:강화유리/[쿨러/튜닝]/쿨링팬:총4개/LED팬:4개/후면:120mm LED x1/전면:120mm LED x3/[크기]/너비(W):238mm/깊이(D):452mm/높이(H):541mm/지원파워규격:표준-ATX/파워 장착 길이:260mm/파워 위치:하단후면/[부가기능]/LED 색상:ARGB",https://img.danuri.io/catalog-image/548/735/099/82fd804d52c94aabbbbd51311d065bab.jpg?shrink=80:80,False,
2026-08-21,케이스,"darkFlash,앱코",71904314,darkFlash DP360 MESH RGB 강화유리 (화이트),46090,"ATX 케이스/지원보드규격:ATX,M-ATX,M-ITX/VGA 길이:350mm/CPU쿨러 높이:180mm/미들타워/[패널]/전면 패널 타입:메쉬/측면 패널 타입:강화유리/측면 개폐 방식:스윙도어/[쿨러/튜닝]/쿨링팬:총4개/LED팬:4개/후면:120mm LED x1/전면:120mm LED x3/[크기]/너비(W):230mm/깊이(D):390mm/높이(H):456mm/[호환성]/지원파워규격:표준-ATX/파워 장착 길이:215mm/파워 위치:하단후면/[부가기능]/LED 색상:RGB",https://img.danuri.io/catalog-image/314/904/071/fb4b073d2f6a4f93933a45c87cd84101.jpg?shrink=80:80,False,
2026-08-21,케이스,"darkFlash,앱코",31412510,앱코 O10M 오피스 라이트 (블랙),19980,"M-ATX 케이스/지원보드규격:M-ATX,M-ITX/VGA 길이:260mm/CPU쿨러 높이:135mm/미니타워/[패널]/전면 패널 타입:일반(솔리드)/측면 패널 타입:통풍구/[쿨러/튜닝]/쿨링팬:총1개/후면:80mm x1/[크기]/너비(W):160mm/깊이(D):284mm/높이(H):350mm/[호환성]/지원파워규격:표준-ATX/파워 장착 길이:250mm/파워 위치:상단",https://img.danuri.io/catalog-image/510/412/031/49556add4d2a4561b9d4211bd348fcc5.jpg?shrink=80:80,False,
2026-08-21,케이스,"darkFlash,앱코",68440877,darkFlash DY470 ARGB 강화유리 (화이트),127020,"ATX 케이스/지원보드규격:ATX,ATX (후면커넥터),M-ATX,M-ITX/VGA 길이:410mm/CPU쿨러 높이:175mm/미들타워/[패널]/전면 패널 타입:강화유리/측면 패널 타입:강화유리/[쿨러/튜닝]/쿨링팬:총4개/LED팬:4개/후면:120mm LED x1/내부 측면:120mm LED x3/[크기]/너비(W):298mm/깊이(D):473mm/높이(H):497mm/[호환성]/지원파워규격:표준-ATX/[부가기능]/LED 색상:ARGB",https://img.danuri.io/catalog-image/877/440/068/8b6c14fe4a074d0caf556c664fea293c.jpg?shrink=80:80,False,
2026-08-21,케이스,"darkFlash,앱코",68574671,앱코 UD50 블루웨일 ARGB BTF (블랙),66440,"ATX 케이스/지원보드규격:ATX,ATX (후면커넥터),M-ATX,M-ATX (후면커넥터),M-ITX/VGA 길이:418mm/CPU쿨러 높이:160mm/미들타워/[패널]/전면 패널 타입:강화유리/측면 패널 타입:강화유리/[쿨러/튜닝]/쿨링팬:총4개/LED팬:4개/후면:120mm LED X1/내부 측면:120mm LED X3/[크기]/너비(W):285mm/깊이(D):426mm/높이(H):400mm/[호환성]/지원파워규격:표준-ATX/[부가기능]/LED 색상:ARGB",https://img.danuri.io/catalog-image/671/574/068/19fc01361e8145a994b332372f94bb2a.jpg?shrink=80:80,False,
2026-08-21,케이스,"darkFlash,앱코",93320471,앱코 UD50C 루시드 앰비언트 풀커브드 ARGB BTF (화이트),136400,"ATX 케이스/지원보드규격:ATX,ATX (후면커넥터),M-ATX,M-ATX (후면커넥터),M-ITX/VGA 길이:420mm/CPU쿨러 높이:160mm/미들타워/[패널]/전면 패널 타입:강화유리/측면 패널 타입:강화유리/[쿨러/튜닝]/쿨링팬:총4개/LED팬:4개/후면:120mm LED X1/내부 측면:120mm LED X3/[크기]/너비(W):285mm/깊이(D):460mm/높이(H):400mm/[호환성]/지원파워규격:표준-ATX/파워 장착 길이:210mmmm/파워 위치:상단/[부가기능]/외부 LED/팬 컨트롤/RGB 컨트롤/LED 색상:ARGB",https://img.danuri.io/catalog-image/471/320/093/c4a0b143536c4efeabb015071ee90c51.jpg?shrink=80:80,False,
2026-08-21,케이스,"darkFlash,앱코",31413680,darkFlash DRX70 MESH RGB 강화유리 (화이트),56880,"ATX 케이스/지원보드규격:ATX,M-ATX,M-ITX/VGA 길이:355mm/CPU쿨러 높이:180mm/미들타워/[패널]/전면 패널 타입:메쉬/측면 패널 타입:강화유리/[쿨러/튜닝]/쿨링팬:총4개/LED팬:4개/후면:120mm LED x1/전면:120mm LED x3/[크기]/너비(W):230mm/깊이(D):396mm/높이(H):462mm/[호환성]/지원파워규격:표준-ATX/파워 장착 길이:220mm/[부가기능]/LED 색상:RGB",https://img.danuri.io/catalog-image/680/413/031/3b2cf641d62a47b2a0c9578776cb2af7.jpg?shrink=80:80,False,
2026-08-21,케이스,"darkFlash,앱코",100271060,darkFlash DPF70 ARGB (블랙),64380,"ATX 케이스/지원보드규격:ATX,M-ATX,ITX/VGA 길이:410mm/CPU쿨러 높이:160mm/미들타워/[패널]/전면 패널 타입:강화유리/측면 패널 타입:강화유리/[쿨러/튜닝]/쿨링팬:총4개/LED팬:4개/후면:120mm LED x1/내부 측면:120mm LED x3/[크기]/너비(W):275mm/깊이(D):425mm/높이(H):398mm/[호환성]/지원파워규격:표준-ATX/파워 장착 길이:230mm/파워 위치:하단후면/[부가기능]/팬 컨트롤/RGB 컨트롤/LED 색상:ARGB",https://img.danuri.io/catalog-image/060/271/100/17c5b2e66116479f9781e26638026fbc.jpg?shrink=80:80,False,
2026-08-21,케이스,"darkFlash,앱코",76946687,darkFlash DF4100 MESH ARGB BTF (화이트),83990,"ATX 케이스/지원보드규격:E-ATX,ATX,ATX (후면커넥터),M-ATX,M-ATX (후면커넥터),ITX/VGA 길이:435mm/CPU쿨러 높이:185mm/수직 PCI형태:슬롯변경형/[패널]/전면 패널 타입:메쉬/측면 패널 타입:강화유리/[쿨러/튜닝]/쿨링팬:총4개/LED팬:4개/후면:140mm LED x1/전면:140mm LED x3/[크기]/너비(W):235mm/깊이(D):485mm/높이(H):505mm/[호환성]/지원파워규격:표준-ATX/파워 장착 길이:250mm/파워 위치:하단후면/[부가기능]/RGB 컨트롤/LED 색상:ARGB",https://img.danuri.io/catalog-image/687/946/076/b0ac9844007141ef9eebdd7c1d789bb8.jpg?shrink=80:80,False,
2026-08-21,케이스,"darkFlash,앱코",123134410,darkFlash FLOATRON F1 ARGB (화이트 블랙),125370,"ATX 케이스/지원보드규격:ATX,ATX (후면커넥터),M-ATX,M-ATX (후면커넥터),ITX/VGA 길이:415mm/CPU쿨러 높이:180mm/미들타워/[패널]/전면 패널 타입:강화유리/측면 패널 타입:강화유리/[크기]/너비(W):240mm/높이(H):464mm/깊이(D):452mm/[호환성]/지원파워규격:표준-ATX/파워 장착 길이:200mm/파워 위치:하단후면/[부가기능]/LED 색상:ARGB",https://img.danuri.io/catalog-image/410/134/123/4954c6616da64bd1a0f1eacd6efde3e0.jpeg?shrink=80:80,False,
2026-08-21,케이스,"darkFlash,앱코",101013629,darkFlash DS500M RGB (화이트),46200,"M-ATX 케이스/지원보드규격:M-ATX,ITX/VGA 길이:405mm/CPU쿨러 높이:165mm/미니타워/[패널]/전면 패널 타입:강화유리/측면 패널 타입:강화유리/[쿨러/튜닝]/쿨링팬:총3개/LED팬:3개/후면:120mm LED x1/내부 측면:120mm LED x2/[크기]/너비(W):210mm/깊이(D):413mm/높이(H):450mm/[호환성]/지원파워규격:표준-ATX/파워 장착 길이:230mm/파워 위치:하단후면/[부가기능]/LED 색상:RGB",https://img.danuri.io/catalog-image/629/013/101/7f1adc6202364e7498d74a316ecdbb01.jpg?shrink=80:80,False,
2026-08-21,케이스,"darkFlash,앱코",73616639,앱코 SUITMASTER MF360 리얼우드 (블랙),74250,"ATX 케이스/지원보드규격:ATX,M-ATX,M-ITX/VGA 길이:410mm/CPU쿨러 높이:165mm/미들타워/[패널]/측면 패널 타입:강화유리/측면 개폐 방식:스윙도어/[쿨러/튜닝]/쿨링팬:총4개/후면:120mm x1/전면:140mm x3/[크기]/너비(W):210mm/깊이(D):465mm/높이(H):485mm/[호환성]/지원파워규격:표준-ATX/파워 장착 길이:250mm/파워 위치:하단후면",https://img.danuri.io/catalog-image/639/616/073/7572ca1f9c884f2e9a6d83413e3823ee.jpg?shrink=80:80,False,
2026-08-21,케이스,"darkFlash,앱코",60321872,darkFlash DS900M RGB 강화유리 (화이트),48870,"M-ATX 케이스/지원보드규격:M-ATX,M-ITX/VGA 길이:425mm/CPU쿨러 높이:170mm/미니타워/[패널]/전면 패널 타입:강화유리/측면 패널 타입:강화유리/[쿨러/튜닝]/쿨링팬:총3개/LED팬:3개/후면:120mm LED x1/내부 측면:120mm LED x2/[크기]/너비(W):218mm/깊이(D):434mm/높이(H):414mm/[호환성]/지원파워규격:표준-ATX/파워 장착 길이:260mm/파워 위치:하단후면/[부가기능]/LED 색상:RGB",https://img.danuri.io/catalog-image/872/321/060/1d574bd49b9642d2871c24b87ecd58e3.jpg?shrink=80:80,False,
2026-08-21,케이스,"darkFlash,앱코",89861615,darkFlash DCM33 RGB (블랙),36300,"M-ATX 케이스/지원보드규격:M-ATX,ITX/VGA 길이:325mm/CPU쿨러 높이:155mm/미니타워/[패널]/전면 패널 타입:강화유리/측면 패널 타입:강화유리/[쿨러/튜닝]/쿨링팬:총3개/LED팬:3개/후면:120mm LED x1/내부 측면:120mm LED x2/[크기]/너비(W):275mm/깊이(D):335mm/높이(H):327mm/[호환성]/지원파워규격:표준-ATX/파워 장착 길이:160mm/파워 위치:하단후면/[부가기능]/LED 색상:RGB",https://img.danuri.io/catalog-image/615/861/089/f4a68143884d481a8edbae6c89f037c6.jpg?shrink=80:80,False,
2026-08-21,케이스,"darkFlash,앱코",92187578,darkFlash DW500 우드 MESH RGB (블랙),68290,"ATX 케이스/지원보드규격:ATX,M-ATX,ITX/VGA 길이:425mm/CPU쿨러 높이:170mm/미들타워/[패널]/전면 패널 타입:메쉬/측면 패널 타입:강화유리/[쿨러/튜닝]/쿨링팬:총4개/LED팬:4개/후면:120mm LED x1/전면:120mm LED x3/[크기]/너비(W):218mm/깊이(D):470mm/높이(H):454mm/[호환성]/지원파워규격:표준-ATX/파워 장착 길이:260mm/파워 위치:하단후면/[부가기능]/LED 색상:RGB",https://img.danuri.io/catalog-image/578/187/092/13631001f4c84c25a7da51aa4f42b14b.jpg?shrink=80:80,False,
2026-08-21,케이스,"darkFlash,앱코",15894449,앱코 SUITMASTER H2000 스마트 쿨링 (화이트),78650,"ATX 케이스/지원보드규격:ATX,M-ATX/VGA 길이:410mm/CPU쿨러 높이:180mm/미들타워/수직 PCI형태:기본형/[패널]/측면 패널 타입:통풍구/[쿨러/튜닝]/쿨링팬:총4개/후면:140mm x1/전면:140mm x3/[크기]/너비(W):230mm/깊이(D):480mm/높이(H):485mm/[호환성]/지원파워규격:표준-ATX/파워 장착 길이:230mm/파워 위치:하단후면",https://img.danuri.io/catalog-image/449/894/015/807fe592a21e46b0beb95ddab51a53ec.jpg?shrink=80:80,False,
2026-08-21,케이스,"darkFlash,앱코",80464100,darkFlash DB460M MESH RGB (블랙),42340,"M-ATX 케이스/지원보드규격:M-ATX,M-ITX/VGA 길이:420mm/CPU쿨러 높이:174mm/미니타워/[패널]/전면 패널 타입:메쉬/측면 패널 타입:강화유리/[쿨러/튜닝]/쿨링팬:총3개/LED팬:3개/후면:120mm LED x1/전면:120mm LED x2/[크기]/너비(W):220mm/깊이(D):469mm/높이(H):408mm/[호환성]/지원파워규격:표준-ATX/파워 장착 길이:240mm/파워 위치:하단후면/[부가기능]/LED 색상:RGB",https://img.danuri.io/catalog-image/100/464/080/b334e1703d8e4f89ab1ff10cabf53dab.jpg?shrink=80:80,False,
2026-08-21,케이스,"darkFlash,앱코",72723491,darkFlash DCM30 RGB 강화유리 (블랙),34100,"ATX 케이스/지원보드규격:M-ATX,M-ITX/VGA 길이:325mm/CPU쿨러 높이:155mm/미니타워/[패널]/전면 패널 타입:강화유리/측면 패널 타입:강화유리/[쿨러/튜닝]/쿨링팬:총3개/LED팬:3개/후면:120mm/내부 측면:120mm/[크기]/너비(W):275mm/깊이(D):333mm/높이(H):323mm/[호환성]/지원파워규격:표준-ATX/파워 장착 길이:160mm/파워 위치:하단후면/[부가기능]/LED 색상:RGB",https://img.danuri.io/catalog-image/491/723/072/80bf43d0541b47c489d126b83bd3f92c.jpg?shrink=80:80,False,
2026-08-21,케이스,"darkFlash,앱코",59762132,darkFlash DK301M RGB MESH 강화유리 (블랙),36850,"M-ATX 케이스/지원보드규격:M-ATX,M-ITX/VGA 길이:295mm/CPU쿨러 높이:160mm/미니타워/[패널]/전면 패널 타입:메쉬/측면 패널 타입:강화유리/[쿨러/튜닝]/쿨링팬:총3개/LED팬:3개/후면:120mm LED x1/전면:120mm LED x2/[크기]/너비(W):200mm/깊이(D):363mm/높이(H):385mm/[호환성]/지원파워규격:표준-ATX/파워 장착 길이:170mm/파워 위치:하단후면/[부가기능]/LED 색상:RGB",https://img.danuri.io/catalog-image/132/762/059/12b9e68a229a49e687950699f3c46a9c.jpg?shrink=80:80,False,
2026-08-21,케이스,"darkFlash,앱코",9376491,darkFlash DLM21 RGB MESH 강화유리 (화이트),58540,"M-ATX 케이스/지원보드규격:M-ATX,M-ITX/VGA 길이:330mm/CPU쿨러 높이:160mm/미니타워/[패널]/전면 패널 타입:메쉬/측면 패널 타입:강화유리/측면 개폐 방식:스윙도어/[쿨러/튜닝]/쿨링팬:총4개/LED팬:4개/후면:120mm LED x1/전면:120mm LED x3/[크기]/너비(W):208mm/깊이(D):376mm/높이(H):425mm/[호환성]/지원파워규격:표준-ATX/파워 장착 길이:210mm/파워 위치:하단후면/[부가기능]/RGB 컨트롤/LED 색상:RGB/[변경사항]/24년 7월 전면팬 120mm LED x2 → x3 으로 변경 / 후면팬 C6M → C6AM 변경",https://img.danuri.io/catalog-image/491/376/009/b47f6f813e56433f844704f19c759f2c.jpg?shrink=80:80,False,
2026-08-21,케이스,"darkFlash,앱코",60321833,darkFlash DS900M RGB 강화유리 (블랙),47300,"M-ATX 케이스/지원보드규격:M-ATX,M-ITX/VGA 길이:425mm/CPU쿨러 높이:170mm/미니타워/[패널]/전면 패널 타입:강화유리/측면 패널 타입:강화유리/[쿨러/튜닝]/쿨링팬:총3개/LED팬:3개/후면:120mm LED x1/내부 측면:120mm LED x2/[크기]/너비(W):218mm/깊이(D):434mm/높이(H):414mm/[호환성]/지원파워규격:표준-ATX/파워 장착 길이:260mm/파워 위치:하단후면/[부가기능]/LED 색상:RGB",https://img.danuri.io/catalog-image/833/321/060/24e23ad947f34b41bb7b1e1fa355f7e0.jpg?shrink=80:80,False,
2026-08-21,케이스,"darkFlash,앱코",101632598,앱코 U10M 큐빅 라이트 (화이트),22770,"M-ATX 케이스/지원보드규격:M-ATX,M-ITX/VGA 길이:300mm/CPU쿨러 높이:160mm/미니타워/[패널]/전면 패널 타입:강화유리/측면 패널 타입:강화유리/[쿨러/튜닝]/쿨링팬:총1개/LED팬:1개/후면:120mm LED x1/[크기]/너비(W):195mm/깊이(D):310mm/높이(H):422mm/[호환성]/지원파워규격:표준-ATX/파워 위치:하단후면/[부가기능]/LED 색상:RGB",https://img.danuri.io/catalog-image/598/632/101/1a2f430540dc40bcbce790aea209a21f.jpg?shrink=80:80,False,
2026-08-21,케이스,"darkFlash,앱코",99735608,darkFlash DY460 ARGB BTF (화이트),98260,"ATX 케이스/지원보드규격:ATX,ATX (후면커넥터),M-ATX,M-ATX (후면커넥터),ITX/VGA 길이:410mm/CPU쿨러 높이:175mm/미들타워/[패널]/전면 패널 타입:강화유리/측면 패널 타입:강화유리/[쿨러/튜닝]/쿨링팬:총4개/LED팬:4개/후면:120mm LED x1/전면:120mm LED x3/[크기]/너비(W):238mm/깊이(D):452mm/높이(H):541mm/지원파워규격:표준-ATX/파워 장착 길이:260mm/파워 위치:하단후면/[부가기능]/LED 색상:ARGB",https://img.danuri.io/catalog-image/608/735/099/ef8d438845a84e7c8484689caebbd49c.jpg?shrink=80:80,False,
2026-08-21,케이스,"darkFlash,앱코",94088744,앱코 G26 메가플로우 MESH (화이트),46420,"ATX 케이스/지원보드규격:ATX,M-ATX,M-ITX/VGA 길이:400mm/CPU쿨러 높이:165mm/미들타워/[패널]/전면 패널 타입:메쉬/측면 패널 타입:강화유리/[쿨러/튜닝]/쿨링팬:총3개/LED팬:3개/후면:120mm LED x1/전면:140mm LED x2/[크기]/너비(W):212mm/깊이(D):420mm/높이(H):485mm/[호환성]/지원파워규격:표준-ATX/파워 장착 길이:200mm/파워 위치:하단후면/[부가기능]/LED 색상:RGB",https://img.danuri.io/catalog-image/744/088/094/0b9c4c9f7d1149d580feea53842d2fc2.jpg?shrink=80:80,False,
2026-08-21,케이스,"darkFlash,앱코",101013590,darkFlash DS500M RGB (블랙),42460,"M-ATX 케이스/지원보드규격:M-ATX,ITX/VGA 길이:405mm/CPU쿨러 높이:165mm/미니타워/[패널]/전면 패널 타입:강화유리/측면 패널 타입:강화유리/[쿨러/튜닝]/쿨링팬:총3개/LED팬:3개/후면:120mm LED x1/내부 측면:120mm LED x2/[크기]/너비(W):210mm/깊이(D):413mm/높이(H):450mm/[호환성]/지원파워규격:표준-ATX/파워 장착 길이:230mm/파워 위치:하단후면/[부가기능]/LED 색상:RGB",https://img.danuri.io/catalog-image/590/013/101/6eb2f492975c43de8a751732a5aa3c17.jpg?shrink=80:80,False,
2026-08-21,케이스,"darkFlash,앱코",64392029,앱코 U40M 웨일샤크 ARGB BTF (블랙),56320,"M-ATX 케이스/지원보드규격:M-ATX,M-ATX (후면커넥터),M-ITX/VGA 길이:410mm/CPU쿨러 높이:160mm/미니타워/[패널]/전면 패널 타입:강화유리/측면 패널 타입:강화유리/측면 개폐 방식:버튼/[쿨러/튜닝]/쿨링팬:총3개/LED팬:3개/후면:120mm LED x1/내부 측면:120mm LED x2/[크기]/너비(W):218mm/깊이(D):420mm/높이(H):395mm/[호환성]/지원파워규격:표준-ATX/파워 장착 길이:240mm/파워 위치:하단후면/[부가기능]/LED 색상:ARGB",https://img.danuri.io/catalog-image/029/392/064/9dca9f2d2962473594c03e9ad552edc8.jpg?shrink=80:80,False,
2026-08-21,케이스,"darkFlash,앱코",2932047,앱코 NCORE NBOX 탱고,0,"M-ATX 케이스/지원보드규격:M-ATX,M-ITX/VGA 길이:최대 250mm/CPU쿨러 높이:최대 135mm/미니타워/[패널]/측면 패널 타입:통풍구/후면:80mm/[크기]/너비(W):167mm/깊이(D):300mm/높이(H):352mm/[호환성]/지원파워규격:표준-ATX/파워 위치:상단/[변경사항]/2020년 2월 내부 섀시 변경",https://img.danuri.io/catalog-image/047/932/002/7ef0fec93d634270ba5882d234af575b.jpg?shrink=80:80,True,가격정보없음(판매준비/판매중지)
2026-08-21,케이스,"darkFlash,앱코",94088714,앱코 G26 메가플로우 MESH (블랙),40370,"ATX 케이스/지원보드규격:ATX,M-ATX,M-ITX/VGA 길이:400mm/CPU쿨러 높이:165mm/미들타워/[패널]/전면 패널 타입:메쉬/측면 패널 타입:강화유리/[쿨러/튜닝]/쿨링팬:총3개/LED팬:3개/후면:120mm LED x1/전면:140mm LED x2/[크기]/너비(W):212mm/깊이(D):420mm/높이(H):485mm/[호환성]/지원파워규격:표준-ATX/파워 장착 길이:200mm/파워 위치:하단후면/[부가기능]/LED 색상:RGB",https://img.danuri.io/catalog-image/714/088/094/99219179c3764cc793456fb10b76b248.jpg?shrink=80:80,False,
2026-08-21,케이스,"darkFlash,앱코",91348970,앱코 UD20M 미니웨일 (블랙),25850,"M-ATX 케이스/지원보드규격:M-ATX,M-ITX/VGA 길이:325mm/CPU쿨러 높이:155mm/미니타워/[패널]/전면 패널 타입:강화유리/측면 패널 타입:강화유리/[쿨러/튜닝]/쿨링팬:총3개/LED팬:3개/후면:120mm LED  x1/하단:120mm LED x2/[크기]/너비(W):335mm/깊이(D):275mm/높이(H):353mm/[호환성]/지원파워규격:표준-ATX/파워 장착 길이:210mm/파워 위치:하단후면/[부가기능]/LED 색상:RGB",https://img.danuri.io/catalog-image/970/348/091/3ee04a03650e4167941e291ff12389c8.jpg?shrink=80:80,False,
2026-08-21,케이스,"darkFlash,앱코",13381634,darkFlash DK200 RGB 강화유리 (화이트),44740,"ATX 케이스/지원보드규격:ATX,M-ATX,M-ITX/VGA 길이:320mm/CPU쿨러 높이:160mm/미들타워/[패널]/전면 패널 타입:메쉬/측면 패널 타입:강화유리/[쿨러/튜닝]/쿨링팬:총6개/LED팬:4개/후면:120mm LED x1/전면:120mm LED x3/상단:120mm x2/[크기]/너비(W):200mm/깊이(D):365mm/높이(H):441mm/[호환성]/지원파워규격:표준-ATX/파워 장착 길이:185mm/파워 위치:하단후면/[부가기능]/LED 색상:RGB/[변경사항]/24년 6월 팬 LED ON/OFF 버튼 추가",https://img.danuri.io/catalog-image/634/381/013/07ce7a2802a34ec2a0a2212d8ab7cdf8.jpg?shrink=80:80,False,
2026-08-21,케이스,"darkFlash,앱코",49645922,darkFlash DRX90 MESH RGB 강화유리 (블랙),58210,"ATX 케이스/지원보드규격:ATX,M-ATX,M-ITX/VGA 길이:395mm/CPU쿨러 높이:185mm/미들타워/[패널]/전면 패널 타입:메쉬/측면 패널 타입:강화유리/[쿨러/튜닝]/쿨링팬:총4개/LED팬:4개/후면:120mm LED X1/전면:120mm LED X3/[크기]/너비(W):230mm /깊이(D):465mm/높이(H):460mm/[호환성]/지원파워규격:표준-ATX/파워 장착 길이:280mm/파워 위치:하단후면/[부가기능]/LED 색상:RGB",https://img.danuri.io/catalog-image/922/645/049/efa2c6f593234876b4ada74a781e81e9.jpg?shrink=80:80,False,
2026-08-21,케이스,"darkFlash,앱코",92187584,darkFlash DW500 우드 MESH RGB (화이트),73630,"ATX 케이스/지원보드규격:ATX,M-ATX,ITX/VGA 길이:425mm/CPU쿨러 높이:170mm/미들타워/[패널]/전면 패널 타입:메쉬/측면 패널 타입:강화유리/[쿨러/튜닝]/쿨링팬:총4개/LED팬:4개/후면:120mm LED x1/전면:120mm LED x3/[크기]/너비(W):218mm/깊이(D):470mm/높이(H):454mm/[호환성]/지원파워규격:표준-ATX/파워 장착 길이:260mm/파워 위치:하단후면/[부가기능]/LED 색상:RGB",https://img.danuri.io/catalog-image/584/187/092/23949fccbf19454fbb7236cec89cc6bc.jpg?shrink=80:80,False,
2026-08-21,케이스,"darkFlash,앱코",72723299,darkFlash DQX80 ARGB BTF (블랙),87760,"ATX 케이스/지원보드규격:ATX,ATX (후면커넥터),M-ATX,M-ATX (후면커넥터),ITX/VGA 길이:415mm/CPU쿨러 높이:160mm/미들타워/[패널]/전면 패널 타입:강화유리/측면 패널 타입:강화유리/[쿨러/튜닝]/쿨링팬:총4개/LED팬:4개/후면:120mm/내부 측면:120mm/[크기]/너비(W):285mm/깊이(D):426mm/높이(H):448mm/[호환성]/지원파워규격:표준-ATX/파워 장착 길이:220mm/파워 위치:상단/[부가기능]/LED 색상:RGB",https://img.danuri.io/catalog-image/299/723/072/b5f1abca276c483e967930dc42161da5.jpg?shrink=80:80,False,
2026-08-21,케이스,"darkFlash,앱코",56138012,앱코 U20M 큐빅 미니 (화이트),49930,"M-ATX 케이스/지원보드규격:M-ATX,M-ITX/VGA 길이:350mm/CPU쿨러 높이:165mm/미니타워/[패널]/전면 패널 타입:강화유리/측면 패널 타입:강화유리/측면 개폐 방식:버튼/[쿨러/튜닝]/쿨링팬:총3개/LED팬:3개/후면:120mm LED x1/내부 측면:120mm LED x2/[크기]/너비(W):212mm/깊이(D):360mm/높이(H):435mm/[호환성]/지원파워규격:표준-ATX/파워 장착 길이:350mm/파워 위치:하단후면/[부가기능]/LED 색상:RGB",https://img.danuri.io/catalog-image/012/138/056/781b9bc8cb7549219f63bbd9ca8c27da.jpg?shrink=80:80,False,
2026-08-21,케이스,"darkFlash,앱코",71904638,darkFlash DP430 MESH RGB 강화유리 (화이트),48550,"ATX 케이스/지원보드규격:ATX,M-ATX,M-ITX/VGA 길이:395mm/CPU쿨러 높이:180mm/미들타워/[패널]/전면 패널 타입:메쉬/측면 패널 타입:강화유리/측면 개폐 방식:스윙도어/[쿨러/튜닝]/쿨링팬:총4개/LED팬:4개/후면:120mm LED x1/전면:120mm LED x3/[크기]/너비(W):230mm/깊이(D):460mm/높이(H):456mm/[호환성]/지원파워규격:표준-ATX/파워 장착 길이:280mm/파워 위치:하단후면/[부가기능]/LED 색상:RGB",https://img.danuri.io/catalog-image/638/904/071/c9b84c970ba04ddd950c01bf91f34013.jpg?shrink=80:80,False,
2026-08-21,케이스,"darkFlash,앱코",13381619,darkFlash DK200 RGB 강화유리 (블랙),42090,"ATX 케이스/지원보드규격:ATX,M-ATX,M-ITX/VGA 길이:320mm/CPU쿨러 높이:160mm/미들타워/[패널]/전면 패널 타입:메쉬/측면 패널 타입:강화유리/[쿨러/튜닝]/쿨링팬:총6개/LED팬:4개/후면:120mm LED x1/전면:120mm LED x3/상단:120mm x2/[크기]/너비(W):200mm/깊이(D):365mm/높이(H):441mm/[호환성]/지원파워규격:표준-ATX/파워 장착 길이:185mm/파워 위치:하단후면/[부가기능]/LED 색상:RGB/[변경사항]/24년 6월 팬 LED ON/OFF 버튼 추가",https://img.danuri.io/catalog-image/619/381/013/103ae32ce4e04852a3ecdc1ed828fab7.jpg?shrink=80:80,False,
2026-08-21,케이스,"darkFlash,앱코",76160312,앱코 UH40 킬러웨일 ARGB (블랙),64900,"ATX 케이스/지원보드규격:ATX,M-ATX,M-ITX/VGA 길이:410mm/CPU쿨러 높이:165mm/미들타워/[패널]/전면 패널 타입:강화유리/측면 패널 타입:강화유리/[쿨러/튜닝]/쿨링팬:총5개/LED팬:5개/후면:120mm LED x1/하단:120mm LED x1/내부 측면:120mm LED x3/[크기]/너비(W):212mm/깊이(D):435mm/높이(H):490mm/[호환성]/지원파워규격:표준-ATX/파워 장착 길이:180mm/파워 위치:하단후면/[부가기능]/LED 색상:ARGB",https://img.danuri.io/catalog-image/312/160/076/e3d39b25ddd44376a122aec9e620b730.jpg?shrink=80:80,False,
2026-08-21,케이스,"darkFlash,앱코",27922328,앱코 O20M 오피스 (블랙),23870,"M-ATX 케이스/지원보드규격:M-ATX,M-ITX/VGA 길이:260mm/CPU쿨러 높이:145mm/미니타워/[패널]/측면 패널 타입:통풍구/[쿨러/튜닝]/쿨링팬:총1개/후면:92mm x1/[크기]/너비(W):165mm/깊이(D):280mm/높이(H):350mm/[호환성]/지원파워규격:표준-ATX/파워 장착 길이:140~275mm/파워 위치:상단",https://img.danuri.io/catalog-image/328/922/027/a7639444f5984e42b84c8fd675b92a4a.jpg?shrink=80:80,False,
2026-08-21,케이스,"darkFlash,앱코",122617825,darkFlash DLX ULTRA MESH (화이트),146180,"ATX 케이스/지원보드규격:E-ATX,ATX,ATX (후면커넥터),M-ATX,M-ATX (후면커넥터),ITX/VGA 길이:480mm/CPU쿨러 높이:190mm/빅타워/수직 PCI형태:슬롯변경형/[패널]/전면 패널 타입:메쉬/측면 패널 타입:통풍구/[쿨러/튜닝]/쿨링팬:총4개/후면:140mm x1/전면:140mm x3/[크기]/너비(W):249mm/높이(H):535mm/깊이(D):560mm/[호환성]/지원파워규격:표준-ATX/파워 장착 길이:260mm/파워 위치:하단후면",https://img.danuri.io/catalog-image/825/617/122/257bb02dbc02486aba0503c38f1bac91.jpeg?shrink=80:80,False,
2026-08-21,케이스,"darkFlash,앱코",94880948,darkFlash DS900XL 우드 ARGB (블랙),97720,"ATX 케이스/지원보드규격:ATX,ATX (후면커넥터),M-ATX,M-ATX (후면커넥터),ITX/VGA 길이:420mm/CPU쿨러 높이:180mm/미들타워/수직 PCI형태:슬롯변경형/[패널]/전면 패널 타입:강화유리/측면 패널 타입:강화유리/[쿨러/튜닝]/쿨링팬:총4개/LED팬:4개/후면:140mm LED x1/내부 측면:140mm LED x3/[크기]/너비(W):258mm/깊이(D):450m/높이(H):491mm/[호환성]/지원파워규격:표준-ATX/파워 장착 길이:280mm/파워 위치:하단후면/[부가기능]/RGB 컨트롤/LED 색상:ARGB",https://img.danuri.io/catalog-image/948/880/094/6f042022bcce45ebacc38331a1571499.jpg?shrink=80:80,False,
2026-08-21,케이스,"darkFlash,앱코",89861651,darkFlash DCM33 RGB (화이트),38830,"M-ATX 케이스/지원보드규격:M-ATX,ITX/VGA 길이:325mm/CPU쿨러 높이:155mm/미니타워/[패널]/전면 패널 타입:강화유리/측면 패널 타입:강화유리/[쿨러/튜닝]/쿨링팬:총3개/LED팬:3개/후면:120mm LED x1/내부 측면:120mm LED x2/[크기]/너비(W):275mm/깊이(D):335mm/높이(H):327mm/[호환성]/지원파워규격:표준-ATX/파워 장착 길이:160mm/파워 위치:하단후면/[부가기능]/LED 색상:RGB",https://img.danuri.io/catalog-image/651/861/089/323c25acfa164417a5198189c94546ce.jpg?shrink=80:80,False,
2026-08-21,케이스,"darkFlash,앱코",91497431,darkFlash DY570 ARGB BTF (화이트),224610,"ATX 케이스/지원보드규격:ATX,ATX (후면커넥터),M-ATX,ITX/VGA 길이:400mm/CPU쿨러 높이:180mm/미들타워/수직 PCI형태:슬롯변경형/[패널]/전면 패널 타입:강화유리/측면 패널 타입:강화유리/[쿨러/튜닝]/쿨링팬:총4개/LED팬:4개/후면:120mm LED x1/내부 측면:120mm LED x3/[크기]/너비(W):30mm/깊이(D):479mm/높이(H):466mm/[호환성]/지원파워규격:표준-ATX/파워 장착 길이:200mm/파워 위치:상단/[부가기능]/팬 컨트롤/RGB 컨트롤/LED 색상:ARGB",https://img.danuri.io/catalog-image/431/497/091/7846a92f932740669a6e20b4358c0c37.jpg?shrink=80:80,False,
2026-08-21,케이스,"darkFlash,앱코",30140324,앱코 NCORE R320 SYNC,99000,"ATX 케이스/지원보드규격:E-ATX,ATX,M-ATX,ITX/VGA 길이:315mm/CPU쿨러 높이:190mm/빅타워/[패널]/전면 패널 타입:일반(솔리드)/측면 패널 타입:강화유리/[쿨러/튜닝]/쿨링팬:총6개/후면:120mm x2/하단:120mm x2/내부 상단:120mm x2/[크기]/너비(W):262mm/깊이(D):370mm/높이(H):567mm/[호환성]/지원파워규격:표준-ATX/파워 장착 길이:300mm/파워 위치:상단/[부가기능]/팬 컨트롤/RGB 컨트롤/LED 색상:ARGB/[변경사항]/24년 5월 팬키트 리모컨 비포함으로 변경",https://img.danuri.io/catalog-image/324/140/030/886d5e096cd64885b49397249fac9700.jpg?shrink=80:80,False,
2026-08-21,케이스,"darkFlash,앱코",76946669,darkFlash DF4100 MESH ARGB BTF (블랙),78070,"ATX 케이스/지원보드규격:E-ATX,ATX,ATX (후면커넥터),M-ATX,M-ATX (후면커넥터),ITX/VGA 길이:435mm/CPU쿨러 높이:185mm/수직 PCI형태:슬롯변경형/[패널]/전면 패널 타입:메쉬/측면 패널 타입:강화유리/[쿨러/튜닝]/쿨링팬:총4개/LED팬:4개/후면:140mm LED x1/전면:140mm LED x3/[크기]/너비(W):235mm/깊이(D):485mm/높이(H):505mm/[호환성]/지원파워규격:표준-ATX/파워 장착 길이:250mm/파워 위치:하단후면/[부가기능]/RGB 컨트롤/LED 색상:ARGB",https://img.danuri.io/catalog-image/669/946/076/2692f842e18f44f597f93788328b77fa.jpg?shrink=80:80,False,
2026-08-21,케이스,"darkFlash,앱코",72723506,darkFlash DCM30 RGB 강화유리 (화이트),38830,"ATX 케이스/지원보드규격:M-ATX,M-ITX/VGA 길이:325mm/CPU쿨러 높이:155mm/미니타워/[패널]/전면 패널 타입:강화유리/측면 패널 타입:강화유리/[쿨러/튜닝]/쿨링팬:총3개/LED팬:3개/후면:120mm/내부 측면:120mm/[크기]/너비(W):275mm/깊이(D):333mm/높이(H):323mm/[호환성]/지원파워규격:표준-ATX/파워 장착 길이:160mm/파워 위치:하단후면/[부가기능]/LED 색상:RGB",https://img.danuri.io/catalog-image/506/723/072/084aa3917b7146559b5175e2441d6c26.jpg?shrink=80:80,False,
2026-08-21,케이스,"darkFlash,앱코",91497413,darkFlash DY570 ARGB BTF (블랙),220870,"ATX 케이스/지원보드규격:ATX,ATX (후면커넥터),M-ATX,ITX/VGA 길이:400mm/CPU쿨러 높이:180mm/미들타워/수직 PCI형태:슬롯변경형/[패널]/전면 패널 타입:강화유리/측면 패널 타입:강화유리/[쿨러/튜닝]/쿨링팬:총4개/LED팬:4개/후면:120mm LED x1/내부 측면:120mm LED x3/[크기]/너비(W):30mm/깊이(D):479mm/높이(H):466mm/[호환성]/지원파워규격:표준-ATX/파워 장착 길이:200mm/파워 위치:상단/[부가기능]/팬 컨트롤/RGB 컨트롤/LED 색상:ARGB",https://img.danuri.io/catalog-image/413/497/091/14461fd29a3646e19845f377bc930222.jpg?shrink=80:80,False,
2026-08-21,케이스,"darkFlash,앱코",9376470,darkFlash DLM21 RGB MESH 강화유리 (블랙),58320,"M-ATX 케이스/지원보드규격:M-ATX,M-ITX/VGA 길이:330mm/CPU쿨러 높이:160mm/미니타워/[패널]/전면 패널 타입:메쉬/측면 패널 타입:강화유리/측면 개폐 방식:스윙도어/[쿨러/튜닝]/쿨링팬:총4개/LED팬:4개/후면:120mm LED x1/전면:120mm LED x3/[크기]/너비(W):208mm/깊이(D):376mm/높이(H):425mm/[호환성]/지원파워규격:표준-ATX/파워 장착 길이:210mm/파워 위치:하단후면/[부가기능]/RGB 컨트롤/LED 색상:RGB/[변경사항]/24년 7월 전면팬 120mm LED x2 → x3 으로 변경 / 후면팬 C6M → C6AM 변경",https://img.danuri.io/catalog-image/470/376/009/557778246ee348b78716373f7c45a751.jpg?shrink=80:80,False,
2026-08-21,케이스,"darkFlash,앱코",68440847,darkFlash DY470 ARGB 강화유리 (블랙),123200,"ATX 케이스/지원보드규격:ATX,ATX (후면커넥터),M-ATX,M-ITX/VGA 길이:410mm/CPU쿨러 높이:175mm/미들타워/[패널]/전면 패널 타입:강화유리/측면 패널 타입:강화유리/[쿨러/튜닝]/쿨링팬:총4개/LED팬:4개/후면:120mm LED x1/내부 측면:120mm LED x3/[크기]/너비(W):298mm/깊이(D):473mm/높이(H):497mm/[호환성]/지원파워규격:표준-ATX/[부가기능]/LED 색상:ARGB",https://img.danuri.io/catalog-image/847/440/068/4d043e209e7c45aba6adc875181ad00b.jpg?shrink=80:80,False,
2026-08-21,케이스,"darkFlash,앱코",73885538,darkFlash DB330X RGB 강화유리 (화이트),44550,"ATX 케이스/지원보드규격:ATX,M-ATX,M-ITX/VGA 길이:360mm/CPU쿨러 높이:185mm/미들타워/[패널]/전면 패널 타입:강화유리/측면 패널 타입:강화유리/측면 개폐 방식:버튼/[쿨러/튜닝]/쿨링팬:총3개/LED팬:3개/후면:120mm LED x1/내부 측면:120mm LED x2/[크기]/너비(W):230mm/깊이(D):360mm/높이(H):436mm/[호환성]/지원파워규격:표준-ATX/파워 장착 길이:205mm/파워 위치:하단후면/[부가기능]/LED 색상:RGB",https://img.danuri.io/catalog-image/538/885/073/5d0ad677b7f44cf8b233e91fd29c6fc4.jpg?shrink=80:80,False,
2026-08-21,케이스,"darkFlash,앱코",18190991,darkFlash DS5000 MESH 강화유리 (화이트),130230,"ATX 케이스/지원보드규격:E-ATX,ATX,M-ATX,M-ITX/VGA 길이:340mm/CPU쿨러 높이:185mm/미들타워/수직 PCI형태:슬롯변경형/[패널]/전면 패널 타입:메쉬/측면 패널 타입:강화유리/[쿨러/튜닝]/쿨링팬:총5개/후면:140mm x1/하단:120mm x4/[크기]/너비(W):245mm/깊이(D):538mm/높이(H):415mm/[호환성]/지원파워규격:표준-ATX/파워 장착 길이:200mm/파워 위치:측면/우측면 에어홀",https://img.danuri.io/catalog-image/991/190/018/87a65c40af2548b3a524bcd56d231f53.jpg?shrink=80:80,False,
2026-08-21,케이스,"darkFlash,앱코",15063971,앱코 NCORE G30 트루포스 (화이트),45100,"ATX 케이스/지원보드규격:ATX,M-ATX,M-ITX/VGA 길이:340mm/CPU쿨러 높이:175mm/미들타워/[패널]/전면 패널 타입:메쉬/측면 패널 타입:강화유리/[쿨러/튜닝]/쿨링팬:총6개/LED팬:4개/후면:120mm LED x1/전면:120mm LED x3/상단:120mm x2/[크기]/너비(W):225mm/깊이(D):385mm/높이(H):485mm/[호환성]/지원파워규격:표준-ATX/파워 장착 길이:345mm/파워 위치:하단후면",https://img.danuri.io/catalog-image/971/063/015/41bc9ec32492446390378580c6d8add5.jpg?shrink=80:80,False,
2026-08-21,케이스,"darkFlash,앱코",17783147,darkFlash DK360 MESH RGB 강화유리 (화이트),52150,"ATX 케이스/지원보드규격:ATX,M-ATX,M-ITX/VGA 길이:350mm/CPU쿨러 높이:160mm/미들타워/[패널]/전면 패널 타입:메쉬/측면 패널 타입:강화유리/[쿨러/튜닝]/쿨링팬:총3개/LED팬:3개/후면:120mm LED x1/전면:185mm LED x2/[크기]/너비(W):210mm/깊이(D):405mm/높이(H):475mm/[호환성]/지원파워규격:표준-ATX/파워 장착 길이:210~360mm/파워 위치:하단후면/[부가기능]/외부LED 컨트롤/LED 색상:RGB",https://img.danuri.io/catalog-image/147/783/017/d5153467b1954d61ad1b62c00d1587da.jpg?shrink=80:80,False,
2026-08-21,케이스,"darkFlash,앱코",18412487,앱코 SUITMASTER U1000 ONE ARGB (화이트),79200,"M-ATX 케이스/지원보드규격:M-ATX,M-ITX/VGA 길이:320mm/CPU쿨러 높이:165mm/미니타워/[패널]/전면 패널 타입:메쉬/측면 패널 타입:강화유리/측면 개폐 방식:스윙도어/[쿨러/튜닝]/쿨링팬:총2개/LED팬:2개/후면:120mm LED x1/전면:200mm LED x1/[크기]/너비(W):282mm/깊이(D):390mm/높이(H):325mm/[호환성]/지원파워규격:표준-ATX/파워 장착 길이:230~320mm/파워 위치:하단후면/[부가기능]/LED 색상:ARGB",https://img.danuri.io/catalog-image/487/412/018/d37d387fb5cf4969a79cef7c8eb52047.jpg?shrink=80:80,False,
2026-08-21,케이스,"darkFlash,앱코",4088685,앱코 NCORE 알리,0,"M-ATX 케이스/지원보드규격:M-ATX,M-ITX/VGA 길이:최대 280mm/CPU쿨러 높이:최대 145mm/미니타워/[패널]/전면 패널 타입:일반(솔리드)/측면 패널 타입:통풍구/후면:80mm/[크기]/너비(W):190mm/깊이(D):367mm/높이(H):360mm/[호환성]/지원파워규격:표준-ATX/파워 위치:상단",https://img.danuri.io/catalog-image/685/088/004/0eb11257090946b79a68ecfe576bb739.jpg?shrink=80:80,True,가격정보없음(판매준비/판매중지)
2026-08-21,케이스,"darkFlash,앱코",18053684,darkFlash DK200 RGB ADVANCED 강화유리 (블랙),37400,"M-ATX 케이스/지원보드규격:M-ATX,M-ITX/VGA 길이:235~320mm/CPU쿨러 높이:160mm/미니타워/[패널]/전면 패널 타입:메쉬/측면 패널 타입:강화유리/[쿨러/튜닝]/쿨링팬:총4개/LED팬:4개/후면:120mm LED x1/전면:120mm LED x3/[크기]/너비(W):200mm/깊이(D):365mm/높이(H):441mm/[호환성]/지원파워규격:표준-ATX/파워 장착 길이:160~185mm/파워 위치:하단후면/[부가기능]/LED 색상:RGB",https://img.danuri.io/catalog-image/684/053/018/0ec2c0213f3f46b7af3a97c973153084.jpg?shrink=80:80,False,
2026-08-21,케이스,"darkFlash,앱코",53417006,darkFlash DPX90 ARGB 강화유리 (화이트),69380,"ATX 케이스/지원보드규격:ATX,M-ATX,M-ITX/VGA 길이:425mm/CPU쿨러 높이:185mm/미들타워/[패널]/전면 패널 타입:강화유리/측면 패널 타입:강화유리/[쿨러/튜닝]/쿨링팬:총3개/LED팬:3개/후면:120mm LED x1/내부 측면:120mm LED x2/[크기]/너비(W):240mm/깊이(D):550mm/높이(H):465mm/[호환성]/지원파워규격:표준-ATX/파워 장착 길이:280mm/파워 위치:하단후면/[부가기능]/LED 색상:ARGB",https://img.danuri.io/catalog-image/006/417/053/0fe6022846dc4689aa56add82fbda700.jpg?shrink=80:80,False,
2026-08-21,케이스,"darkFlash,앱코",15050393,앱코 SUITMASTER P1000 강화유리 (화이트),59400,"ATX 케이스/지원보드규격:ATX,M-ATX,M-ITX/VGA 길이:340mm/CPU쿨러 높이:185mm/미들타워/수직 PCI형태:기본형/[패널]/전면 패널 타입:메쉬/측면 패널 타입:강화유리/측면 개폐 방식:스윙도어/[쿨러/튜닝]/쿨링팬:총4개/후면:140mm x1/전면:140mm x3/[크기]/너비(W):230mm/깊이(D):400mm/높이(H):460mm/[호환성]/지원파워규격:표준-ATX/파워 장착 길이:200 mm/파워 위치:하단후면",https://img.danuri.io/catalog-image/393/050/015/85c720dd98544b89aa06e0ce460a66c7.jpg?shrink=80:80,False,
2026-08-21,케이스,"darkFlash,앱코",96308750,앱코 C10M 컴팩트 (블랙),0,"M-ATX 케이스/지원보드규격:M-ATX,M-ITX/VGA 길이:230mm/CPU쿨러 높이:145mm/미니타워/[패널]/전면 패널 타입:일반(솔리드)/측면 패널 타입:통풍구/[쿨러/튜닝]/쿨링팬:총1개/후면:80mm x1/[크기]/너비(W):168mm/높이(H):340mm/깊이(D):258mm/[호환성]/지원파워규격:표준-ATX/파워 장착 길이:160mm/파워 위치:상단",https://img.danuri.io/catalog-image/750/308/096/cd36892bc6c64d558efb4a6c74d3a79e.jpg?shrink=80:80,True,가격정보없음(판매준비/판매중지)
2026-08-21,케이스,"darkFlash,앱코",18053717,darkFlash DK200 RGB ADVANCED 강화유리 (화이트),43450,"M-ATX 케이스/지원보드규격:M-ATX,M-ITX/VGA 길이:235~320mm/CPU쿨러 높이:160mm/미니타워/[패널]/전면 패널 타입:메쉬/측면 패널 타입:강화유리/[쿨러/튜닝]/쿨링팬:총4개/LED팬:4개/후면:120mm LED x1/전면:120mm LED x3/[크기]/너비(W):200mm/깊이(D):365mm/높이(H):441mm/[호환성]/지원파워규격:표준-ATX/파워 장착 길이:160~185mm/파워 위치:하단후면/[부가기능]/LED 색상:RGB",https://img.danuri.io/catalog-image/717/053/018/c193cbf3a9b44d64b7da598eaeaf571d.jpg?shrink=80:80,False,
2026-08-21,케이스,"darkFlash,앱코",31646423,앱코 G20 에픽 강화유리 (블랙),38720,"ATX 케이스/지원보드규격:ATX,M-ATX,M-ITX/VGA 길이:325mm/CPU쿨러 높이:160mm/미들타워/[패널]/전면 패널 타입:메쉬/측면 패널 타입:강화유리/[쿨러/튜닝]/쿨링팬:총6개/LED팬:4개/후면:120mm LED x1/전면:120mm LED x3/상단:120mm x2/[크기]/너비(W):200mm/깊이(D):375mm/높이(H):453mm/[호환성]/지원파워규격:표준-ATX/[부가기능]/LED 색상:RGB",https://img.danuri.io/catalog-image/423/646/031/c1e0db5df3ae43eba8f75416cbb97afd.jpg?shrink=80:80,False,
2026-08-21,케이스,"darkFlash,앱코",94812776,앱코 U30P 마린+ 디스플레이 (블랙),53350,"ATX 케이스/지원보드규격:E-ATX,ATX,M-ATX,M-ITX/VGA 길이:400mm/CPU쿨러 높이:165mm/미들타워/[패널]/전면 패널 타입:강화유리/측면 패널 타입:강화유리/후면:120mm LED x1/내부 측면:120mm LED x2/[크기]/너비(W):212mm/깊이(D):420mm/높이(H):485mm/[호환성]/지원파워규격:표준-ATX/파워 장착 길이:200mm/파워 위치:하단후면/[부가기능]/LED 색상:RGB",https://img.danuri.io/catalog-image/776/812/094/de8a0068c673468f852a564cc95fd423.jpg?shrink=80:80,False,
2026-08-21,케이스,"darkFlash,앱코",57307040,darkFlash DPW90M ARGB 강화유리 (블랙),65450,"M-ATX 케이스/지원보드규격:M-ATX,M-ITX/VGA 길이:445mm/CPU쿨러 높이:160mm/미니타워/[패널]/전면 패널 타입:강화유리/측면 패널 타입:강화유리/[쿨러/튜닝]/쿨링팬:총3개/LED팬:3개/후면:120mm LED x1/내부 측면:120mm LED x2/[크기]/너비(W):285mm/깊이(D):460mm/높이(H):370mm/[호환성]/지원파워규격:표준-ATX/파워 장착 길이:248mm/파워 위치:하단후면/[부가기능]/LED 색상:ARGB",https://img.danuri.io/catalog-image/040/307/057/fc4787859f0e4f1793d76fc6c2a6a6c9.jpg?shrink=80:80,False,
2026-08-21,케이스,"darkFlash,앱코",74338778,darkFlash DK370 MESH RGB 강화유리 (화이트),46200,"ATX 케이스/지원보드규격:ATX,M-ATX,M-ITX/VGA 길이:340mm/CPU쿨러 높이:160mm/미들타워/[패널]/전면 패널 타입:메쉬/측면 패널 타입:강화유리/[쿨러/튜닝]/쿨링팬:총4개/LED팬:4개/후면:120mm LED x1/전면:140mm LED x3/[크기]/너비(W):210mm/깊이(D):385mm/높이(H):485mm/[호환성]/지원파워규격:표준-ATX/파워 장착 길이:220mm/파워 위치:하단후면/[부가기능]/LED 색상:RGB",https://img.danuri.io/catalog-image/778/338/074/9b8ad1c8a4dd4581ba6b181ecfcea072.jpg?shrink=80:80,False,
2026-08-21,케이스,"darkFlash,앱코",80468717,darkFlash DB460M MESH RGB (화이트),45890,"M-ATX 케이스/지원보드규격:M-ATX,M-ITX/VGA 길이:420mm/CPU쿨러 높이:174mm/미니타워/[패널]/전면 패널 타입:메쉬/측면 패널 타입:강화유리/[쿨러/튜닝]/쿨링팬:총3개/LED팬:3개/후면:120mm LED x1/전면:120mm LED x2/[크기]/너비(W):220mm/깊이(D):469mm/높이(H):408mm/[호환성]/지원파워규격:표준-ATX/파워 장착 길이:240mm/파워 위치:하단후면/[부가기능]/LED 색상:RGB",https://img.danuri.io/catalog-image/717/468/080/4523128f93404dacbb15c83b711486d0.jpg?shrink=80:80,False,
2026-08-21,케이스,"darkFlash,앱코",29905487,앱코 SUITMASTER M2000 NOVA ARGB 강화유리 (화이트),60500,"ATX 케이스/지원보드규격:ATX,M-ATX,ITX/VGA 길이:385mm/CPU쿨러 높이:190mm/미들타워/[패널]/전면 패널 타입:메쉬/측면 패널 타입:강화유리/[쿨러/튜닝]/쿨링팬:총4개/LED팬:4개/후면:140mm LED x1/전면:140mm LED x 3/[크기]/너비(W):250mm/깊이(D):487mm/높이(H):495mm/[호환성]/지원파워규격:표준-ATX/파워 장착 길이:145~250mm/파워 위치:하단후면/[부가기능]/LED 색상:ARGB",https://img.danuri.io/catalog-image/487/905/029/3c77aa6218934af0a08ccda2a68ad3f1.jpg?shrink=80:80,False,
2026-08-21,케이스,"darkFlash,앱코",93804113,darkFlash DS900G ARGB (블랙),82700,"ATX 케이스/지원보드규격:ATX,M-ATX,ITX/VGA 길이:425mm/CPU쿨러 높이:170mm/미들타워/[패널]/전면 패널 타입:강화유리/측면 패널 타입:강화유리/[쿨러/튜닝]/쿨링팬:총4개/LED팬:4개/후면:120mm LED x1/내부 측면:120mm LED x3/[크기]/너비(W):218mm/깊이(D):434mm/높이(H):454mm/[호환성]/지원파워규격:표준-ATX/파워 장착 길이:260mm/파워 위치:하단후면/[부가기능]/LED 색상:ARGB",https://img.danuri.io/catalog-image/113/804/093/5c0af5984d4e494c9df42a74451dedd3.jpg?shrink=80:80,False,
2026-08-21,케이스,"darkFlash,앱코",31412546,앱코 O10M 오피스 라이트 (화이트),22330,"M-ATX 케이스/지원보드규격:M-ATX,M-ITX/VGA 길이:260mm/CPU쿨러 높이:135mm/미니타워/[패널]/전면 패널 타입:일반(솔리드)/측면 패널 타입:통풍구/[쿨러/튜닝]/쿨링팬:총1개/후면:80mm x1/[크기]/너비(W):160mm/깊이(D):284mm/높이(H):350mm/[호환성]/지원파워규격:표준-ATX/파워 장착 길이:250mm/파워 위치:상단",https://img.danuri.io/catalog-image/546/412/031/e1aac09e330843b3955385e226a625ef.jpg?shrink=80:80,False,
2026-08-21,케이스,"darkFlash,앱코",11626910,앱코 NCORE 커넬 강화유리,35750,"ATX 케이스/지원보드규격:ATX,M-ATX,M-ITX/VGA 길이:290mm/CPU쿨러 높이:160mm/미들타워/[패널]/전면 패널 타입:메쉬/측면 패널 타입:강화유리/[쿨러/튜닝]/쿨링팬:총4개/LED팬:1개/후면:120mm LED x1/전면:120mm x3/[크기]/너비(W):205mm/깊이(D):360mm/높이(H):445mm/[호환성]/지원파워규격:표준-ATX/파워 장착 길이:170mm/파워 위치:하단후면/[부가기능]/LED 색상:RGB",https://img.danuri.io/catalog-image/910/626/011/af67979e9c764cc49e43990006ec6ef2.jpg?shrink=80:80,False,
2026-08-21,케이스,"darkFlash,앱코",105967808,앱코 G31 오메가포스 세븐팬 (화이트),57200,"ATX 케이스/지원보드규격:ATX,M-ATX,M-ITX/VGA 길이:400mm/CPU쿨러 높이:165mm/미들타워/[패널]/전면 패널 타입:메쉬/측면 패널 타입:강화유리/[쿨러/튜닝]/쿨링팬:총7개/LED팬:7개/후면:120mm LED x1/전면:140mm LED x3/상단:120mm LED x3/[크기]/너비(W):212mm/높이(H):490mm/깊이(D):460mm/[호환성]/지원파워규격:표준-ATX/파워 장착 길이:200mm/파워 위치:하단후면/[부가기능]/RGB 컨트롤/LED 색상:RGB/[변경사항]/G31 오메가포스 → G31 오메가포스 세븐팬 으로 상품명 변경",https://img.danuri.io/catalog-image/808/967/105/2bdc8f4f0b4247ec966d34bf56b57569.jpg?shrink=80:80,False,
2026-08-21,케이스,"darkFlash,앱코",18922775,darkFlash DNM600 MESH RGB (화이트),50050,"M-ATX 케이스/지원보드규격:M-ATX,M-ITX/VGA 길이:360mm/CPU쿨러 높이:165mm/미니타워/[패널]/전면 패널 타입:메쉬/측면 패널 타입:강화유리/측면 개폐 방식:스윙도어/[쿨러/튜닝]/쿨링팬:총3개/LED팬:3개/후면:120mm LED x1/전면:140mm LED x2/[크기]/너비(W):210mm/깊이(D):417mm/높이(H):451mm/[호환성]/지원파워규격:표준-ATX/파워 장착 길이:190~360mm/파워 위치:하단후면/[부가기능]/RGB 컨트롤/LED 색상:RGB",https://img.danuri.io/catalog-image/775/922/018/b419394fbd0c4434b068f0f080f6d083.jpg?shrink=80:80,False,
2026-08-21,케이스,"darkFlash,앱코",94880963,darkFlash DS900XL 우드 ARGB (화이트),103440,"ATX 케이스/지원보드규격:ATX,ATX (후면커넥터),M-ATX,M-ATX (후면커넥터),ITX/VGA 길이:420mm/CPU쿨러 높이:180mm/미들타워/수직 PCI형태:슬롯변경형/[패널]/전면 패널 타입:강화유리/측면 패널 타입:강화유리/[쿨러/튜닝]/쿨링팬:총4개/LED팬:4개/후면:140mm LED x1/내부 측면:140mm LED x3/[크기]/너비(W):258mm/깊이(D):450mm/높이(H):491mm/[호환성]/지원파워규격:표준-ATX/파워 장착 길이:280mm/파워 위치:하단후면/[부가기능]/RGB 컨트롤/LED 색상:ARGB",https://img.danuri.io/catalog-image/963/880/094/c679d151f8a141638380419e14478816.jpg?shrink=80:80,False,
2026-08-21,케이스,"darkFlash,앱코",16604054,앱코 SUITMASTER V2000 베놈 ARGB (화이트),49500,"ATX 케이스/지원보드규격:E-ATX,ATX,M-ATX,ITX/VGA 길이:405mm/CPU쿨러 높이:180mm/미들타워/수직 PCI형태:기본형/[패널]/전면 패널 타입:메쉬/측면 패널 타입:강화유리/측면 개폐 방식:스윙도어/[쿨러/튜닝]/쿨링팬:총4개/LED팬:4개/후면:140mm LED x1/전면:140mm LED x3/[크기]/너비(W):228mm/깊이(D):470mm/높이(H):495mm/[호환성]/파워 장착 길이:225mm/파워 위치:하단후면/[부가기능]/외부LED 컨트롤/LED 색상:ARGB",https://img.danuri.io/catalog-image/054/604/016/67f4d3d9a79843509420edc8e29ce471.jpg?shrink=80:80,False,
2026-08-21,케이스,"darkFlash,앱코",29309942,앱코 G15 세이퍼 아크릴 (화이트),44000,"ATX 케이스/지원보드규격:ATX,M-ATX,M-ITX/VGA 길이:300mm/CPU쿨러 높이:160mm/미들타워/[패널]/전면 패널 타입:메쉬/측면 패널 타입:아크릴/[쿨러/튜닝]/쿨링팬:총4개/LED팬:4개/후면:120mm LED X1/전면:120mm LED X3/[크기]/너비(W):205mm/깊이(D):350mm/높이(H):445mm/[호환성]/지원파워규격:표준-ATX/파워 장착 길이:140~150mm/파워 위치:하단후면",https://img.danuri.io/catalog-image/942/309/029/677457b2df314e669cb8c9c0731cc7d6.jpg?shrink=80:80,False,
2026-08-21,케이스,"darkFlash,앱코",95424734,앱코 U20MP 큐빅 미니+ 디스플레이 (화이트),45760,"M-ATX 케이스/지원보드규격:M-ATX,M-ITX/VGA 길이:350mm/CPU쿨러 높이:165mm/미니타워/[패널]/전면 패널 타입:강화유리/측면 패널 타입:강화유리/[쿨러/튜닝]/쿨링팬:총3개/LED팬:3개/후면:120mm LED x1/내부 측면:120mm LED x2/[크기]/너비(W):212mm/깊이(D):360mm/높이(H):453mm/[호환성]/지원파워규격:표준-ATX/파워 장착 길이:180mm/파워 위치:하단후면/[부가기능]/LED 색상:RGB",https://img.danuri.io/catalog-image/734/424/095/d0072911f0eb4231934d965c6f19a285.jpg?shrink=80:80,False,
2026-08-21,케이스,"darkFlash,앱코",93804134,darkFlash DS900G ARGB (화이트),87760,"ATX 케이스/지원보드규격:ATX,M-ATX,ITX/VGA 길이:425mm/CPU쿨러 높이:170mm/미들타워/[패널]/전면 패널 타입:강화유리/측면 패널 타입:강화유리/[쿨러/튜닝]/쿨링팬:총4개/LED팬:4개/후면:120mm LED x1/내부 측면:120mm LED x3/[크기]/너비(W):218mm/깊이(D):434mm/높이(H):454mm/[호환성]/지원파워규격:표준-ATX/파워 장착 길이:260mm/파워 위치:하단후면/[부가기능]/LED 색상:ARGB",https://img.danuri.io/catalog-image/134/804/093/efc136e4b8544d95a3c592d3d76aa144.jpg?shrink=80:80,False,
2026-08-21,케이스,"darkFlash,앱코",18769988,darkFlash DNX700 MESH RGB (화이트),74300,"ATX 케이스/지원보드규격:E-ATX,ATX,M-ATX,M-ITX/VGA 길이:340~375mm/CPU쿨러 높이:165mm/미들타워/[패널]/전면 패널 타입:메쉬/측면 패널 타입:강화유리/측면 개폐 방식:스윙도어/후면:120mm LED x1/전면:140mm LED x3/[크기]/너비(W):214mm/깊이(D):441mm/높이(H):471mm/[호환성]/지원파워규격:표준-ATX/파워 장착 길이:245~368mm/파워 위치:하단후면/[부가기능]/LED 색상:RGB/[변경사항]/23년 5월 GPU 장착 크기 325~385mm → 340~375mm로 변경",https://img.danuri.io/catalog-image/988/769/018/ad3c4c31799b4aa1a0314030fd4aa9b3.jpg?shrink=80:80,False,
2026-08-21,케이스,"darkFlash,앱코",16676309,darkFlash DK210 그래피티 ARGB 강화유리,63830,"ATX 케이스/지원보드규격:E-ATX,ATX,M-ATX,M-ITX/VGA 길이:360mm/CPU쿨러 높이:160mm/미들타워/수직 PCI형태:슬롯변경형/[패널]/전면 패널 타입:강화유리/측면 패널 타입:강화유리/[쿨러/튜닝]/쿨링팬:총1개/LED팬:1개/후면:120mm LED x1/[크기]/너비(W):210mm/깊이(D):410mm/높이(H):480mm/[호환성]/지원파워규격:표준-ATX/파워 장착 길이:200mm/파워 위치:하단후면/[부가기능]/외부LED 컨트롤/LED 색상:ARGB",https://img.danuri.io/catalog-image/309/676/016/7c266a9d85024c82928af66d8cd6a658.jpg?shrink=80:80,False,
2026-08-21,케이스,"darkFlash,앱코",12996623,darkFlash DLH21 (핑크),103400,미니ITX/지원보드규격:M-ITX/VGA 길이:320mm/CPU쿨러 높이:134mm/미니ITX(리틀밸리)/지원파워규격:M-ATX(SFX)/수직 PCI형태:기본형/[패널]/전면 패널 타입:메쉬/[쿨러/튜닝]/쿨링팬:총1개/상단:92mm/[크기]/너비(W):175mm/높이(H):412mm/깊이(D):238mm/[호환성]/파워 장착 길이:125mm/파워 위치:하단후면/[부가기능]/외부 LED/LED 색상:RGB,https://img.danuri.io/catalog-image/623/996/012/2e6d34515894434797a29949bfb3980f.jpg?shrink=80:80,False,
2026-08-21,케이스,"darkFlash,앱코",31646468,앱코 G20 에픽 강화유리 (화이트),40150,"ATX 케이스/지원보드규격:ATX,M-ATX,M-ITX/VGA 길이:325mm/CPU쿨러 높이:160mm/미들타워/[패널]/전면 패널 타입:메쉬/측면 패널 타입:강화유리/[쿨러/튜닝]/쿨링팬:총6개/LED팬:4개/후면:120mm LED x1/전면:120mm LED x3/상단:120mm x2/[크기]/너비(W):200mm/깊이(D):375mm/높이(H):453mm/[호환성]/지원파워규격:표준-ATX/[부가기능]/LED 색상:RGB",https://img.danuri.io/catalog-image/468/646/031/3fe5f48e170243d5aa6cb9cd05e0e5d8.jpg?shrink=80:80,False,
2026-08-21,케이스,"darkFlash,앱코",12985601,darkFlash DLH21 (블랙),99000,미니ITX/지원보드규격:M-ITX/VGA 길이:320mm/CPU쿨러 높이:134mm/미니ITX(리틀밸리)/지원파워규격:M-ATX(SFX)/수직 PCI형태:기본형/[패널]/전면 패널 타입:메쉬/[쿨러/튜닝]/쿨링팬:총1개/상단:92mm/[크기]/너비(W):175mm/높이(H):412mm/깊이(D):238mm/[호환성]/파워 장착 길이:125mm/파워 위치:하단후면/[부가기능]/외부 LED/LED 색상:RGB,https://img.danuri.io/catalog-image/601/985/012/bad27429d10c47479e3af30939109b0e.jpg?shrink=80:80,False,
2026-08-21,케이스,"darkFlash,앱코",68574686,앱코 UD50 블루웨일 ARGB BTF (화이트),70400,"ATX 케이스/지원보드규격:ATX,ATX (후면커넥터),M-ATX,M-ATX (후면커넥터),M-ITX/VGA 길이:418mm/CPU쿨러 높이:160mm/미들타워/[패널]/전면 패널 타입:강화유리/측면 패널 타입:강화유리/[쿨러/튜닝]/쿨링팬:총4개/LED팬:4개/후면:120mm LED X1/내부 측면:120mm LED X3/[크기]/너비(W):285mm/깊이(D):426mm/높이(H):400mm/[호환성]/지원파워규격:표준-ATX/[부가기능]/LED 색상:ARGB",https://img.danuri.io/catalog-image/686/574/068/9634c71dd0b244c781ee5d05aef23aa9.jpg?shrink=80:80,False,
2026-08-21,케이스,"darkFlash,앱코",27922283,앱코 O20M 오피스 (화이트),25190,"M-ATX 케이스/지원보드규격:M-ATX,M-ITX/VGA 길이:260mm/CPU쿨러 높이:145mm/미니타워/[패널]/측면 패널 타입:통풍구/[쿨러/튜닝]/쿨링팬:총1개/후면:92mm x1/[크기]/너비(W):165mm/깊이(D):280mm/높이(H):350mm/[호환성]/지원파워규격:표준-ATX/파워 장착 길이:140~275mm/파워 위치:상단",https://img.danuri.io/catalog-image/283/922/027/cc7fbed1e1ab48ca81756188117eb03a.jpg?shrink=80:80,False,
2026-08-21,케이스,"darkFlash,앱코",17989952,darkFlash LP20 ARGB PANEL (화이트),14850,액세서리/커버/먼지필터/5V Addressable RGB 동기화 지원 / DS2000 MESH 시리즈 호환 / 케이블 길이: 500mm + 120mm,https://img.danuri.io/catalog-image/952/989/017/8051ae099ff44d27b8569d29531d09fe.jpg?shrink=80:80,True,액세서리(대상부품아님)
2026-08-21,케이스,"darkFlash,앱코",18190976,darkFlash DS5000 MESH 강화유리 (블랙),126500,"ATX 케이스/지원보드규격:E-ATX,ATX,M-ATX,M-ITX/VGA 길이:340mm/CPU쿨러 높이:185mm/미들타워/수직 PCI형태:슬롯변경형/[패널]/전면 패널 타입:메쉬/측면 패널 타입:강화유리/[쿨러/튜닝]/쿨링팬:총5개/후면:140mm x1/하단:120mm x4/[크기]/너비(W):245mm/깊이(D):538mm/높이(H):415mm/[호환성]/지원파워규격:표준-ATX/파워 장착 길이:200mm/파워 위치:측면/우측면 에어홀",https://img.danuri.io/catalog-image/976/190/018/85f983d7625749f2af5129d927dd1130.jpg?shrink=80:80,False,
2026-08-21,케이스,"darkFlash,앱코",32865761,앱코 U20 큐빅 강화유리 (화이트),38280,"ATX 케이스/지원보드규격:ATX,M-ATX,M-ITX/VGA 길이:320mm/CPU쿨러 높이:160mm/미들타워/[패널]/전면 패널 타입:강화유리/측면 패널 타입:강화유리/[쿨러/튜닝]/쿨링팬:총3개/LED팬:3개/후면:120mm LED x1/상단:120mm LED x2/[크기]/너비(W):212mm/깊이(D):334mm/높이(H):485mm/[호환성]/지원파워규격:표준-ATX/파워 장착 길이:160mm/파워 위치:하단후면/[부가기능]/LED 색상:RGB",https://img.danuri.io/catalog-image/761/865/032/2e80b4f2742d49d09e8caae991cb62f2.jpg?shrink=80:80,False,
2026-08-21,케이스,"darkFlash,앱코",76160333,앱코 UH40 킬러웨일 ARGB (화이트),69080,"ATX 케이스/지원보드규격:ATX,M-ATX,M-ITX/VGA 길이:410mm/CPU쿨러 높이:165mm/미들타워/[패널]/전면 패널 타입:강화유리/측면 패널 타입:강화유리/[쿨러/튜닝]/쿨링팬:총5개/LED팬:5개/후면:120mm LED x1/하단:120mm LED x1/내부 측면:120mm LED x3/[크기]/너비(W):212mm/깊이(D):435mm/높이(H):490mm/[호환성]/지원파워규격:표준-ATX/파워 장착 길이:180mm/파워 위치:하단후면/[부가기능]/LED 색상:ARGB",https://img.danuri.io/catalog-image/333/160/076/d3f38f1a67824c8b9e1e757304914d82.jpg?shrink=80:80,False,
2026-08-21,케이스,"darkFlash,앱코",27762230,앱코 G21M 니트,52250,"M-ATX 케이스/지원보드규격:M-ATX,M-ITX/VGA 길이:325mm/CPU쿨러 높이:157mm/미니타워/[패널]/전면 패널 타입:메쉬/측면 패널 타입:강화유리/측면 개폐 방식:스윙도어/[쿨러/튜닝]/쿨링팬:총3개/LED팬:3개/후면:120mm LED x1/전면:140mm LED x2/[크기]/너비(W):200mm/깊이(D):370mm/높이(H):425mm/[호환성]/지원파워규격:표준-ATX/파워 장착 길이:140~200mm/파워 위치:하단후면",https://img.danuri.io/catalog-image/230/762/027/25244dbaa97b4e28af281d173eaf1535.jpg?shrink=80:80,False,
2026-08-21,케이스,"darkFlash,앱코",94812809,앱코 U30P 마린+ 디스플레이 (화이트),58850,"ATX 케이스/지원보드규격:E-ATX,ATX,M-ATX,M-ITX/VGA 길이:400mm/CPU쿨러 높이:165mm/미들타워/[패널]/전면 패널 타입:강화유리/측면 패널 타입:강화유리/후면:120mm LED x1/내부 측면:120mm LED x2/[크기]/너비(W):212mm/깊이(D):420mm/높이(H):485mm/[호환성]/지원파워규격:표준-ATX/파워 장착 길이:200mm/파워 위치:하단후면/[부가기능]/LED 색상:RGB",https://img.danuri.io/catalog-image/809/812/094/ccbd6440a89849f7af582da0164ef864.jpg?shrink=80:80,False,
2026-08-21,케이스,"darkFlash,앱코",95424719,앱코 U20MP 큐빅 미니+ 디스플레이 (블랙),40150,"M-ATX 케이스/지원보드규격:M-ATX,M-ITX/VGA 길이:350mm/CPU쿨러 높이:165mm/미니타워/[패널]/전면 패널 타입:강화유리/측면 패널 타입:강화유리/[쿨러/튜닝]/쿨링팬:총3개/LED팬:3개/후면:120mm LED x1/내부 측면:120mm LED x2/[크기]/너비(W):212mm/깊이(D):360mm/높이(H):453mm/[호환성]/지원파워규격:표준-ATX/파워 장착 길이:180mm/파워 위치:하단후면/[부가기능]/LED 색상:RGB",https://img.danuri.io/catalog-image/719/424/095/61d56cf9de8b4a4e92cc7e3c1a118b3c.jpg?shrink=80:80,False,
2026-08-21,케이스,"darkFlash,앱코",60063428,darkFlash PCIe 4.0 라이저 케이블 (160mm),39600,액세서리/라이저 케이블,https://img.danuri.io/catalog-image/428/063/060/3dcd661fa9e947ffa4806442aed761f0.jpg?shrink=80:80,True,액세서리(대상부품아님)
2026-08-21,케이스,"darkFlash,앱코",68577197,darkFlash GCB470 라이저 케이블 지지대 KIT (블랙),37950,액세서리/라이저 케이블/darkFlash DY470 전용 / PCI-E 4.0x16 / 길이: 160mm,https://img.danuri.io/catalog-image/197/577/068/fb99ef57e95548bfb315f6aba651c7f5.jpg?shrink=80:80,True,액세서리(대상부품아님)
2026-08-21,케이스,"darkFlash,앱코",64392059,앱코 U40M 웨일샤크 ARGB BTF (블랙화이트),61870,"M-ATX 케이스/지원보드규격:M-ATX,M-ATX (후면커넥터),M-ITX/VGA 길이:410mm/CPU쿨러 높이:160mm/미니타워/[패널]/전면 패널 타입:강화유리/측면 패널 타입:강화유리/측면 개폐 방식:버튼/[쿨러/튜닝]/쿨링팬:총3개/LED팬:3개/후면:120mm LED x1/내부 측면:120mm LED x2/[크기]/너비(W):218mm/깊이(D):420mm/높이(H):395mm/[호환성]/지원파워규격:표준-ATX/파워 장착 길이:240mm/파워 위치:하단후면/[부가기능]/LED 색상:ARGB",https://img.danuri.io/catalog-image/059/392/064/32c2d2f0ed8e43c0bbbce11df5bbdcee.jpg?shrink=80:80,False,
2026-08-21,케이스,"darkFlash,앱코",17989919,darkFlash LP20 ARGB PANEL (블랙),14850,액세서리/커버/먼지필터/5V Addressable RGB 동기화 지원 / DS2000 MESH 시리즈 호환 / 케이블 길이: 500mm + 120mm,https://img.danuri.io/catalog-image/919/989/017/de3b67a8b2164498906b6920277ac9e6.jpg?shrink=80:80,True,액세서리(대상부품아님)
2026-08-21,케이스,"darkFlash,앱코",70874867,darkFlash DRX50 MESH RGB 강화유리 (블랙),0,"ATX 케이스/지원보드규격:ATX,M-ATX,M-ITX/VGA 길이:305mm/CPU쿨러 높이:180mm/미들타워/[패널]/전면 패널 타입:메쉬/측면 패널 타입:강화유리/[쿨러/튜닝]/쿨링팬:총6개/LED팬:4개/후면:120mm LED x1/전면:120mm LED x3/상단:120mm x2/[크기]/너비(W):218mm/깊이(D):330mm/높이(H):445mm/[호환성]/지원파워규격:표준-ATX/파워 위치:하단후면/[부가기능]/LED 색상:RGB",https://img.danuri.io/catalog-image/867/874/070/49267c81fe344b46956162c843c82a4c.jpg?shrink=80:80,True,가격정보없음(판매준비/판매중지)
2026-08-21,케이스,"darkFlash,앱코",17584163,darkFlash VB-X 4.0 라이저 케이블 지지대 KIT 215mm (블랙),68750,액세서리/라이저 케이블/길이: 215mm / PCIe 4.0x16 지원,https://img.danuri.io/catalog-image/163/584/017/8dddf19359974d6fa0185f85ceadb023.jpg?shrink=80:80,True,액세서리(대상부품아님)
2026-08-21,케이스,"darkFlash,앱코",73616621,앱코 SUITMASTER MF360 리얼우드 (화이트),77000,"ATX 케이스/지원보드규격:ATX,M-ATX,M-ITX/VGA 길이:410mm/CPU쿨러 높이:165mm/미들타워/[패널]/측면 패널 타입:강화유리/측면 개폐 방식:스윙도어/[쿨러/튜닝]/쿨링팬:총4개/후면:120mm x1/전면:140mm x3/[크기]/너비(W):210mm/깊이(D):465mm/높이(H):485mm/[호환성]/지원파워규격:표준-ATX/파워 장착 길이:250mm/파워 위치:하단후면",https://img.danuri.io/catalog-image/621/616/073/75e8073d4d694b55a358a29be0f95090.jpg?shrink=80:80,False,
2026-08-21,케이스,"darkFlash,앱코",21583046,앱코 SUITMASTER U3000 갤러리 ARGB 강화유리 (화이트),66550,"ATX 케이스/지원보드규격:ATX,M-ATX,M-ITX/VGA 길이:245~410mm/CPU쿨러 높이:185mm/미들타워/[패널]/전면 패널 타입:강화유리/측면 패널 타입:강화유리/[쿨러/튜닝]/쿨링팬:총1개/LED팬:1개/후면:140mm LED x1/[크기]/너비(W):440mm/깊이(D):235mm/높이(H):517mm/[호환성]/파워 장착 길이:220~250mm/파워 위치:하단후면",https://img.danuri.io/catalog-image/046/583/021/eeb2c2ac43c94bcf9a7d786401d54479.jpg?shrink=80:80,False,
2026-08-21,케이스,"darkFlash,앱코",31986053,앱코 G25 매그넘 강화유리 (화이트),48400,"ATX 케이스/지원보드규격:ATX,M-ATX,M-ITX/VGA 길이:360mm/CPU쿨러 높이:165mm/미들타워/[패널]/전면 패널 타입:메쉬/측면 패널 타입:강화유리/[쿨러/튜닝]/쿨링팬:총6개/LED팬:4개/후면:120mm LED x1/전면:120mm LED x3/상단:120mm x2/[크기]/너비(W):210mm/깊이(D):420mm/높이(H):450mm/[호환성]/지원파워규격:표준-ATX/파워 장착 길이:220mm/파워 위치:하단후면/[부가기능]/LED 색상:RGB",https://img.danuri.io/catalog-image/053/986/031/8785d1c6baf14d66ab1b2bab2cd09656.jpg?shrink=80:80,False,
2026-08-21,케이스,"darkFlash,앱코",17954255,darkFlash DS2000 MESH 강화유리 (화이트),83030,"ATX 케이스/지원보드규격:ATX,M-ATX,M-ITX/VGA 길이:332mm/CPU쿨러 높이:165mm/미들타워/수직 PCI형태:슬롯변경형/[패널]/전면 패널 타입:메쉬/측면 패널 타입:강화유리/측면 개폐 방식:스윙도어/[쿨러/튜닝]/쿨링팬:총4개/후면:120mm x1/하단:120mm x3/[크기]/너비(W):220mm/깊이(D):450mm/높이(H):408mm/[호환성]/지원파워규격:표준-ATX/파워 장착 길이:200mm/파워 위치:상단전면",https://img.danuri.io/catalog-image/255/954/017/6a5486b0c077439483c868f165e10ec6.jpg?shrink=80:80,False,
2026-08-21,케이스,"darkFlash,앱코",9456939,앱코 SUITMASTER 322S 인테이커 강화유리 스펙트럼 Dualight (화이트),46870,"ATX 케이스/지원보드규격:ATX,M-ATX,M-ITX/VGA 길이:385mm/CPU쿨러 높이:175mm/미들타워/[패널]/측면 패널 타입:강화유리/[쿨러/튜닝]/쿨링팬:총4개/LED팬:4개/후면:120mm LED x1/전면:120mm LED x3/[크기]/너비(W):208mm/깊이(D):448mm/높이(H):469mm/[호환성]/파워 장착 길이:220mm/파워 위치:하단후면/[부가기능]/RGB 컨트롤/LED 색상:RGB",https://img.danuri.io/catalog-image/939/456/009/78578864dcbd46558c92b3b8324314f9.jpg?shrink=80:80,False,
2026-08-21,케이스,"darkFlash,앱코",34336412,앱코 SUITMASTER U3000M 갤러리 미니 리버스 ARGB BTF (블랙),58150,"M-ATX 케이스/지원보드규격:M-ATX,M-ATX (후면커넥터),M-ITX/VGA 길이:390mm/CPU쿨러 높이:168mm/미니타워/[패널]/전면 패널 타입:강화유리/측면 패널 타입:강화유리/[쿨러/튜닝]/쿨링팬:총4개/LED팬:4개/후면:140mm LED x1/내부 측면:120mm LED x3/[크기]/너비(W):235mm/깊이(D):465mm/높이(H):430mm/[호환성]/지원파워규격:표준-ATX/파워 장착 길이:260mm/파워 위치:하단후면/[부가기능]/LED 색상:ARGB",https://img.danuri.io/catalog-image/412/336/034/3f4fb61bdb2148ea9d35a27ddb64273c.jpg?shrink=80:80,False,
2026-08-21,케이스,"darkFlash,앱코",10558761,앱코 SUITMASTER TA210 플라즈마 아크릴 LUNAR,54500,"튜닝 케이스/지원보드규격:ATX,M-ATX,M-ITX/VGA 길이:315mm/CPU쿨러 높이:150mm/미들타워/[패널]/측면 패널 타입:아크릴/[쿨러/튜닝]/쿨링팬:총1개/LED팬:1개/상단:200mm LED x1/[크기]/너비(W):355mm/높이(H):450mm/깊이(D):415mm/[호환성]/지원파워규격:표준-ATX/파워 장착 길이:170mm/파워 위치:하단후면/[부가기능]/외부 LED/RGB 컨트롤/LED 색상:RGB",https://img.danuri.io/catalog-image/761/558/010/655bc9155df448749c9aeea29544279e.jpg?shrink=80:80,False,
2026-08-21,케이스,"darkFlash,앱코",41495963,앱코 SUITMASTER M3000 뉴본 ARGB 강화유리 (화이트),105840,"ATX 케이스/지원보드규격:ATX,M-ATX,M-ITX/VGA 길이:410mm/CPU쿨러 높이:185mm/미들타워/[패널]/전면 패널 타입:메쉬/측면 패널 타입:강화유리/[쿨러/튜닝]/쿨링팬:총1개/LED팬:1개/후면:140mm LED x1/[크기]/너비(W):235mm/깊이(D):468mm/높이(H):517mm/[호환성]/지원파워규격:표준-ATX/파워 장착 길이:250mm/[부가기능]/LED 색상:ARGB/[변경사항]/24년 7월 전면 라디에이터 360 → 420mm 장착 가능으로 변경",https://img.danuri.io/catalog-image/963/495/041/92d59ffa9602459d992b15dee491fe8b.jpg?shrink=80:80,False,
2026-08-21,케이스,"darkFlash,앱코",94088324,앱코 G26M 메가플로우 미니 MESH (블랙),0,"M-ATX 케이스/지원보드규격:M-ATX,M-ITX/VGA 길이:350mm/CPU쿨러 높이:165mm/미니타워/[패널]/전면 패널 타입:메쉬/측면 패널 타입:강화유리/[쿨러/튜닝]/쿨링팬:총3개/LED팬:3개/후면:120mm LED x1/전면:140mm LED x2/[크기]/너비(W):212mm/깊이(D):400mm/높이(H):437mm/[호환성]/지원파워규격:표준-ATX/파워 장착 길이:180mm/파워 위치:하단후면/[부가기능]/LED 색상:RGB",https://img.danuri.io/catalog-image/324/088/094/94f07d4bbc4444fd9756c72fa0cec9bc.jpg?shrink=80:80,True,가격정보없음(판매준비/판매중지)
2026-08-21,케이스,"darkFlash,앱코",68577215,darkFlash GCB470 라이저 케이블 지지대 KIT (화이트),37950,액세서리/라이저 케이블/darkFlash DY470 전용 / PCI-E 4.0x16 / 길이: 160mm,https://img.danuri.io/catalog-image/215/577/068/2c24b745f73d4303abf09d7942beb075.jpg?shrink=80:80,True,액세서리(대상부품아님)
2026-08-21,케이스,"darkFlash,앱코",12648995,앱코 SUITMASTER AL300M 강화유리 (미드나잇블루),77000,"튜닝 케이스/지원보드규격:M-ATX,M-ITX/VGA 길이:310mm/CPU쿨러 높이:130mm/미니타워/[패널]/전면 패널 타입:강화유리/측면 패널 타입:강화유리/[쿨러/튜닝]/쿨링팬:총3개/LED팬:3개/전면:120mm LED x3/[크기]/너비(W):160mm/높이(H):500mm/깊이(D):390mm/[호환성]/지원파워규격:표준-ATX/파워 장착 길이:185mm/파워 위치:하단후면/[부가기능]/RGB 컨트롤/LED 색상:RGB",https://img.danuri.io/catalog-image/995/648/012/b16ba422918d4bc99d208e049fb22f97.jpg?shrink=80:80,False,
2026-08-21,케이스,"darkFlash,앱코",21583037,앱코 SUITMASTER U3000 갤러리 ARGB 강화유리 (블랙),66550,"ATX 케이스/지원보드규격:ATX,M-ATX,M-ITX/VGA 길이:245~410mm/CPU쿨러 높이:185mm/미들타워/[패널]/전면 패널 타입:강화유리/측면 패널 타입:강화유리/[쿨러/튜닝]/쿨링팬:총1개/LED팬:1개/후면:140mm LED x1/[크기]/너비(W):440mm/깊이(D):235mm/높이(H):517mm/[호환성]/파워 장착 길이:220~250mm/파워 위치:하단후면",https://img.danuri.io/catalog-image/037/583/021/bd22e85e76f24bb981372829501777b2.jpg?shrink=80:80,False,
2026-08-21,케이스,"darkFlash,앱코",37693031,darkFlash DF5000 VB-F 4.0 라이저 케이블 지지대 KIT (화이트),49500,액세서리/라이저 케이블/darkFlash DF5000 전용 / PCI-E 4.0x16 / 길이: 150mm,https://img.danuri.io/catalog-image/031/693/037/32183faf3ad347beb877e9ef80e5b037.jpg?shrink=80:80,True,액세서리(대상부품아님)
2026-08-21,케이스,"darkFlash,앱코",18515747,darkFlash DS5000 전면 강화유리 KIT (블랙),14850,액세서리/커버/먼지필터/DS5000 MESH 전용 / 전면 강화유리 + IO PORT 패널,https://img.danuri.io/catalog-image/747/515/018/456a588c8dbc40f897ba099e79ea1643.jpg?shrink=80:80,True,액세서리(대상부품아님)
2026-08-21,케이스,"darkFlash,앱코",18515759,darkFlash DS5000 전면 강화유리 KIT (화이트),14850,액세서리/커버/먼지필터/DS5000 MESH 전용 / 전면 강화유리 + IO PORT 패널,https://img.danuri.io/catalog-image/759/515/018/7707eeebc7a44d31a0bd3a2429e71e3d.jpg?shrink=80:80,True,액세서리(대상부품아님)
2026-08-21,케이스,"darkFlash,앱코",37690907,darkFlash DF5000 VB-F 4.0 라이저 케이블 지지대 KIT (블랙),49500,액세서리/라이저 케이블/darkFlash DF5000 전용 / PCI-E 4.0x16 / 길이: 150mm,https://img.danuri.io/catalog-image/907/690/037/72a5f6067cd64729abd1e6967803632e.jpg?shrink=80:80,True,액세서리(대상부품아님)
2026-08-21,케이스,"darkFlash,앱코",17584232,darkFlash VB-X 4.0 라이저 케이블 지지대 KIT 215mm (핑크),68750,액세서리/라이저 케이블/길이: 215mm / PCIe 4.0x16 지원,https://img.danuri.io/catalog-image/232/584/017/426c61e01b6349c4ae725cf1c9c31b93.jpg?shrink=80:80,True,액세서리(대상부품아님)
2026-08-21,케이스,"darkFlash,앱코",17584226,darkFlash VB-X 4.0 라이저 케이블 지지대 KIT 215mm (네오민트),68750,액세서리/라이저 케이블/길이: 215mm / PCIe 4.0x16 지원,https://img.danuri.io/catalog-image/226/584/017/9811f1e3c1b94882b8d4c7ef2a463228.jpg?shrink=80:80,True,액세서리(대상부품아님)
2026-08-21,케이스,"darkFlash,앱코",34336442,앱코 SUITMASTER U3000M 갤러리 미니 리버스 ARGB BTF (화이트),0,"M-ATX 케이스/지원보드규격:M-ATX,M-ATX (후면커넥터),M-ITX/VGA 길이:390mm/CPU쿨러 높이:168mm/미니타워/[패널]/전면 패널 타입:강화유리/측면 패널 타입:강화유리/[쿨러/튜닝]/쿨링팬:총4개/LED팬:4개/후면:140mm LED x1/내부 측면:120mm LED x3/[크기]/너비(W):235mm/깊이(D):465mm/높이(H):430mm/[호환성]/지원파워규격:표준-ATX/파워 장착 길이:260mm/파워 위치:하단후면/[부가기능]/LED 색상:ARGB",https://img.danuri.io/catalog-image/442/336/034/557f88e9d8e34d3cae0be96c881af3a7.jpg?shrink=80:80,True,가격정보없음(판매준비/판매중지)
2026-08-21,케이스,"darkFlash,앱코",17840990,darkFlash DLM200 MESH PERFORMANCE 강화유리 (화이트),0,"M-ATX 케이스/지원보드규격:M-ATX,M-ITX/VGA 길이:330mm/CPU쿨러 높이:160mm/미니타워/[패널]/전면 패널 타입:메쉬/측면 패널 타입:강화유리/측면 개폐 방식:스윙도어/[쿨러/튜닝]/쿨링팬:총4개/후면:120mm x1/전면:120mm x3/[크기]/너비(W):208mm/깊이(D):381mm/높이(H):425.5mm/[호환성]/지원파워규격:표준-ATX/파워 장착 길이:210mm/파워 위치:하단후면",https://img.danuri.io/catalog-image/990/840/017/12bf5d4eb9c842c0bd7d91ef8f64a4b9.jpg?shrink=80:80,True,가격정보없음(판매준비/판매중지)
2026-08-21,케이스,"darkFlash,앱코",4033315,앱코 NCORE 픽셀,0,"ATX 케이스/지원보드규격:ATX,M-ATX,M-ITX/VGA 길이:최대 340mm/CPU쿨러 높이:최대 150mm/미들타워/[패널]/측면 패널 타입:통풍구/후면:80mm/[크기]/너비(W):195mm/깊이(D):400mm/높이(H):412mm/[호환성]/지원파워규격:표준-ATX/파워 위치:상단",https://img.danuri.io/catalog-image/315/033/004/0725d805c20846aab1f459e5fd47b5c7.jpg?shrink=80:80,True,가격정보없음(판매준비/판매중지)
2026-08-21,케이스,"darkFlash,앱코",64392077,앱코 U40M 웨일샤크 ARGB BTF (화이트),0,"M-ATX 케이스/지원보드규격:M-ATX,M-ATX (후면커넥터),M-ITX/VGA 길이:410mm/CPU쿨러 높이:160mm/미니타워/[패널]/전면 패널 타입:강화유리/측면 패널 타입:강화유리/측면 개폐 방식:버튼/[쿨러/튜닝]/쿨링팬:총3개/LED팬:3개/후면:120mm LED x1/내부 측면:120mm LED x2/[크기]/너비(W):218mm/깊이(D):420mm/높이(H):395mm/[호환성]/지원파워규격:표준-ATX/파워 장착 길이:240mm/파워 위치:하단후면/[부가기능]/LED 색상:ARGB",https://img.danuri.io/catalog-image/077/392/064/43c1b8d9af27453b8d7d20eb0ad2477b.jpg?shrink=80:80,True,가격정보없음(판매준비/판매중지)
2026-08-21,케이스,"darkFlash,앱코",86098598,darkFlash DS900 ARGB 강화유리 (화이트 우드),0,"ATX 케이스/지원보드규격:ATX,M-ATX,ITX/VGA 길이:425mm/CPU쿨러 높이:170mm/미들타워/[패널]/전면 패널 타입:강화유리/측면 패널 타입:강화유리/[쿨러/튜닝]/쿨링팬:총4개/LED팬:4개/후면:120mm LED x1/내부 측면:120mm LED x3/[크기]/너비(W):218mm/깊이(D):434mm/높이(H):454mm/[호환성]/지원파워규격:표준-ATX/파워 장착 길이:260mm/파워 위치:하단후면/[부가기능]/LED 색상:ARGB",https://img.danuri.io/catalog-image/598/098/086/797c44530efc4af09bd995589227415b.jpg?shrink=80:80,True,가격정보없음(판매준비/판매중지)
2026-08-21,케이스,"darkFlash,앱코",9916125,앱코 SUITMASTER 760S 어트랙션 강화유리 스펙트럼 Duplex (화이트),54500,"ATX 케이스/지원보드규격:ATX,M-ATX,M-ITX/VGA 길이:350mm/CPU쿨러 높이:185mm/미들타워/수직 PCI형태:기본형/[패널]/전면 패널 타입:메쉬/측면 패널 타입:강화유리/[쿨러/튜닝]/쿨링팬:총3개/LED팬:3개/후면:120mm LED x1/전면:200mm LED x2/[크기]/너비(W):225mm/깊이(D):435mm/높이(H):470mm/[호환성]/지원파워규격:표준-ATX/파워 장착 길이:220mm/파워 위치:하단후면/[부가기능]/RGB 컨트롤/LED 색상:RGB",https://img.danuri.io/catalog-image/125/916/009/1a65eeb26c784b728184edea022f6687.jpg?shrink=80:80,False,
2026-08-21,케이스,"darkFlash,앱코",14799467,앱코 PUBG 배틀그라운드 하자드 에디션,60230,"ATX 케이스/지원보드규격:ATX,M-ATX,ITX/VGA 길이:370mm/CPU쿨러 높이:165mm/미들타워/[패널]/측면 패널 타입:강화유리/[쿨러/튜닝]/쿨링팬:총4개/LED팬:4개/후면:120mm LED x1/하단:120mm LED x3/[크기]/너비(W):205mm/깊이(D):502mm/높이(H):525mm/[호환성]/파워 장착 길이:200mm/파워 위치:하단후면/[부가기능]/LED 색상:오렌지",https://img.danuri.io/catalog-image/467/799/014/74ab4b0482c64e529dd0c210b3cac769.jpg?shrink=80:80,False,
2026-08-21,케이스,"darkFlash,앱코",15319016,앱코 NCORE S10M 사일런티 II (화이트),0,"M-ATX 케이스/지원보드규격:M-ATX,ITX/VGA 길이:285mm/CPU쿨러 높이:165mm/미니타워/[패널]/전면 패널 타입:일반(솔리드)/[쿨러/튜닝]/쿨링팬:총1개/후면:120mm x1/[크기]/너비(W):210mm/깊이(D):360mm/높이(H):390mm/[호환성]/지원파워규격:표준-ATX/파워 장착 길이:185mm/파워 위치:하단후면/저소음",https://img.danuri.io/catalog-image/016/319/015/b7989b08ccb943ebb57da26147e523a7.jpg?shrink=80:80,True,가격정보없음(판매준비/판매중지)
2026-08-21,케이스,"darkFlash,앱코",12649013,앱코 SUITMASTER AL300M 강화유리 (로즈골드),77000,"튜닝 케이스/지원보드규격:M-ATX,M-ITX/VGA 길이:310mm/CPU쿨러 높이:130mm/미니타워/[패널]/전면 패널 타입:강화유리/측면 패널 타입:강화유리/[쿨러/튜닝]/쿨링팬:총3개/LED팬:3개/전면:120mm LED x3/[크기]/너비(W):160mm/높이(H):500mm/깊이(D):390mm/[호환성]/지원파워규격:표준-ATX/파워 장착 길이:185mm/파워 위치:하단후면/[부가기능]/RGB 컨트롤/LED 색상:RGB",https://img.danuri.io/catalog-image/013/649/012/07678b88eb1c4190a3ce9741b4a007d8.jpg?shrink=80:80,False,
2026-08-21,케이스,"darkFlash,앱코",16687646,앱코 SUITMASTER V3000 베놈 ARGB (화이트),0,"ATX 케이스/지원보드규격:E-ATX,ATX,M-ATX,ITX/VGA 길이:405mm/CPU쿨러 높이:180mm/미들타워/수직 PCI형태:기본형/[패널]/전면 패널 타입:메쉬/측면 패널 타입:강화유리/측면 개폐 방식:스윙도어/[쿨러/튜닝]/쿨링팬:총4개/LED팬:4개/후면:140mm LED x1/전면:140mm LED x3/[크기]/너비(W):228mm/깊이(D):470mm/높이(H):495mm/[호환성]/지원파워규격:표준-ATX/파워 장착 길이:225mm/파워 위치:하단후면/[부가기능]/외부LED 컨트롤/LED 색상:ARGB",https://img.danuri.io/catalog-image/646/687/016/27d85792352c48b8b34632f5626a1a30.jpg?shrink=80:80,True,가격정보없음(판매준비/판매중지)
2026-08-21,케이스,"darkFlash,앱코",12689864,앱코 SUITMASTER AL1000 (레드와인),316100,"튜닝 케이스/지원보드규격:E-ATX,ATX,M-ATX,M-ITX/VGA 길이:420mm/CPU쿨러 높이:235mm/빅타워/[패널]/측면 패널 타입:강화유리/[쿨러/튜닝]/쿨링팬:총4개/LED팬:4개/후면:200mm LED x2/전면:200mm LED x2/[크기]/너비(W):365mm/높이(H):645mm/깊이(D):510mm/[호환성]/지원파워규격:표준-ATX/파워 장착 길이:350mm/파워 위치:하단/[부가기능]/리모컨/LED 색상:RGB",https://img.danuri.io/catalog-image/864/689/012/59f1155c11ad411ea0c194ca7fc49a09.jpg?shrink=80:80,False,
2026-08-21,케이스,"darkFlash,앱코",53416976,darkFlash DPX90 ARGB 강화유리 (블랙),0,"ATX 케이스/지원보드규격:ATX,M-ATX,M-ITX/VGA 길이:425mm/CPU쿨러 높이:185mm/미들타워/[패널]/전면 패널 타입:강화유리/측면 패널 타입:강화유리/[쿨러/튜닝]/쿨링팬:총3개/LED팬:3개/후면:120mm LED x1/내부 측면:120mm LED x2/[크기]/너비(W):240mm/깊이(D):550mm/높이(H):465mm/[호환성]/지원파워규격:표준-ATX/파워 장착 길이:280mm/파워 위치:하단후면/[부가기능]/LED 색상:ARGB",https://img.danuri.io/catalog-image/976/416/053/4c8652f83664485f850de0f974f63578.jpg?shrink=80:80,True,가격정보없음(판매준비/판매중지)
2026-08-21,케이스,"darkFlash,앱코",17525405,darkFlash DLX200 MESH RGB 강화유리 (화이트),0,"ATX 케이스/지원보드규격:E-ATX,ATX,M-ATX,ITX/VGA 길이:395mm/CPU쿨러 높이:180mm/미들타워/[패널]/전면 패널 타입:메쉬/측면 패널 타입:강화유리/측면 개폐 방식:스윙도어/[쿨러/튜닝]/쿨링팬:총4개/LED팬:4개/후면:140mm LED x1/전면:140mm LED x3/[크기]/너비(W):233mm/깊이(D):468mm/높이(H):495mm/[호환성]/지원파워규격:표준-ATX/파워 장착 길이:240mm/파워 위치:하단후면/[부가기능]/외부LED 컨트롤/LED 색상:RGB",https://img.danuri.io/catalog-image/405/525/017/de6348f4a99d49688d7d4877a5474893.jpg?shrink=80:80,True,가격정보없음(판매준비/판매중지)
2026-08-21,케이스,"darkFlash,앱코",73885505,darkFlash DB330X RGB 강화유리 (블랙),0,"ATX 케이스/지원보드규격:ATX,M-ATX,M-ITX/VGA 길이:360mm/CPU쿨러 높이:185mm/미들타워/[패널]/전면 패널 타입:강화유리/측면 패널 타입:강화유리/측면 개폐 방식:버튼/[쿨러/튜닝]/쿨링팬:총3개/LED팬:3개/후면:120mm LED x1/내부 측면:120mm LED x2/[크기]/너비(W):230mm/깊이(D):360mm/높이(H):436mm/[호환성]/지원파워규격:표준-ATX/파워 장착 길이:205mm/파워 위치:하단후면/[부가기능]/LED 색상:RGB",https://img.danuri.io/catalog-image/505/885/073/5f6cd50ae232431fbb36115059dbb819.jpg?shrink=80:80,True,가격정보없음(판매준비/판매중지)
2026-08-21,케이스,"darkFlash,앱코",20255537,darkFlash DF2100 MESH RGB 강화유리 (화이트),0,"ATX 케이스/지원보드규격:E-ATX,ATX,M-ATX,M-ITX/VGA 길이:270~400mm/CPU쿨러 높이:165mm/미들타워/[패널]/전면 패널 타입:메쉬/측면 패널 타입:강화유리/측면 개폐 방식:스윙도어/[쿨러/튜닝]/쿨링팬:총4개/LED팬:4개/후면:120mm LED x1/전면:140mm LED x3/[크기]/너비(W):210mm/깊이(D):450mm/높이(H):482mm/[호환성]/파워 장착 길이:230~400mm/파워 위치:하단후면/[부가기능]/RGB 컨트롤",https://img.danuri.io/catalog-image/537/255/020/cad043657326421fbbb65953ef6b767f.jpg?shrink=80:80,True,가격정보없음(판매준비/판매중지)
2026-08-21,케이스,"darkFlash,앱코",74338760,darkFlash DK370 MESH RGB 강화유리 (블랙),43060,"ATX 케이스/지원보드규격:ATX,M-ATX,M-ITX/VGA 길이:340mm/CPU쿨러 높이:160mm/미들타워/[패널]/전면 패널 타입:메쉬/측면 패널 타입:강화유리/[쿨러/튜닝]/쿨링팬:총4개/LED팬:4개/후면:120mm LED x1/전면:140mm LED x3/[크기]/너비(W):210mm/깊이(D):385mm/높이(H):485mm/[호환성]/지원파워규격:표준-ATX/파워 장착 길이:220mm/파워 위치:하단후면/[부가기능]/LED 색상:RGB",https://img.danuri.io/catalog-image/760/338/074/2fef8022925b40e782194aab8055326f.jpg?shrink=80:80,False,
2026-08-21,케이스,"darkFlash,앱코",17584208,darkFlash VB-X 4.0 라이저 케이블 지지대 KIT 215mm (화이트),0,액세서리/라이저 케이블/길이: 215mm / PCIe 4.0x16 지원,https://img.danuri.io/catalog-image/208/584/017/1eeb4e64fe1f44ceb8df4852c68ea3f3.jpg?shrink=80:80,True,"가격정보없음(판매준비/판매중지),액세서리(대상부품아님)"
2026-08-21,케이스,"darkFlash,앱코",16541294,darkFlash DK1000 MESH 강화유리 (화이트),0,"ATX 케이스/지원보드규격:E-ATX,ATX,M-ATX/VGA 길이:355mm/CPU쿨러 높이:165mm/미들타워/[패널]/전면 패널 타입:메쉬/측면 패널 타입:강화유리/[쿨러/튜닝]/쿨링팬:총4개/후면:120mm x1/전면:140mm x3/[크기]/너비(W):215mm/깊이(D):415mm/높이(H):470mm/[호환성]/지원파워규격:표준-ATX/파워 장착 길이:245mm/오픈도어",https://img.danuri.io/catalog-image/294/541/016/118a5e31b75e411ca9a9a9814a9e8364.jpg?shrink=80:80,True,가격정보없음(판매준비/판매중지)
2026-08-21,케이스,"darkFlash,앱코",71904617,darkFlash DP430 MESH RGB 강화유리 (블랙),0,"ATX 케이스/지원보드규격:ATX,M-ATX,M-ITX/VGA 길이:395mm/CPU쿨러 높이:180mm/미들타워/[패널]/전면 패널 타입:메쉬/측면 패널 타입:강화유리/측면 개폐 방식:스윙도어/[쿨러/튜닝]/쿨링팬:총4개/LED팬:4개/후면:120mm LED x1/전면:120mm LED x3/[크기]/너비(W):230mm/깊이(D):460mm/높이(H):456mm/[호환성]/지원파워규격:표준-ATX/파워 장착 길이:280mm/파워 위치:하단후면/[부가기능]/LED 색상:RGB",https://img.danuri.io/catalog-image/617/904/071/e625b1f99374481a8aa25733e5079953.jpg?shrink=80:80,True,가격정보없음(판매준비/판매중지)
2026-08-21,케이스,"darkFlash,앱코",36935618,darkFlash DK290 Air MESH RGB 강화유리 (블랙),0,"ATX 케이스/지원보드규격:ATX,M-ATX,M-ITX/VGA 길이:340mm/CPU쿨러 높이:165mm/미들타워/[패널]/전면 패널 타입:메쉬/측면 패널 타입:강화유리/[쿨러/튜닝]/쿨링팬:총6개/LED팬:4개/후면:120mm LED x1/전면:120mm LED x3/상단:120mm x2/[크기]/너비(W):223mm/깊이(D):400mm/높이(H):448mm/[호환성]/지원파워규격:표준-ATX/파워 장착 길이:180~340mm/파워 위치:하단후면/[부가기능]/LED 색상:RGB",https://img.danuri.io/catalog-image/618/935/036/8b93b77781be4262b04d4a98aab6f85a.jpg?shrink=80:80,True,가격정보없음(판매준비/판매중지)
2026-08-21,케이스,"darkFlash,앱코",8577818,앱코 SUITMASTER 321X 듀얼리티 강화유리 스펙트럼 Dualight (블랙),0,"ATX 케이스/지원보드규격:ATX,M-ATX,M-ITX/VGA 길이:385mm/CPU쿨러 높이:175mm/미들타워/[패널]/전면 패널 타입:강화유리/측면 패널 타입:강화유리/[쿨러/튜닝]/쿨링팬:총4개/LED팬:4개/후면:120mm LED x1/전면:120mm LED x3/[크기]/너비(W):208mm/깊이(D):439mm/높이(H):469mm/[호환성]/지원파워규격:표준-ATX/파워 장착 길이:220mm/파워 위치:하단후면/[부가기능]/LED 색상:RGB",https://img.danuri.io/catalog-image/818/577/008/5c7a32f64f9749359901f3256714cd27.jpg?shrink=80:80,True,가격정보없음(판매준비/판매중지)
2026-08-21,케이스,"darkFlash,앱코",10487241,앱코 NCORE 미라클 강화유리 LUMIA (화이트),0,"ATX 케이스/지원보드규격:ATX,M-ATX,M-ITX/VGA 길이:385mm/CPU쿨러 높이:162mm/미들타워/[패널]/전면 패널 타입:메쉬/측면 패널 타입:강화유리/[쿨러/튜닝]/쿨링팬:총4개/LED팬:4개/후면:120mm LED x1/전면:120mm LED x3/[크기]/너비(W):206mm/깊이(D):434mm/높이(H):476mm/[호환성]/지원파워규격:표준-ATX/파워 장착 길이:200mm/파워 위치:하단후면/[부가기능]/LED 색상:RGB",https://img.danuri.io/catalog-image/241/487/010/800f6eb1202648b89c8e0397039cb588.jpg?shrink=80:80,True,가격정보없음(판매준비/판매중지)
2026-08-21,케이스,"darkFlash,앱코",18769955,darkFlash DNX700 MESH RGB (블랙),0,"ATX 케이스/지원보드규격:E-ATX,ATX,M-ATX,M-ITX/VGA 길이:340~375mm/CPU쿨러 높이:165mm/미들타워/[패널]/전면 패널 타입:메쉬/측면 패널 타입:강화유리/측면 개폐 방식:스윙도어/후면:120mm LED x1/전면:140mm LED x3/[크기]/너비(W):214mm/깊이(D):441mm/높이(H):471mm/[호환성]/지원파워규격:표준-ATX/파워 장착 길이:245~368mm/파워 위치:하단후면/[부가기능]/LED 색상:RGB/[변경사항]/23년 5월 GPU 장착 크기 325~385mm → 340~375mm로 변경",https://img.danuri.io/catalog-image/955/769/018/063a75615a7144f3ab722641f604b9c7.jpg?shrink=80:80,True,가격정보없음(판매준비/판매중지)
2026-08-21,케이스,"darkFlash,앱코",94088567,앱코 G26M 메가플로우 미니 MESH (화이트),0,"M-ATX 케이스/지원보드규격:M-ATX,M-ITX/VGA 길이:350mm/CPU쿨러 높이:165mm/미니타워/[패널]/전면 패널 타입:메쉬/측면 패널 타입:강화유리/[쿨러/튜닝]/쿨링팬:총3개/LED팬:3개/후면:120mm LED x1/전면:140mm LED x2/[크기]/너비(W):212mm/깊이(D):400mm/높이(H):437mm/[호환성]/지원파워규격:표준-ATX/파워 장착 길이:180mm/파워 위치:하단후면/[부가기능]/LED 색상:RGB",https://img.danuri.io/catalog-image/567/088/094/4461079d921145618afbe7af5d331320.jpg?shrink=80:80,True,가격정보없음(판매준비/판매중지)
2026-08-21,케이스,"darkFlash,앱코",12985625,darkFlash DLH21 (화이트),0,미니ITX/지원보드규격:M-ITX/VGA 길이:320mm/CPU쿨러 높이:134mm/미니ITX(리틀밸리)/지원파워규격:M-ATX(SFX)/수직 PCI형태:기본형/[패널]/전면 패널 타입:메쉬/[쿨러/튜닝]/쿨링팬:총1개/상단:92mm/[크기]/너비(W):175mm/높이(H):412mm/깊이(D):238mm/[호환성]/파워 장착 길이:125mm/파워 위치:하단후면/[부가기능]/외부 LED/LED 색상:RGB,https://img.danuri.io/catalog-image/625/985/012/e1203f0636024ba7bf1d535367febb80.jpg?shrink=80:80,True,가격정보없음(판매준비/판매중지)
2026-08-21,케이스,"darkFlash,앱코",5718431,앱코 SUITMASTER 361G 칼리스토 강화유리 DOUBLING (화이트),0,"ATX 케이스/지원보드규격:E-ATX,ATX,M-ATX,M-ITX/VGA 길이:최대 380mm/CPU쿨러 높이:최대 163mm/미들타워/[패널]/전면 패널 타입:강화유리/측면 패널 타입:강화유리/[쿨러/튜닝]/쿨링팬:총4개/LED팬:4개/후면:120mm 화이트 LED/전면:120mm 화이트 LED x3/[크기]/너비(W):216mm/깊이(D):469mm/높이(H):494mm/[호환성]/지원파워규격:표준-ATX/파워 장착 길이:최대 215mm/파워 위치:하단후면/[부가기능]/팬 컨트롤",https://img.danuri.io/catalog-image/431/718/005/4a65c8faeb374846b0e5ad1f03cde930.jpg?shrink=80:80,True,가격정보없음(판매준비/판매중지)
2026-08-21,케이스,"darkFlash,앱코",28212629,darkFlash DLM4000 GLASS (블랙),0,"M-ATX 케이스/지원보드규격:M-ATX,M-ITX/VGA 길이:405mm/CPU쿨러 높이:165mm/미니타워/[패널]/전면 패널 타입:강화유리/측면 패널 타입:강화유리/[쿨러/튜닝]/쿨링팬:총1개/LED팬:1개/후면:120mm LED x1/[크기]/너비(W):230mm/깊이(D):440mm/높이(H):456mm/[호환성]/지원파워규격:표준-ATX/파워 장착 길이:250mm/파워 위치:하단후면/[부가기능]/LED 색상:RGB",https://img.danuri.io/catalog-image/629/212/028/541622eb40df4bf99c15b7a17872f6bc.jpg?shrink=80:80,True,가격정보없음(판매준비/판매중지)
2026-08-21,케이스,"darkFlash,앱코",9295779,앱코 SUITMASTER 321X 듀얼리티 강화유리 스펙트럼 Dualight (화이트),0,"ATX 케이스/지원보드규격:ATX,M-ATX,M-ITX/VGA 길이:385mm/CPU쿨러 높이:175mm/미들타워/[패널]/측면 패널 타입:강화유리/[쿨러/튜닝]/쿨링팬:총4개/LED팬:4개/후면:120mm LED x1/전면:120mm LED x3/[크기]/너비(W):208mm/깊이(D):439mm/높이(H):469mm/[호환성]/지원파워규격:표준-ATX/파워 장착 길이:220mm/파워 위치:하단후면/[부가기능]/RGB 컨트롤/LED 색상:RGB",https://img.danuri.io/catalog-image/779/295/009/a25d731cbbd3490ab47dfda33b341a7a.jpg?shrink=80:80,True,가격정보없음(판매준비/판매중지)
2026-08-21,케이스,"darkFlash,앱코",28212656,darkFlash DLM4000 GLASS (화이트),0,"M-ATX 케이스/지원보드규격:M-ATX,M-ITX/VGA 길이:405mm/CPU쿨러 높이:165mm/미니타워/[패널]/전면 패널 타입:강화유리/측면 패널 타입:강화유리/[쿨러/튜닝]/쿨링팬:총1개/LED팬:1개/후면:120mm LED x1/[크기]/너비(W):230mm/깊이(D):440mm/높이(H):456mm/[호환성]/지원파워규격:표준-ATX/파워 장착 길이:250mm/파워 위치:하단후면/[부가기능]/LED 색상:RGB",https://img.danuri.io/catalog-image/656/212/028/bebc577498cb4c75ab95131e82f8618e.jpg?shrink=80:80,True,가격정보없음(판매준비/판매중지)
2026-08-21,케이스,"darkFlash,앱코",17669537,darkFlash DF7100 VB-F 4.0 라이저 케이블 지지대 KIT,0,액세서리/브라켓/가이드/※ darkFlash DF7100 전용 / PCI-E 4.0x16 / 길이: 285mm,https://img.danuri.io/catalog-image/537/669/017/681b345f8331456ca67654177a3dd5a4.jpg?shrink=80:80,True,"가격정보없음(판매준비/판매중지),액세서리(대상부품아님)"
2026-08-21,케이스,"darkFlash,앱코",12192491,darkFlash VB-X 라이저 케이블 지지대 KIT (네오민트),0,액세서리/라이저 케이블/길이: 220mm / PCIe 3.0x16 지원,https://img.danuri.io/catalog-image/491/192/012/3741adf407b94824827473124b4156b5.jpg?shrink=80:80,True,"가격정보없음(판매준비/판매중지),액세서리(대상부품아님)"
2026-08-21,케이스,"darkFlash,앱코",17396630,darkFlash V4.0 라이저 케이블 (215mm),0,액세서리/라이저 케이블/길이: 215mm / PCIe 4.0 x16 지원,https://img.danuri.io/catalog-image/630/396/017/43821f4e94484bd8bd41eecf9753c5f4.jpg?shrink=80:80,True,"가격정보없음(판매준비/판매중지),액세서리(대상부품아님)"
2026-08-21,케이스,"darkFlash,앱코",9514584,앱코 SUITMASTER 760S 어트랙션 강화유리 스펙트럼 Duplex (블랙),0,"ATX 케이스/지원보드규격:ATX,M-ATX,M-ITX/VGA 길이:350mm/CPU쿨러 높이:185mm/미들타워/수직 PCI형태:기본형/[패널]/전면 패널 타입:메쉬/측면 패널 타입:강화유리/[쿨러/튜닝]/쿨링팬:총3개/LED팬:3개/후면:120mm LED x1/전면:200mm LED x2/[크기]/너비(W):225mm/깊이(D):435mm/높이(H):470mm/[호환성]/지원파워규격:표준-ATX/파워 장착 길이:220mm/파워 위치:하단후면/[부가기능]/RGB 컨트롤/LED 색상:RGB",https://img.danuri.io/catalog-image/584/514/009/e2bb80e595304cd484b2e434d057e5d7.jpg?shrink=80:80,True,가격정보없음(판매준비/판매중지)
2026-08-21,케이스,"darkFlash,앱코",18922919,darkFlash DNM600 MAX MESH RGB (화이트),0,"M-ATX 케이스/지원보드규격:M-ATX,M-ITX/VGA 길이:405mm/CPU쿨러 높이:165mm/미니타워/[패널]/전면 패널 타입:메쉬/측면 패널 타입:강화유리/측면 개폐 방식:스윙도어/[쿨러/튜닝]/쿨링팬:총3개/LED팬:3개/후면:120mm LED x1/전면:140mm LED x2/[크기]/너비(W):210mm/깊이(D):462mm/높이(H):451mm/[호환성]/지원파워규격:표준-ATX/파워 장착 길이:235~410mm/파워 위치:하단후면/[부가기능]/RGB 컨트롤/LED 색상:RGB",https://img.danuri.io/catalog-image/919/922/018/b0651630da6648b38eea474dd91373be.jpg?shrink=80:80,True,가격정보없음(판매준비/판매중지)
2026-08-21,케이스,"darkFlash,앱코",17954243,darkFlash DS2000 MESH 강화유리 (블랙),95820,"ATX 케이스/지원보드규격:ATX,M-ATX,M-ITX/VGA 길이:332mm/CPU쿨러 높이:165mm/미들타워/수직 PCI형태:슬롯변경형/[패널]/전면 패널 타입:메쉬/측면 패널 타입:강화유리/측면 개폐 방식:스윙도어/[쿨러/튜닝]/쿨링팬:총4개/후면:120mm x1/하단:120mm x3/[크기]/너비(W):220mm/깊이(D):450mm/높이(H):408mm/[호환성]/지원파워규격:표준-ATX/파워 장착 길이:200mm/파워 위치:상단전면",https://img.danuri.io/catalog-image/243/954/017/b07916aac2be4c2c988eb0912b5a1eed.jpg?shrink=80:80,False,
2026-08-21,케이스,"darkFlash,앱코",123763569,앱코 SUITMASTER U1000 ONE ARGB (리퍼비시),0,"M-ATX 케이스/지원보드규격:M-ATX,M-ITX/VGA 길이:320mm/CPU쿨러 높이:165mm/미니타워/[패널]/전면 패널 타입:메쉬/측면 패널 타입:강화유리/측면 개폐 방식:스윙도어/[쿨러/튜닝]/쿨링팬:총2개/LED팬:2개/후면:120mm LED x1/전면:200mm LED x1/[크기]/너비(W):282mm/높이(H):325mm/깊이(D):390mm/[호환성]/지원파워규격:표준-ATX/파워 장착 길이:230~320mm/파워 위치:하단후면/[부가기능]/LED 색상:ARGB",https://img.danuri.io/catalog-image/569/763/123/6d743c2fbf694fca980a04f770c234dc.jpg?shrink=80:80,True,가격정보없음(판매준비/판매중지)
2026-08-21,케이스,"darkFlash,앱코",123776286,앱코 UF40 에어로직 파노라믹 뷰 VGA쿨링 ARGB (블랙),0,"ATX 케이스/지원보드규격:ATX,M-ATX,ITX/VGA 길이:400mm/CPU쿨러 높이:175mm/미들타워/[패널]/전면 패널 타입:강화유리/측면 패널 타입:강화유리/[쿨러/튜닝]/쿨링팬:총5개/LED팬:5개/후면:140mm LED x1/하단:120mm LED x2/내부 측면:120mm LED x2/[크기]/너비(W):233mm/높이(H):478mm/깊이(D):446mm이하/[호환성]/지원파워규격:표준-ATX/파워 장착 길이:160mm/파워 위치:하단후면/[부가기능]/LED 색상:ARGB",https://img.danuri.io/catalog-image/286/776/123/43cd8789f33b4ad68a5fc40095b72a2f.jpeg?shrink=80:80,True,가격정보없음(판매준비/판매중지)
2026-08-21,케이스,"darkFlash,앱코",99889685,앱코 O31M 태스크 미니 (블랙),21010,"M-ATX 케이스/지원보드규격:M-ATX,M-ITX/VGA 길이:265mm/CPU쿨러 높이:160mm/미니타워/[패널]/전면 패널 타입:일반(솔리드)/측면 패널 타입:통풍구/[쿨러/튜닝]/쿨링팬:총1개/후면:120mm x1/[크기]/너비(W):185mm/깊이(D):318.75mm/높이(H):379mm/[호환성]/지원파워규격:표준-ATX/파워 장착 길이:160mm/파워 위치:하단후면",https://img.danuri.io/catalog-image/685/889/099/88188b5e7fcb450fbe0425f32bcdca96.jpg?shrink=80:80,False,
2026-08-21,케이스,"darkFlash,앱코",123763386,앱코 NCORE 언더바 (리퍼비시),0,"ATX 케이스/지원보드규격:ATX,M-ATX,M-ITX/VGA 길이:310mm/CPU쿨러 높이:163mm/미들타워/[패널]/전면 패널 타입:일반(솔리드)/[쿨러/튜닝]/쿨링팬:총1개/후면:120mm x1/[크기]/너비(W):198mm/높이(H):413mm/깊이(D):375mm/[호환성]/지원파워규격:표준-ATX/파워 장착 길이:200mm/파워 위치:상단",https://img.danuri.io/catalog-image/386/763/123/83be0fa09a084c419f67a9d8b645196a.jpg?shrink=80:80,True,가격정보없음(판매준비/판매중지)
2026-08-21,케이스,"darkFlash,앱코",123763480,앱코 UD20M 미니웨일 (리퍼비시),0,"M-ATX 케이스/지원보드규격:M-ATX,M-ITX/VGA 길이:325mm/CPU쿨러 높이:155mm/미니타워/[패널]/전면 패널 타입:강화유리/측면 패널 타입:강화유리/[쿨러/튜닝]/쿨링팬:총3개/LED팬:3개/후면:120mm LED  x1/하단:120mm LED x2/[크기]/너비(W):335mm/높이(H):353mm/깊이(D):275mm/[호환성]/지원파워규격:표준-ATX/파워 장착 길이:210mm/파워 위치:하단후면/[부가기능]/LED 색상:RGB",https://img.danuri.io/catalog-image/480/763/123/501f193ac92f4d91a6f2aa28f662e84c.jpg?shrink=80:80,True,가격정보없음(판매준비/판매중지)
2026-08-21,케이스,"darkFlash,앱코",99889706,앱코 O31 태스크 (블랙),22110,"ATX 케이스/지원보드규격:ATX,M-ATX,M-ITX/VGA 길이:265mm/CPU쿨러 높이:160mm/미들타워/[패널]/전면 패널 타입:일반(솔리드)/측면 패널 타입:통풍구/[쿨러/튜닝]/쿨링팬:총1개/후면:120mm x1/[크기]/너비(W):185mm/깊이(D):318.75mm/높이(H):440mm/[호환성]/지원파워규격:표준-ATX/파워 장착 길이:160mm/파워 위치:하단후면",https://img.danuri.io/catalog-image/706/889/099/12a20de06ab84e3cacb1e91c5aa6fe60.jpg?shrink=80:80,False,
2026-08-21,케이스,"darkFlash,앱코",18631685,앱코 C11 배럭2,23100,"ATX 케이스/지원보드규격:ATX,M-ATX,M-ITX/VGA 길이:355mm/CPU쿨러 높이:150mm/미들타워/[패널]/측면 패널 타입:통풍구/[쿨러/튜닝]/쿨링팬:총1개/후면:120mm x1/[크기]/너비(W):180mm/깊이(D):410mm/높이(H):415mm/지원파워규격:표준-ATX",https://img.danuri.io/catalog-image/685/631/018/cf03d97a3b194d0797a2bc51794a9e10.jpg?shrink=80:80,False,
2026-08-21,케이스,"darkFlash,앱코",123763506,앱코 G26 메가플로우 MESH (리퍼비시),0,"ATX 케이스/지원보드규격:ATX,M-ATX,M-ITX/VGA 길이:400mm/CPU쿨러 높이:165mm/미들타워/[패널]/전면 패널 타입:메쉬/측면 패널 타입:강화유리/[쿨러/튜닝]/쿨링팬:총3개/LED팬:3개/후면:120mm LED x1/전면:140mm LED x2/[크기]/너비(W):212mm/높이(H):485mm/깊이(D):420mm/[호환성]/지원파워규격:표준-ATX/파워 장착 길이:200mm/파워 위치:하단후면/[부가기능]/LED 색상:RGB",https://img.danuri.io/catalog-image/506/763/123/83f96379c9664a6f966321323d227d4c.jpg?shrink=80:80,True,가격정보없음(판매준비/판매중지)
2026-08-21,케이스,"darkFlash,앱코",20164172,앱코 ABKONCORE R760 SYNC,187000,"ATX 케이스/지원보드규격:ATX,M-ATX,ITX/VGA 길이:380mm/CPU쿨러 높이:195mm/빅타워/[패널]/전면 패널 타입:일반(솔리드)/측면 패널 타입:강화유리/[쿨러/튜닝]/쿨링팬:총8개/후면:120mm x2/내부 측면:120mm x6/[크기]/너비(W):269mm/깊이(D):585mm/높이(H):562mm/[호환성]/파워 장착 길이:385mm/파워 위치:상단/[부가기능]/외부 LED/팬 컨트롤/RGB 컨트롤/리모컨",https://img.danuri.io/catalog-image/172/164/020/8c6e704d64834034b7998e5cb035a8a5.jpg?shrink=80:80,False,
2026-08-21,케이스,"darkFlash,앱코",20162585,앱코 ABKONCORE C610S,36300,"ATX 케이스/지원보드규격:ATX,M-ATX,ITX/VGA 길이:395mm/CPU쿨러 높이:180mm/미들타워/[패널]/측면 패널 타입:아크릴/[쿨러/튜닝]/쿨링팬:총1개/후면:140mm x1/[크기]/너비(W):216mm/깊이(D):455mm/높이(H):470mm/[호환성]/파워 장착 길이:210mm/파워 위치:하단후면/[부가기능]/외부 LED",https://img.danuri.io/catalog-image/585/162/020/35ead5d220cd43b294a89d83acc26cbb.jpg?shrink=80:80,False,
2026-08-21,케이스,"darkFlash,앱코",26516222,앱코 ABKONCORE AL700 SYNC,91130,"ATX 케이스/지원보드규격:E-ATX,ATX,M-ATX,ITX/VGA 길이:405mm/CPU쿨러 높이:170mm/빅타워/[패널]/전면 패널 타입:일반(솔리드)/측면 패널 타입:강화유리/[쿨러/튜닝]/쿨링팬:총4개/후면:120mm x1/전면:120mm x3/[크기]/너비(W):232mm/깊이(D):510mm/높이(H):520mm/[호환성]/지원파워규격:표준-ATX/파워 장착 길이:260~400mm",https://img.danuri.io/catalog-image/222/516/026/00b6cd19075f40cb9a5ccd4e550ce051.jpg?shrink=80:80,False,
2026-08-21,케이스,"darkFlash,앱코",20737172,앱코 ABKONCORE R850 SYNC,132000,"ATX 케이스/지원보드규격:E-ATX,ATX,M-ATX,ITX/VGA 길이:445mm/CPU쿨러 높이:190mm/빅타워/[패널]/전면 패널 타입:강화유리/측면 패널 타입:강화유리/[쿨러/튜닝]/쿨링팬:총4개/후면:120mm x2/전면:200mm x2/[크기]/너비(W):260mm/깊이(D):500mm/높이(H):548mm/[호환성]/지원파워규격:표준-ATX/파워 장착 길이:310mm/파워 위치:상단/[부가기능]/RGB 컨트롤",https://img.danuri.io/catalog-image/172/737/020/5f231b60f3fb45fbb0f4a1ddb2ca88dd.jpg?shrink=80:80,False,
2026-08-21,케이스,"darkFlash,앱코",123763533,앱코 UD50 블루웨일 ARGB BTF (리퍼비시),0,"ATX 케이스/지원보드규격:ATX,ATX (후면커넥터),M-ATX,M-ATX (후면커넥터),M-ITX/VGA 길이:418mm/CPU쿨러 높이:160mm/미들타워/[패널]/전면 패널 타입:강화유리/측면 패널 타입:강화유리/[쿨러/튜닝]/쿨링팬:총4개/LED팬:4개/후면:120mm LED X1/내부 측면:120mm LED X3/[크기]/너비(W):285mm/높이(H):400mm/깊이(D):426mm/[호환성]/지원파워규격:표준-ATX/[부가기능]/LED 색상:ARGB",https://img.danuri.io/catalog-image/533/763/123/8e446a9d709840d9a824a69e061d58c9.jpg?shrink=80:80,True,가격정보없음(판매준비/판매중지)
2026-08-21,케이스,"darkFlash,앱코",123763376,앱코 G50 빅플로우 MESH ARGB BTF (리퍼비시),0,"ATX 케이스/지원보드규격:E-ATX,ATX,ATX (후면커넥터),M-ATX,M-ATX (후면커넥터),M-ITX/VGA 길이:408mm/CPU쿨러 높이:180mm/미들타워/[패널]/전면 패널 타입:메쉬/측면 패널 타입:강화유리/[쿨러/튜닝]/쿨링팬:총4개/LED팬:4개/후면:140mm LED x1/전면:140mm LED x3/[크기]/너비(W):238mm/높이(H):500mm/깊이(D):479mm/[호환성]/지원파워규격:표준-ATX/파워 장착 길이:240mm/파워 위치:하단후면/[부가기능]/팬 컨트롤/RGB 컨트롤/LED 색상:ARGB",https://img.danuri.io/catalog-image/376/763/123/0c47c71fa656478b9070f47975068778.jpg?shrink=80:80,True,가격정보없음(판매준비/판매중지)
2026-08-21,케이스,"darkFlash,앱코",123776306,앱코 UF40 에어로직 파노라믹 뷰 VGA쿨링 ARGB (화이트),0,"ATX 케이스/지원보드규격:ATX,M-ATX,ITX/VGA 길이:400mm/CPU쿨러 높이:175mm/미들타워/[패널]/전면 패널 타입:강화유리/측면 패널 타입:강화유리/[쿨러/튜닝]/쿨링팬:총5개/LED팬:5개/후면:140mm LED x1/하단:120mm LED x2/내부 측면:120mm LED x2/[크기]/너비(W):233mm/높이(H):478mm/깊이(D):446mm이하/[호환성]/지원파워규격:표준-ATX/파워 장착 길이:160mm/파워 위치:하단후면/[부가기능]/LED 색상:ARGB",https://img.danuri.io/catalog-image/306/776/123/456eaa7225144a97a2ca9030b6c32e4b.jpeg?shrink=80:80,True,가격정보없음(판매준비/판매중지)
2026-08-21,케이스,"darkFlash,앱코",123763410,앱코 U30P 마린+ 디스플레이 (리퍼비시),0,"ATX 케이스/지원보드규격:E-ATX,ATX,M-ATX,M-ITX/VGA 길이:400mm/CPU쿨러 높이:165mm/미들타워/[패널]/전면 패널 타입:강화유리/측면 패널 타입:강화유리/후면:120mm LED x1/내부 측면:120mm LED x2/[크기]/너비(W):212mm/높이(H):485mm/깊이(D):420mm/[호환성]/지원파워규격:표준-ATX/파워 장착 길이:200mm/파워 위치:하단후면/[부가기능]/LED 색상:RGB",https://img.danuri.io/catalog-image/410/763/123/9cf92da508774a32b582102ddc4c73a8.jpg?shrink=80:80,True,가격정보없음(판매준비/판매중지)
2026-08-21,케이스,"darkFlash,앱코",36155537,앱코 ABKONCORE AL1000 SYNC 강화유리 (레드와인),131400,"튜닝 케이스/지원보드규격:E-ATX,ATX,M-ATX,M-ITX/VGA 길이:420mm/CPU쿨러 높이:235mm/빅타워/[패널]/측면 패널 타입:강화유리/[쿨러/튜닝]/쿨링팬:총4개/LED팬:4개/후면:200mm LED x2/전면:200mm LED x2/[크기]/너비(W):365mm/높이(H):645mm/깊이(D):510mm/[호환성]/지원파워규격:표준-ATX/파워 장착 길이:350mm/파워 위치:하단/[부가기능]/RGB 컨트롤/리모컨/LED 색상:RGB",https://img.danuri.io/catalog-image/537/155/036/bc45dcb938ec4828be5b0b5571fa2bb2.jpg?shrink=80:80,False,
2026-08-21,케이스,"darkFlash,앱코",36155810,앱코 ABKONCORE AL300M SYNC 강화유리 (로즈골드),76650,"튜닝 케이스/지원보드규격:M-ATX,M-ITX/VGA 길이:310mm/CPU쿨러 높이:130mm/미니타워/[패널]/전면 패널 타입:강화유리/측면 패널 타입:강화유리/[쿨러/튜닝]/쿨링팬:총3개/LED팬:3개/전면:120mm LED x3/[크기]/너비(W):160mm/높이(H):500mm/깊이(D):390mm/[호환성]/지원파워규격:표준-ATX/파워 장착 길이:185mm/파워 위치:하단후면/[부가기능]/RGB 컨트롤/리모컨/LED 색상:RGB",https://img.danuri.io/catalog-image/810/155/036/1b3abfa3b2f8488aa4ecd59f63a2d315.jpg?shrink=80:80,False,
2026-08-21,케이스,"darkFlash,앱코",56295353,darkFlash DLX30 NEO silent (블랙),0,"ATX 케이스/지원보드규격:E-ATX,ATX,M-ATX,M-ITX/VGA 길이:385mm/CPU쿨러 높이:165mm/미들타워/[패널]/전면 패널 타입:메쉬/측면 패널 타입:강화유리/측면 개폐 방식:스윙도어/[쿨러/튜닝]/쿨링팬:총4개/후면:120mm x1/전면:140mm x3/[크기]/너비(W):216mm/깊이(D):468mm/높이(H):490mm/[호환성]/지원파워규격:표준-ATX/파워 장착 길이:255mm/파워 위치:하단후면",https://img.danuri.io/catalog-image/353/295/056/a781427203ec47d8ac850fc0c4ee85b4.jpg?shrink=80:80,True,가격정보없음(판매준비/판매중지)
2026-08-21,케이스,"darkFlash,앱코",123763550,앱코 SUITMASTER U3000 갤러리 ARGB 강화유리 (리퍼비시),0,"ATX 케이스/지원보드규격:ATX,M-ATX,M-ITX/VGA 길이:245~410mm/CPU쿨러 높이:185mm/미들타워/[패널]/전면 패널 타입:강화유리/측면 패널 타입:강화유리/[쿨러/튜닝]/쿨링팬:총1개/LED팬:1개/후면:140mm LED x1/[크기]/너비(W):440mm/높이(H):517mm/깊이(D):235mm/[호환성]/파워 장착 길이:220~250mm/파워 위치:하단후면",https://img.danuri.io/catalog-image/550/763/123/8d937ce4dc034a3e877dd7ca5d733341.jpg?shrink=80:80,True,가격정보없음(판매준비/판매중지)
2026-08-21,케이스,"darkFlash,앱코",123763474,앱코 U40M 웨일샤크 ARGB BTF (리퍼비시),0,"M-ATX 케이스/지원보드규격:M-ATX,M-ATX (후면커넥터),M-ITX/VGA 길이:410mm/CPU쿨러 높이:160mm/미니타워/[패널]/전면 패널 타입:강화유리/측면 패널 타입:강화유리/측면 개폐 방식:버튼/[쿨러/튜닝]/쿨링팬:총3개/LED팬:3개/후면:120mm LED x1/내부 측면:120mm LED x2/[크기]/너비(W):218mm/높이(H):395mm/깊이(D):420mm/[호환성]/지원파워규격:표준-ATX/파워 장착 길이:240mm/파워 위치:하단후면/[부가기능]/LED 색상:ARGB",https://img.danuri.io/catalog-image/474/763/123/5c9fee44435647a7a8184c989dcaa772.jpg?shrink=80:80,True,가격정보없음(판매준비/판매중지)
2026-08-21,케이스,"darkFlash,앱코",123763560,앱코 U30 마린 (리퍼비시),0,"ATX 케이스/지원보드규격:ATX,M-ATX,M-ITX/VGA 길이:400mm/CPU쿨러 높이:165mm/미들타워/[패널]/전면 패널 타입:강화유리/측면 패널 타입:강화유리/측면 개폐 방식:버튼/[쿨러/튜닝]/쿨링팬:총3개/LED팬:3개/후면:120mm LED x1/내부 측면:120mm LED x2/[크기]/너비(W):212mm/높이(H):485mm/깊이(D):420mm/[호환성]/지원파워규격:표준-ATX/파워 장착 길이:240mm/파워 위치:하단후면/[부가기능]/LED 색상:RGB",https://img.danuri.io/catalog-image/560/763/123/cda865c3ae9248bea0213c41ee2de3f8.jpg?shrink=80:80,True,가격정보없음(판매준비/판매중지)
2026-08-21,케이스,"darkFlash,앱코",36155783,앱코 ABKONCORE AL300M SYNC 강화유리 (미드나잇블루),76650,"튜닝 케이스/지원보드규격:M-ATX,M-ITX/VGA 길이:310mm/CPU쿨러 높이:130mm/미니타워/[패널]/전면 패널 타입:강화유리/측면 패널 타입:강화유리/[쿨러/튜닝]/쿨링팬:총3개/LED팬:3개/전면:120mm LED x3/[크기]/너비(W):160mm/높이(H):500mm/깊이(D):390mm/[호환성]/지원파워규격:표준-ATX/파워 장착 길이:185mm/파워 위치:하단후면/[부가기능]/RGB 컨트롤/리모컨/LED 색상:RGB",https://img.danuri.io/catalog-image/783/155/036/15428d53aa2544cea2e3014dbdf2ca4d.jpg?shrink=80:80,False,
2026-08-21,케이스,"darkFlash,앱코",20163113,앱코 ABKONCORE HELIOS H500G SYNC,0,"ATX 케이스/지원보드규격:ATX,M-ATX,ITX/VGA 길이:355mm/CPU쿨러 높이:178mm/미들타워/[쿨러/튜닝]/쿨링팬:총3개/후면:140mm x1/전면:200mm x2/[크기]/너비(W):255mm/깊이(D):440mm/높이(H):472mm/[호환성]/파워 장착 길이:195mm/파워 위치:하단후면/[부가기능]/외부 LED/RGB 컨트롤/리모컨",https://img.danuri.io/catalog-image/113/163/020/32109424e17544c283a7521a887912bc.jpg?shrink=80:80,True,가격정보없음(판매준비/판매중지)
2026-08-21,케이스,"darkFlash,앱코",123763461,앱코 UD50C 루시드 앰비언트 풀커브드 ARGB BTF (리퍼비시),0,"ATX 케이스/지원보드규격:ATX,ATX (후면커넥터),M-ATX,M-ATX (후면커넥터),M-ITX/VGA 길이:420mm/CPU쿨러 높이:160mm/미들타워/[패널]/전면 패널 타입:강화유리/측면 패널 타입:강화유리/[쿨러/튜닝]/쿨링팬:총4개/LED팬:4개/후면:120mm LED X1/내부 측면:120mm LED X3/[크기]/너비(W):285mm/높이(H):400mm/깊이(D):460mm/[호환성]/지원파워규격:표준-ATX/파워 장착 길이:210mmmm/파워 위치:상단/[부가기능]/외부 LED/팬 컨트롤/RGB 컨트롤/LED 색상:ARGB",https://img.danuri.io/catalog-image/461/763/123/138b599f1b5846ad9b4e63dd52940beb.jpg?shrink=80:80,True,가격정보없음(판매준비/판매중지)
2026-08-21,케이스,"darkFlash,앱코",123763489,앱코 G31 오메가포스 세븐팬 (리퍼비시),0,"ATX 케이스/지원보드규격:ATX,M-ATX,M-ITX/VGA 길이:400mm/CPU쿨러 높이:165mm/미들타워/[패널]/전면 패널 타입:메쉬/측면 패널 타입:강화유리/[쿨러/튜닝]/쿨링팬:총7개/LED팬:7개/후면:120mm LED x1/전면:140mm LED x3/상단:120mm LED x3/[크기]/너비(W):212mm/높이(H):490mm/깊이(D):460mm/[호환성]/지원파워규격:표준-ATX/파워 장착 길이:200mm/파워 위치:하단후면/[부가기능]/RGB 컨트롤/LED 색상:RGB/[변경사항]/G31 오메가포스 → G31 오메가포스 세븐팬 으로 상품명 변경",https://img.danuri.io/catalog-image/489/763/123/5714abb167ef494cae135de110cc217a.jpg?shrink=80:80,True,가격정보없음(판매준비/판매중지)
2026-08-21,케이스,"darkFlash,앱코",123763565,앱코 SUITMASTER U3000M 갤러리 미니 리버스 ARGB BTF (리퍼비시),0,"M-ATX 케이스/지원보드규격:M-ATX,M-ATX (후면커넥터),M-ITX/VGA 길이:390mm/CPU쿨러 높이:168mm/미니타워/[패널]/전면 패널 타입:강화유리/측면 패널 타입:강화유리/[쿨러/튜닝]/쿨링팬:총4개/LED팬:4개/후면:140mm LED x1/내부 측면:120mm LED x3/[크기]/너비(W):235mm/높이(H):430mm/깊이(D):465mm/[호환성]/지원파워규격:표준-ATX/파워 장착 길이:260mm/파워 위치:하단후면/[부가기능]/LED 색상:ARGB",https://img.danuri.io/catalog-image/565/763/123/642b5255450c41be876f35694f0ce74c.jpg?shrink=80:80,True,가격정보없음(판매준비/판매중지)
2026-08-21,케이스,"darkFlash,앱코",123993804,darkFlash DMO21 (블랙),22430,"미니ITX/지원보드규격:M-ATX,ITX/VGA 길이:300mm/CPU쿨러 높이:160mm/미니타워/[패널]/전면 패널 타입:일반(솔리드)/측면 패널 타입:통풍구/[쿨러/튜닝]/쿨링팬:총1개/후면:120mm x1/[크기]/너비(W):195mm/높이(H):387mm/깊이(D):325mm/[호환성]/파워 장착 길이:160mm/파워 위치:하단후면",https://img.danuri.io/catalog-image/804/993/123/011248d53fda428683747bdaab3bdf7a.jpeg?shrink=80:80,False,
2026-08-22,케이스,"darkFlash,앱코",78530048,darkFlash DS500 RGB (블랙),44690,"ATX 케이스/지원보드규격:ATX,M-ATX,M-ITX/VGA 길이:405mm/CPU쿨러 높이:165mm/미들타워/[패널]/전면 패널 타입:강화유리/측면 패널 타입:강화유리/[쿨러/튜닝]/쿨링팬:총3개/LED팬:3개/후면:120mm LED x1/내부 측면:120mm LED x2/[크기]/너비(W):210mm/높이(H):485mm/깊이(D):413mm/[호환성]/지원파워규격:표준-ATX/파워 장착 길이:170mm/파워 위치:하단후면/[부가기능]/LED 색상:RGB",https://img.danuri.io/catalog-image/048/530/078/c9b0ec9b4b9a4d6da953e1552be87570.jpeg?shrink=80:80,False,
2026-08-22,케이스,"darkFlash,앱코",105967793,앱코 G31 오메가포스 세븐팬 (블랙),48290,"ATX 케이스/지원보드규격:ATX,M-ATX,M-ITX/VGA 길이:400mm/CPU쿨러 높이:165mm/미들타워/[패널]/전면 패널 타입:메쉬/측면 패널 타입:강화유리/[쿨러/튜닝]/쿨링팬:총7개/LED팬:7개/후면:120mm LED x1/전면:140mm LED x3/상단:120mm LED x3/[크기]/너비(W):212mm/높이(H):490mm/깊이(D):460mm/[호환성]/지원파워규격:표준-ATX/파워 장착 길이:200mm/파워 위치:하단후면/[부가기능]/RGB 컨트롤/LED 색상:RGB/[변경사항]/G31 오메가포스 → G31 오메가포스 세븐팬 으로 상품명 변경",https://img.danuri.io/catalog-image/793/967/105/c3d11495e07b40f3b2d45efabc01bba9.jpg?shrink=80:80,False,
2026-08-22,케이스,"darkFlash,앱코",53783243,앱코 U30 마린 (블랙),42240,"ATX 케이스/지원보드규격:ATX,M-ATX,M-ITX/VGA 길이:400mm/CPU쿨러 높이:165mm/미들타워/[패널]/전면 패널 타입:강화유리/측면 패널 타입:강화유리/측면 개폐 방식:버튼/[쿨러/튜닝]/쿨링팬:총3개/LED팬:3개/후면:120mm LED x1/내부 측면:120mm LED x2/[크기]/너비(W):212mm/깊이(D):420mm/높이(H):485mm/[호환성]/지원파워규격:표준-ATX/파워 장착 길이:240mm/파워 위치:하단후면/[부가기능]/LED 색상:RGB",https://img.danuri.io/catalog-image/243/783/053/12f41688da184122833ddac86ce8e160.jpg?shrink=80:80,False,
2026-08-22,케이스,"darkFlash,앱코",32861129,darkFlash DS900 ARGB 강화유리 (화이트),68270,"ATX 케이스/지원보드규격:ATX,M-ATX,M-ITX/VGA 길이:425mm/CPU쿨러 높이:170mm/미들타워/[패널]/전면 패널 타입:강화유리/측면 패널 타입:강화유리/[쿨러/튜닝]/쿨링팬:총4개/LED팬:4개/후면:120mm LED x1/내부 측면:120mm LED x3/[크기]/너비(W):218mm/높이(H):454mm/깊이(D):434mm/[호환성]/지원파워규격:표준-ATX/파워 장착 길이:260mm/파워 위치:하단후면/[부가기능]/LED 색상:ARGB/[변경사항]/24년 4월 장착쿨링팬 C6 ARGB → C7 ARGB으로 변경 / 24년 8월 상단 라디에이터 120, 140, 240, 280, 360 →120, 240, 360으로 변경",https://img.danuri.io/catalog-image/129/861/032/100a9aa65e564d06a8c46811a2a6d996.jpg?shrink=80:80,False,
2026-08-22,케이스,"darkFlash,앱코",122617886,darkFlash DLX ULTRA MESH ARGB (블랙),152050,"ATX 케이스/지원보드규격:E-ATX,ATX,ATX (후면커넥터),M-ATX,M-ATX (후면커넥터),ITX/VGA 길이:480mm/CPU쿨러 높이:190mm/빅타워/수직 PCI형태:슬롯변경형/[패널]/전면 패널 타입:메쉬/측면 패널 타입:통풍구/[쿨러/튜닝]/쿨링팬:총4개/LED팬:4개/후면:140mm LED x1/전면:140mm LED x3/[크기]/너비(W):249mm/높이(H):535mm/깊이(D):560mm/[호환성]/지원파워규격:표준-ATX/파워 장착 길이:260mm/파워 위치:하단후면/[부가기능]/LED 색상:ARGB",https://img.danuri.io/catalog-image/886/617/122/de8ab5a780b545f6aa39e7f688511672.jpeg?shrink=80:80,False,
2026-08-22,케이스,"darkFlash,앱코",100271096,darkFlash DPF70 ARGB (화이트),68820,"ATX 케이스/지원보드규격:ATX,M-ATX,ITX/VGA 길이:410mm/CPU쿨러 높이:160mm/미들타워/[패널]/전면 패널 타입:강화유리/측면 패널 타입:강화유리/[쿨러/튜닝]/쿨링팬:총4개/LED팬:4개/후면:120mm LED x1/내부 측면:120mm LED x3/[크기]/너비(W):275mm/높이(H):398mm/깊이(D):425mm/[호환성]/지원파워규격:표준-ATX/파워 장착 길이:230mm/파워 위치:하단후면/[부가기능]/팬 컨트롤/RGB 컨트롤/LED 색상:ARGB",https://img.danuri.io/catalog-image/096/271/100/57a33ca47be14c69983d39fe55da57a5.jpg?shrink=80:80,False,
2026-08-22,케이스,"darkFlash,앱코",105968012,앱코 UD51 엑시드 ARGB BTF (블랙),99330,"ATX 케이스/지원보드규격:E-ATX,ATX,ATX (후면커넥터),M-ATX,M-ATX (후면커넥터),M-ITX/VGA 길이:400mm/CPU쿨러 높이:160mm/미들타워/수직 PCI형태:슬롯변경형/[패널]/전면 패널 타입:강화유리/측면 패널 타입:강화유리/[쿨러/튜닝]/쿨링팬:총4개/LED팬:4개/후면:120mm LED x1/내부 측면:120mm LED x3/[크기]/너비(W):277mm/높이(H):430mm/깊이(D):443mm/[호환성]/지원파워규격:표준-ATX/파워 장착 길이:240mm/파워 위치:상단/[부가기능]/RGB 컨트롤/LED 색상:ARGB",https://img.danuri.io/catalog-image/012/968/105/af09ee3e0ea64dcdbfeaac0c73edd4b9.jpg?shrink=80:80,False,
2026-08-22,케이스,"darkFlash,앱코",78530069,darkFlash DS500 RGB (화이트),48880,"ATX 케이스/지원보드규격:ATX,M-ATX,M-ITX/VGA 길이:405mm/CPU쿨러 높이:165mm/미들타워/[패널]/전면 패널 타입:강화유리/측면 패널 타입:강화유리/[쿨러/튜닝]/쿨링팬:총3개/LED팬:3개/후면:120mm LED x1/내부 측면:120mm LED x2/[크기]/너비(W):210mm/높이(H):485mm/깊이(D):413mm/[호환성]/지원파워규격:표준-ATX/파워 장착 길이:170mm/파워 위치:하단후면/[부가기능]/LED 색상:RGB",https://img.danuri.io/catalog-image/069/530/078/311f1f242ac04a14a14b0dca4f8e7c87.jpg?shrink=80:80,False,
2026-08-22,케이스,"darkFlash,앱코",11884168,darkFlash DLX21 RGB MESH 강화유리 (블랙),97130,"ATX 케이스/지원보드규격:E-ATX,ATX,M-ATX,M-ITX/VGA 길이:400mm/CPU쿨러 높이:180mm/미들타워/[패널]/측면 패널 타입:강화유리/측면 개폐 방식:스윙도어/[쿨러/튜닝]/쿨링팬:총4개/LED팬:4개/후면:140mm LED x1/전면:140mm LED x3/[크기]/너비(W):233mm/높이(H):493mm/깊이(D):448mm/[호환성]/지원파워규격:표준-ATX/파워 장착 길이:235mm/파워 위치:하단후면/[부가기능]/RGB 컨트롤/LED 색상:RGB",https://img.danuri.io/catalog-image/168/884/011/1661e70af5b443569fca29df23e60ac9.jpg?shrink=80:80,False,
2026-08-22,케이스,"darkFlash,앱코",122655434,darkFlash DPH70M ARGB (블랙),54620,"M-ATX 케이스/지원보드규격:M-ATX,ITX/VGA 길이:415mm/CPU쿨러 높이:160mm/미니타워/[패널]/전면 패널 타입:강화유리/측면 패널 타입:강화유리/[쿨러/튜닝]/쿨링팬:총3개/LED팬:3개/후면:120mm LED x1/내부 측면:120mm LED x2/[크기]/너비(W):275mm/높이(H):360mm/깊이(D):425mm/[호환성]/지원파워규격:표준-ATX/파워 장착 길이:180mm/파워 위치:하단후면/[부가기능]/LED 색상:ARGB",https://img.danuri.io/catalog-image/434/655/122/8168b64c66214f5d9c940e33a80fc523.jpeg?shrink=80:80,False,
2026-08-22,케이스,"darkFlash,앱코",62071772,darkFlash DMO11 (블랙),21750,"M-ATX 케이스/지원보드규격:M-ATX,M-ITX/VGA 길이:270mm/CPU쿨러 높이:165mm/미니타워/[패널]/측면 패널 타입:통풍구/[쿨러/튜닝]/쿨링팬:총1개/후면:120mm x1/[크기]/너비(W):180mm/깊이(D):300mm/높이(H):355mm/[호환성]/지원파워규격:표준-ATX/파워 위치:상단",https://img.danuri.io/catalog-image/772/071/062/2986f70412ae42678e3126e385321a6e.jpg?shrink=80:80,False,
2026-08-22,케이스,"darkFlash,앱코",53783246,앱코 U30 마린 (화이트),50270,"ATX 케이스/지원보드규격:ATX,M-ATX,M-ITX/VGA 길이:400mm/CPU쿨러 높이:165mm/미들타워/[패널]/전면 패널 타입:강화유리/측면 패널 타입:강화유리/측면 개폐 방식:버튼/[쿨러/튜닝]/쿨링팬:총3개/LED팬:3개/후면:120mm LED x1/내부 측면:120mm LED x2/[크기]/너비(W):212mm/깊이(D):420mm/높이(H):485mm/[호환성]/지원파워규격:표준-ATX/파워 장착 길이:240mm/파워 위치:하단후면/[부가기능]/LED 색상:RGB",https://img.danuri.io/catalog-image/246/783/053/8677929d32964e9d9f1e2b07476c0979.jpg?shrink=80:80,False,
2026-08-22,케이스,"darkFlash,앱코",99640949,앱코 G50 빅플로우 MESH ARGB BTF (블랙),107660,"ATX 케이스/지원보드규격:E-ATX,ATX,ATX (후면커넥터),M-ATX,M-ATX (후면커넥터),M-ITX/VGA 길이:408mm/CPU쿨러 높이:180mm/미들타워/[패널]/전면 패널 타입:메쉬/측면 패널 타입:강화유리/[쿨러/튜닝]/쿨링팬:총4개/LED팬:4개/후면:140mm LED x1/전면:140mm LED x3/[크기]/너비(W):238mm/깊이(D):479mm/높이(H):500mm/[호환성]/지원파워규격:표준-ATX/파워 장착 길이:240mm/파워 위치:하단후면/[부가기능]/팬 컨트롤/RGB 컨트롤/LED 색상:ARGB",https://img.danuri.io/catalog-image/949/640/099/876efec41be248468eb7e8007e4ce040.jpg?shrink=80:80,False,
2026-08-22,케이스,"darkFlash,앱코",93320456,앱코 UD50C 루시드 앰비언트 풀커브드 ARGB BTF (블랙),136400,"ATX 케이스/지원보드규격:ATX,ATX (후면커넥터),M-ATX,M-ATX (후면커넥터),M-ITX/VGA 길이:420mm/CPU쿨러 높이:160mm/미들타워/[패널]/전면 패널 타입:강화유리/측면 패널 타입:강화유리/[쿨러/튜닝]/쿨링팬:총4개/LED팬:4개/후면:120mm LED X1/내부 측면:120mm LED X3/[크기]/너비(W):285mm/깊이(D):460mm/높이(H):400mm/[호환성]/지원파워규격:표준-ATX/파워 장착 길이:210mmmm/파워 위치:상단/[부가기능]/외부 LED/팬 컨트롤/RGB 컨트롤/LED 색상:ARGB",https://img.danuri.io/catalog-image/456/320/093/43257e8431514ed5b649822011397da6.jpg?shrink=80:80,False,
2026-08-22,케이스,"darkFlash,앱코",122617905,darkFlash DLX ULTRA MESH ARGB (화이트),156000,"ATX 케이스/지원보드규격:E-ATX,ATX,ATX (후면커넥터),M-ATX,M-ATX (후면커넥터),ITX/VGA 길이:480mm/CPU쿨러 높이:190mm/빅타워/수직 PCI형태:슬롯변경형/[패널]/전면 패널 타입:메쉬/측면 패널 타입:통풍구/[쿨러/튜닝]/쿨링팬:총4개/LED팬:4개/후면:140mm LED x1/전면:140mm LED x3/[크기]/너비(W):249mm/높이(H):535mm/깊이(D):560mm/[호환성]/지원파워규격:표준-ATX/파워 장착 길이:260mm/파워 위치:하단후면/[부가기능]/LED 색상:ARGB",https://img.danuri.io/catalog-image/905/617/122/9c3118b4863d44c2abbe2e1b9904013f.jpeg?shrink=80:80,False,
2026-08-22,케이스,"darkFlash,앱코",122655451,darkFlash DPH70M ARGB (화이트),58950,"M-ATX 케이스/지원보드규격:M-ATX,ITX/VGA 길이:415mm/CPU쿨러 높이:160mm/미니타워/[패널]/전면 패널 타입:강화유리/측면 패널 타입:강화유리/[쿨러/튜닝]/쿨링팬:총3개/LED팬:3개/후면:120mm LED x1/내부 측면:120mm LED x2/[크기]/너비(W):275mm/높이(H):360mm/깊이(D):425mm/[호환성]/지원파워규격:표준-ATX/파워 장착 길이:180mm/파워 위치:하단후면/[부가기능]/LED 색상:ARGB",https://img.danuri.io/catalog-image/451/655/122/f8d3900254df4f5d8d142875f6d4ed55.jpeg?shrink=80:80,False,
2026-08-22,케이스,"darkFlash,앱코",16542008,darkFlash DK1000 MESH 강화유리 (블랙),68910,"ATX 케이스/지원보드규격:E-ATX,ATX,M-ATX/VGA 길이:355mm/CPU쿨러 높이:165mm/미들타워/[패널]/전면 패널 타입:메쉬/측면 패널 타입:강화유리/측면 개폐 방식:스윙도어/[쿨러/튜닝]/쿨링팬:총4개/후면:120mm x1/전면:140mm x3/[크기]/너비(W):215mm/깊이(D):415mm/높이(H):470mm/[호환성]/지원파워규격:표준-ATX/파워 장착 길이:245mm",https://img.danuri.io/catalog-image/008/542/016/1d7f04bad2764b2087c48c7ee01cf48a.jpg?shrink=80:80,False,
2026-08-22,케이스,"darkFlash,앱코",32861099,darkFlash DS900 ARGB 강화유리 (블랙),64160,"ATX 케이스/지원보드규격:ATX,M-ATX,M-ITX/VGA 길이:425mm/CPU쿨러 높이:170mm/미들타워/[패널]/전면 패널 타입:강화유리/측면 패널 타입:강화유리/[쿨러/튜닝]/쿨링팬:총4개/LED팬:4개/후면:120mm LED x1/내부 측면:120mm LED x3/[크기]/너비(W):218mm/깊이(D):434mm/높이(H):454mm/[호환성]/지원파워규격:표준-ATX/파워 장착 길이:260mm/파워 위치:하단후면/[부가기능]/LED 색상:ARGB/[변경사항]/24년 4월 장착쿨링팬 C6 ARGB → C7 ARGB으로 변경 / 24년 8월 상단 라디에이터 120, 140, 240, 280, 360 →120, 240, 360으로 변경",https://img.danuri.io/catalog-image/099/861/032/a8c00370c99644488731eb02fddb5328.jpg?shrink=80:80,False,
2026-08-22,케이스,"darkFlash,앱코",56138000,앱코 U20M 큐빅 미니 (블랙),35310,"M-ATX 케이스/지원보드규격:M-ATX,M-ITX/VGA 길이:350mm/CPU쿨러 높이:165mm/미니타워/[패널]/전면 패널 타입:강화유리/측면 패널 타입:강화유리/측면 개폐 방식:버튼/[쿨러/튜닝]/쿨링팬:총3개/LED팬:3개/후면:120mm LED x1/내부 측면:120mm LED x2/[크기]/너비(W):212mm/깊이(D):360mm/높이(H):435mm/[호환성]/지원파워규격:표준-ATX/파워 장착 길이:350mm/파워 위치:하단후면/[부가기능]/LED 색상:RGB",https://img.danuri.io/catalog-image/000/138/056/5eb1a011accd4ab0a584e64ad86efc97.jpg?shrink=80:80,False,
2026-08-22,케이스,"darkFlash,앱코",105968039,앱코 UD51 엑시드 ARGB BTF (화이트),105160,"ATX 케이스/지원보드규격:E-ATX,ATX,ATX (후면커넥터),M-ATX,M-ATX (후면커넥터),M-ITX/VGA 길이:400mm/CPU쿨러 높이:160mm/미들타워/수직 PCI형태:슬롯변경형/[패널]/전면 패널 타입:강화유리/측면 패널 타입:강화유리/[쿨러/튜닝]/쿨링팬:총4개/LED팬:4개/후면:120mm LED x1/내부 측면:120mm LED x3/[크기]/너비(W):277mm/높이(H):430mm/깊이(D):443mm/[호환성]/지원파워규격:표준-ATX/파워 장착 길이:240mm/파워 위치:상단/[부가기능]/RGB 컨트롤/LED 색상:ARGB",https://img.danuri.io/catalog-image/039/968/105/cbb75564224245bb9cfbc38be6d1c507.jpg?shrink=80:80,False,
2026-08-22,케이스,"darkFlash,앱코",105816371,darkFlash DS900 PRO ARGB (화이트),79030,"ATX 케이스/지원보드규격:ATX,M-ATX,ITX/VGA 길이:425mm/CPU쿨러 높이:170mm/미들타워/[패널]/전면 패널 타입:강화유리/측면 패널 타입:강화유리/[쿨러/튜닝]/쿨링팬:총4개/LED팬:4개/후면:120mm LED x1/내부 측면:120mm LED x3/[크기]/너비(W):218mm/깊이(D):434mm/높이(H):455mm/[호환성]/지원파워규격:표준-ATX/파워 장착 길이:260mm/파워 위치:하단후면/[부가기능]/팬 컨트롤/RGB 컨트롤/LED 색상:ARGB",https://img.danuri.io/catalog-image/371/816/105/ddf9777dfe5445b795ebe951aaf15686.jpg?shrink=80:80,False,
2026-08-22,케이스,"darkFlash,앱코",11884207,darkFlash DLX21 RGB MESH 강화유리 (화이트),102300,"ATX 케이스/지원보드규격:E-ATX,ATX,M-ATX,M-ITX/VGA 길이:400mm/CPU쿨러 높이:180mm/미들타워/[패널]/측면 패널 타입:강화유리/측면 개폐 방식:스윙도어/[쿨러/튜닝]/쿨링팬:총4개/LED팬:4개/후면:140mm LED x1/전면:140mm LED x3/[크기]/너비(W):233mm/깊이(D):448mm/높이(H):493mm/[호환성]/지원파워규격:표준-ATX/파워 장착 길이:235mm/파워 위치:하단후면/[부가기능]/RGB 컨트롤/LED 색상:RGB",https://img.danuri.io/catalog-image/207/884/011/e774353bdc4d45edb01e44a42641b88c.jpg?shrink=80:80,False,
2026-08-22,케이스,"darkFlash,앱코",122679640,darkFlash DRX90 AERO MESH RGB (블랙),59580,"ATX 케이스/지원보드규격:ATX,M-ATX,M-ITX/VGA 길이:395mm/CPU쿨러 높이:185mm/미들타워/[패널]/전면 패널 타입:메쉬/측면 패널 타입:통풍구/[쿨러/튜닝]/쿨링팬:총4개/LED팬:4개/후면:120mm LED x1/전면:120mm LED x3/[크기]/너비(W):230mm/높이(H):460mm/깊이(D):465mm/[호환성]/지원파워규격:표준-ATX/파워 장착 길이:280mm/파워 위치:하단후면/[부가기능]/LED 색상:RGB",https://img.danuri.io/catalog-image/640/679/122/a41512b6ec6d4d8a85475a3aaffc39da.jpeg?shrink=80:80,False,
2026-08-22,케이스,"darkFlash,앱코",122699730,darkFlash DK200 NEO MESH RGB 식스팬 (블랙),44820,"ATX 케이스/지원보드규격:ATX,M-ATX,M-ITX/VGA 길이:340mm/CPU쿨러 높이:165mm/미들타워/[패널]/전면 패널 타입:메쉬/측면 패널 타입:강화유리/[쿨러/튜닝]/쿨링팬:총6개/LED팬:6개/후면:120mm LED x1/전면:120mm LED x3/상단:120mm LED x2/[크기]/너비(W):218mm/높이(H):447mm/깊이(D):396mm/[호환성]/지원파워규격:표준-ATX/파워 장착 길이:200mm/파워 위치:하단전면/[부가기능]/RGB 컨트롤/LED 색상:RGB",https://img.danuri.io/catalog-image/730/699/122/914b893abd574b24ae210dd731b948d0.jpeg?shrink=80:80,False,
2026-08-22,케이스,"darkFlash,앱코",108390941,darkFlash DS950V ARGB 디스플레이 (블랙),97900,"ATX 케이스/지원보드규격:ATX,M-ATX,ITX/VGA 길이:400mm/CPU쿨러 높이:180mm/미들타워/[패널]/전면 패널 타입:강화유리/측면 패널 타입:강화유리/[쿨러/튜닝]/쿨링팬:총3개/LED팬:3개/후면:120mm LED x1/내부 측면:120mm LED x2/[크기]/너비(W):222mm/높이(H):465mm/깊이(D):450mm/[호환성]/지원파워규격:표준-ATX/파워 장착 길이:280mm/파워 위치:하단후면/[부가기능]/LED 색상:ARGB",https://img.danuri.io/catalog-image/941/390/108/26a19e26de884e41af0ca790478e696b.jpg?shrink=80:80,False,
2026-08-22,케이스,"darkFlash,앱코",122678063,앱코 UD51L 엑시드 LCD 강화유리 ARGB BTF (화이트),158500,"ATX 케이스/지원보드규격:ATX,ATX (후면커넥터),M-ATX,M-ATX (후면커넥터),ITX/VGA 길이:345mm/CPU쿨러 높이:160mm/미들타워/수직 PCI형태:슬롯변경형/[패널]/전면 패널 타입:강화유리/측면 패널 타입:강화유리/[쿨러/튜닝]/쿨링팬:총4개/LED팬:4개/후면:120mm LED x1/내부 측면:120mm LED x3/[크기]/너비(W):277mm/높이(H):430mm/깊이(D):443mm/[호환성]/지원파워규격:표준-ATX/파워 장착 길이:240mm/파워 위치:상단/[부가기능]/LED 색상:ARGB",https://img.danuri.io/catalog-image/063/678/122/a9931055705f4eb8bdf699e9bcf97305.jpeg?shrink=80:80,False,
2026-08-22,케이스,"darkFlash,앱코",62071802,darkFlash DMO11 (화이트),24750,"M-ATX 케이스/지원보드규격:M-ATX,M-ITX/VGA 길이:270mm/CPU쿨러 높이:165mm/미니타워/[패널]/측면 패널 타입:통풍구/[쿨러/튜닝]/쿨링팬:총1개/후면:120mm x1/[크기]/너비(W):180mm/깊이(D):300mm/높이(H):355mm/[호환성]/지원파워규격:표준-ATX/파워 위치:상단",https://img.danuri.io/catalog-image/802/071/062/db6c6156c83a44d6992e437694f0a4f6.jpg?shrink=80:80,False,
2026-08-22,케이스,"darkFlash,앱코",72723323,darkFlash DQX80 ARGB BTF (화이트),93680,"ATX 케이스/지원보드규격:ATX,ATX (후면커넥터),M-ATX,M-ATX (후면커넥터),ITX/VGA 길이:415mm/CPU쿨러 높이:160mm/미들타워/[패널]/전면 패널 타입:강화유리/측면 패널 타입:강화유리/[쿨러/튜닝]/쿨링팬:총4개/LED팬:4개/후면:120mm/내부 측면:120mm/[크기]/너비(W):285mm/깊이(D):426mm/높이(H):448mm/[호환성]/지원파워규격:표준-ATX/파워 장착 길이:220mm/파워 위치:상단/[부가기능]/LED 색상:RGB",https://img.danuri.io/catalog-image/323/723/072/c4c95dbd16cb41a08e15d73c3f77bd87.jpg?shrink=80:80,False,
2026-08-22,케이스,"darkFlash,앱코",105816257,darkFlash DS900 PRO ARGB (블랙),74250,"ATX 케이스/지원보드규격:ATX,M-ATX,ITX/VGA 길이:425mm/CPU쿨러 높이:170mm/미들타워/[패널]/전면 패널 타입:강화유리/측면 패널 타입:강화유리/[쿨러/튜닝]/쿨링팬:총4개/LED팬:4개/후면:120mm LED x1/내부 측면:120mm LED x3/[크기]/너비(W):218mm/깊이(D):434mm/높이(H):455mm/[호환성]/지원파워규격:표준-ATX/파워 장착 길이:260mm/파워 위치:하단후면/[부가기능]/팬 컨트롤/RGB 컨트롤/LED 색상:ARGB",https://img.danuri.io/catalog-image/257/816/105/9058630d75604cf3974a98d4a23d3e92.jpg?shrink=80:80,False,
2026-08-22,케이스,"darkFlash,앱코",59762132,darkFlash DK301M RGB MESH 강화유리 (블랙),36850,"M-ATX 케이스/지원보드규격:M-ATX,M-ITX/VGA 길이:295mm/CPU쿨러 높이:160mm/미니타워/[패널]/전면 패널 타입:메쉬/측면 패널 타입:강화유리/[쿨러/튜닝]/쿨링팬:총3개/LED팬:3개/후면:120mm LED x1/전면:120mm LED x2/[크기]/너비(W):200mm/깊이(D):363mm/높이(H):385mm/[호환성]/지원파워규격:표준-ATX/파워 장착 길이:170mm/파워 위치:하단후면/[부가기능]/LED 색상:RGB",https://img.danuri.io/catalog-image/132/762/059/12b9e68a229a49e687950699f3c46a9c.jpg?shrink=80:80,False,
2026-08-22,케이스,"darkFlash,앱코",31413674,darkFlash DRX70 MESH RGB 강화유리 (블랙),54130,"ATX 케이스/지원보드규격:ATX,M-ATX,M-ITX/VGA 길이:355mm/CPU쿨러 높이:180mm/미들타워/[패널]/전면 패널 타입:메쉬/측면 패널 타입:강화유리/[쿨러/튜닝]/쿨링팬:총4개/LED팬:4개/후면:120mm LED x1/전면:120mm LED x3/[크기]/너비(W):230mm/깊이(D):396mm/높이(H):462mm/[호환성]/지원파워규격:표준-ATX/파워 장착 길이:220mm/[부가기능]/LED 색상:RGB",https://img.danuri.io/catalog-image/674/413/031/bb3568149db54ee3a41836994cce905e.jpg?shrink=80:80,False,
2026-08-22,케이스,"darkFlash,앱코",122679643,darkFlash DRX90 AERO MESH RGB (화이트),64880,"ATX 케이스/지원보드규격:ATX,M-ATX,M-ITX/VGA 길이:395mm/CPU쿨러 높이:185mm/미들타워/[패널]/전면 패널 타입:메쉬/측면 패널 타입:통풍구/[쿨러/튜닝]/쿨링팬:총4개/LED팬:4개/후면:120mm LED x1/전면:120mm LED x3/[크기]/너비(W):230mm/높이(H):460mm/깊이(D):465mm/[호환성]/지원파워규격:표준-ATX/파워 장착 길이:280mm/파워 위치:하단후면/[부가기능]/LED 색상:RGB",https://img.danuri.io/catalog-image/643/679/122/2e19b3fd3bf64b948c9e54e93f18c671.jpeg?shrink=80:80,False,
2026-08-22,케이스,"darkFlash,앱코",108390974,darkFlash DS950V ARGB 디스플레이 (화이트),103080,"ATX 케이스/지원보드규격:ATX,M-ATX,ITX/VGA 길이:400mm/CPU쿨러 높이:180mm/미들타워/[패널]/전면 패널 타입:강화유리/측면 패널 타입:강화유리/[쿨러/튜닝]/쿨링팬:총3개/LED팬:3개/후면:120mm LED x1/내부 측면:120mm LED x2/[크기]/너비(W):222mm/높이(H):465mm/깊이(D):450mm/[호환성]/지원파워규격:표준-ATX/파워 장착 길이:280mm/파워 위치:하단후면/[부가기능]/LED 색상:ARGB",https://img.danuri.io/catalog-image/974/390/108/f128a81d304543bba59e536755251d70.jpg?shrink=80:80,False,
2026-08-22,케이스,"darkFlash,앱코",122678036,앱코 UD51L 엑시드 LCD 강화유리 ARGB BTF (블랙),0,"ATX 케이스/지원보드규격:ATX,ATX (후면커넥터),M-ATX,M-ATX (후면커넥터),ITX/VGA 길이:345mm/CPU쿨러 높이:160mm/미들타워/수직 PCI형태:슬롯변경형/[패널]/전면 패널 타입:강화유리/측면 패널 타입:강화유리/[쿨러/튜닝]/쿨링팬:총4개/LED팬:4개/후면:120mm LED x1/내부 측면:120mm LED x3/[크기]/너비(W):277mm/높이(H):430mm/깊이(D):443mm/[호환성]/지원파워규격:표준-ATX/파워 장착 길이:240mm/파워 위치:상단/[부가기능]/LED 색상:ARGB",https://img.danuri.io/catalog-image/036/678/122/5349cc43a49f4e8da27e645e30ce6239.jpeg?shrink=80:80,True,가격정보없음(판매준비/판매중지)
2026-08-22,케이스,"darkFlash,앱코",28058570,앱코 G15 세이퍼 아크릴 (블랙),38720,"ATX 케이스/지원보드규격:ATX,M-ATX,M-ITX/VGA 길이:300mm/CPU쿨러 높이:160mm/미들타워/[패널]/전면 패널 타입:메쉬/측면 패널 타입:아크릴/[쿨러/튜닝]/쿨링팬:총4개/LED팬:4개/후면:120mm LED X1/전면:120mm LED X3/[크기]/너비(W):205mm/깊이(D):350mm/높이(H):445mm/[호환성]/지원파워규격:표준-ATX/파워 장착 길이:140~150mm/파워 위치:하단후면/[변경사항]/23년 10월 ssd 최대 3개 장착 → 2개로 변경",https://img.danuri.io/catalog-image/570/058/028/002345b696a04f94a966e3e4b2afc12f.jpg?shrink=80:80,False,
2026-08-22,케이스,"darkFlash,앱코",122617755,darkFlash DLX ULTRA MESH (블랙),142880,"ATX 케이스/지원보드규격:E-ATX,ATX,ATX (후면커넥터),M-ATX,M-ATX (후면커넥터),ITX/VGA 길이:480mm/CPU쿨러 높이:190mm/빅타워/수직 PCI형태:슬롯변경형/[패널]/전면 패널 타입:메쉬/측면 패널 타입:통풍구/[쿨러/튜닝]/쿨링팬:총4개/후면:140mm x1/전면:140mm x3/[크기]/너비(W):249mm/높이(H):535mm/깊이(D):560mm/[호환성]/지원파워규격:표준-ATX/파워 장착 길이:260mm/파워 위치:하단후면",https://img.danuri.io/catalog-image/755/617/122/c27d979de0c54764bd03c4f7b5851445.jpeg?shrink=80:80,False,
2026-08-22,케이스,"darkFlash,앱코",91348985,앱코 UD20M 미니웨일 (화이트),0,"M-ATX 케이스/지원보드규격:M-ATX,M-ITX/VGA 길이:325mm/CPU쿨러 높이:155mm/미니타워/[패널]/전면 패널 타입:강화유리/측면 패널 타입:강화유리/[쿨러/튜닝]/쿨링팬:총3개/LED팬:3개/후면:120mm LED  x1/하단:120mm LED x2/[크기]/너비(W):335mm/깊이(D):275mm/높이(H):353mm/[호환성]/지원파워규격:표준-ATX/파워 장착 길이:210mm/파워 위치:하단후면/[부가기능]/LED 색상:RGB",https://img.danuri.io/catalog-image/985/348/091/6bb95b2963e14664976ea50be90c9843.jpg?shrink=80:80,True,가격정보없음(판매준비/판매중지)
2026-08-22,케이스,"darkFlash,앱코",100271060,darkFlash DPF70 ARGB (블랙),64380,"ATX 케이스/지원보드규격:ATX,M-ATX,ITX/VGA 길이:410mm/CPU쿨러 높이:160mm/미들타워/[패널]/전면 패널 타입:강화유리/측면 패널 타입:강화유리/[쿨러/튜닝]/쿨링팬:총4개/LED팬:4개/후면:120mm LED x1/내부 측면:120mm LED x3/[크기]/너비(W):275mm/깊이(D):425mm/높이(H):398mm/[호환성]/지원파워규격:표준-ATX/파워 장착 길이:230mm/파워 위치:하단후면/[부가기능]/팬 컨트롤/RGB 컨트롤/LED 색상:ARGB",https://img.danuri.io/catalog-image/060/271/100/17c5b2e66116479f9781e26638026fbc.jpg?shrink=80:80,False,
2026-08-22,케이스,"darkFlash,앱코",101632583,앱코 U10M 큐빅 라이트 (블랙),20130,"M-ATX 케이스/지원보드규격:M-ATX,M-ITX/VGA 길이:300mm/CPU쿨러 높이:160mm/미니타워/[패널]/전면 패널 타입:강화유리/측면 패널 타입:강화유리/[쿨러/튜닝]/쿨링팬:총1개/LED팬:1개/후면:120mm LED x1/[크기]/너비(W):195mm/깊이(D):310mm/높이(H):422mm/[호환성]/지원파워규격:표준-ATX/파워 위치:하단후면/[부가기능]/LED 색상:RGB",https://img.danuri.io/catalog-image/583/632/101/e5bbdfc57c644866abe04a5286b7d594.jpg?shrink=80:80,False,
2026-08-22,케이스,"darkFlash,앱코",8043859,앱코 NCORE 언더바,24090,"ATX 케이스/지원보드규격:ATX,M-ATX,M-ITX/VGA 길이:310mm/CPU쿨러 높이:163mm/미들타워/[패널]/전면 패널 타입:일반(솔리드)/[쿨러/튜닝]/쿨링팬:총1개/후면:120mm x1/[크기]/너비(W):198mm/깊이(D):375mm/높이(H):413mm/[호환성]/지원파워규격:표준-ATX/파워 장착 길이:200mm/파워 위치:상단",https://img.danuri.io/catalog-image/859/043/008/4823a889b5ed48c5b939b359841c7d09.jpg?shrink=80:80,False,
2026-08-22,케이스,"darkFlash,앱코",99640955,앱코 G50 빅플로우 MESH ARGB BTF (화이트),108350,"ATX 케이스/지원보드규격:E-ATX,ATX,ATX (후면커넥터),M-ATX,M-ATX (후면커넥터),M-ITX/VGA 길이:408mm/CPU쿨러 높이:180mm/미들타워/[패널]/전면 패널 타입:메쉬/측면 패널 타입:강화유리/[쿨러/튜닝]/쿨링팬:총4개/LED팬:4개/후면:140mm LED x1/전면:140mm LED x3/[크기]/너비(W):238mm/깊이(D):479mm/높이(H):500mm/[호환성]/지원파워규격:표준-ATX/파워 장착 길이:240mm/파워 위치:하단후면/[부가기능]/팬 컨트롤/RGB 컨트롤/LED 색상:ARGB",https://img.danuri.io/catalog-image/955/640/099/a09c36d36f1140e480e46f6c64f16e43.jpg?shrink=80:80,False,
2026-08-22,케이스,"darkFlash,앱코",13818002,darkFlash DLH21 (민트),103400,미니ITX/지원보드규격:M-ITX/VGA 길이:320mm/CPU쿨러 높이:134mm/미니ITX(리틀밸리)/지원파워규격:M-ATX(SFX)/수직 PCI형태:기본형/[패널]/전면 패널 타입:메쉬/[쿨러/튜닝]/쿨링팬:총1개/상단:92mm/[크기]/너비(W):175mm/높이(H):412mm/깊이(D):238mm/[호환성]/파워 장착 길이:125mm/파워 위치:하단후면/[부가기능]/외부 LED/LED 색상:RGB,https://img.danuri.io/catalog-image/002/818/013/9d200a6ea7034f5483e495bd487a7785.jpg?shrink=80:80,False,
2026-08-22,케이스,"darkFlash,앱코",71904299,darkFlash DP360 MESH RGB 강화유리 (블랙),46310,"ATX 케이스/지원보드규격:ATX,M-ATX,M-ITX/VGA 길이:350mm/CPU쿨러 높이:180mm/미들타워/[패널]/전면 패널 타입:메쉬/측면 패널 타입:강화유리/측면 개폐 방식:스윙도어/[쿨러/튜닝]/쿨링팬:총4개/LED팬:4개/후면:120mm LED x1/전면:120mm LED x3/[크기]/너비(W):230mm/깊이(D):390mm/높이(H):456mm/[호환성]/지원파워규격:표준-ATX/파워 장착 길이:215mm/파워 위치:하단후면/[부가기능]/LED 색상:RGB",https://img.danuri.io/catalog-image/299/904/071/af7e27aaefac45c298e6f304399df267.jpg?shrink=80:80,False,
2026-08-22,케이스,"darkFlash,앱코",101013629,darkFlash DS500M RGB (화이트),46200,"M-ATX 케이스/지원보드규격:M-ATX,ITX/VGA 길이:405mm/CPU쿨러 높이:165mm/미니타워/[패널]/전면 패널 타입:강화유리/측면 패널 타입:강화유리/[쿨러/튜닝]/쿨링팬:총3개/LED팬:3개/후면:120mm LED x1/내부 측면:120mm LED x2/[크기]/너비(W):210mm/깊이(D):413mm/높이(H):450mm/[호환성]/지원파워규격:표준-ATX/파워 장착 길이:230mm/파워 위치:하단후면/[부가기능]/LED 색상:RGB",https://img.danuri.io/catalog-image/629/013/101/7f1adc6202364e7498d74a316ecdbb01.jpg?shrink=80:80,False,
2026-08-22,케이스,"darkFlash,앱코",17584208,darkFlash VB-X 4.0 라이저 케이블 지지대 KIT 215mm (화이트),0,액세서리/라이저 케이블/길이: 215mm / PCIe 4.0x16 지원,https://img.danuri.io/catalog-image/208/584/017/1eeb4e64fe1f44ceb8df4852c68ea3f3.jpg?shrink=80:80,True,"가격정보없음(판매준비/판매중지),액세서리(대상부품아님)"
2026-08-22,케이스,"darkFlash,앱코",86098574,darkFlash DS900 ARGB 강화유리 (블랙 우드),64070,"ATX 케이스/지원보드규격:ATX,M-ATX,ITX/VGA 길이:425mm/CPU쿨러 높이:170mm/미들타워/[패널]/전면 패널 타입:강화유리/측면 패널 타입:강화유리/[쿨러/튜닝]/쿨링팬:총4개/LED팬:4개/후면:120mm LED x1/내부 측면:120mm LED x3/[크기]/너비(W):218mm/깊이(D):434mm/높이(H):454mm/[호환성]/지원파워규격:표준-ATX/파워 장착 길이:260mm/파워 위치:하단후면/[부가기능]/LED 색상:ARGB",https://img.danuri.io/catalog-image/574/098/086/69ff0e2f9f4d45618173511b85e80b3f.jpg?shrink=80:80,False,
2026-08-22,케이스,"darkFlash,앱코",99735548,darkFlash DY460 ARGB BTF (블랙),96910,"ATX 케이스/지원보드규격:ATX,ATX (후면커넥터),M-ATX,M-ATX (후면커넥터),ITX/VGA 길이:410mm/CPU쿨러 높이:175mm/미들타워/[패널]/전면 패널 타입:강화유리/측면 패널 타입:강화유리/[쿨러/튜닝]/쿨링팬:총4개/LED팬:4개/후면:120mm LED x1/전면:120mm LED x3/[크기]/너비(W):238mm/깊이(D):452mm/높이(H):541mm/지원파워규격:표준-ATX/파워 장착 길이:260mm/파워 위치:하단후면/[부가기능]/LED 색상:ARGB",https://img.danuri.io/catalog-image/548/735/099/82fd804d52c94aabbbbd51311d065bab.jpg?shrink=80:80,False,
2026-08-22,케이스,"darkFlash,앱코",31412510,앱코 O10M 오피스 라이트 (블랙),19980,"M-ATX 케이스/지원보드규격:M-ATX,M-ITX/VGA 길이:260mm/CPU쿨러 높이:135mm/미니타워/[패널]/전면 패널 타입:일반(솔리드)/측면 패널 타입:통풍구/[쿨러/튜닝]/쿨링팬:총1개/후면:80mm x1/[크기]/너비(W):160mm/깊이(D):284mm/높이(H):350mm/[호환성]/지원파워규격:표준-ATX/파워 장착 길이:250mm/파워 위치:상단",https://img.danuri.io/catalog-image/510/412/031/49556add4d2a4561b9d4211bd348fcc5.jpg?shrink=80:80,False,
2026-08-22,케이스,"darkFlash,앱코",71904314,darkFlash DP360 MESH RGB 강화유리 (화이트),46090,"ATX 케이스/지원보드규격:ATX,M-ATX,M-ITX/VGA 길이:350mm/CPU쿨러 높이:180mm/미들타워/[패널]/전면 패널 타입:메쉬/측면 패널 타입:강화유리/측면 개폐 방식:스윙도어/[쿨러/튜닝]/쿨링팬:총4개/LED팬:4개/후면:120mm LED x1/전면:120mm LED x3/[크기]/너비(W):230mm/깊이(D):390mm/높이(H):456mm/[호환성]/지원파워규격:표준-ATX/파워 장착 길이:215mm/파워 위치:하단후면/[부가기능]/LED 색상:RGB",https://img.danuri.io/catalog-image/314/904/071/fb4b073d2f6a4f93933a45c87cd84101.jpg?shrink=80:80,False,
2026-08-22,케이스,"darkFlash,앱코",68574671,앱코 UD50 블루웨일 ARGB BTF (블랙),66440,"ATX 케이스/지원보드규격:ATX,ATX (후면커넥터),M-ATX,M-ATX (후면커넥터),M-ITX/VGA 길이:418mm/CPU쿨러 높이:160mm/미들타워/[패널]/전면 패널 타입:강화유리/측면 패널 타입:강화유리/[쿨러/튜닝]/쿨링팬:총4개/LED팬:4개/후면:120mm LED X1/내부 측면:120mm LED X3/[크기]/너비(W):285mm/깊이(D):426mm/높이(H):400mm/[호환성]/지원파워규격:표준-ATX/[부가기능]/LED 색상:ARGB",https://img.danuri.io/catalog-image/671/574/068/19fc01361e8145a994b332372f94bb2a.jpg?shrink=80:80,False,
2026-08-22,케이스,"darkFlash,앱코",123134408,darkFlash FLOATRON F1 ARGB (블랙),125430,"ATX 케이스/지원보드규격:ATX,ATX (후면커넥터),M-ATX,M-ATX (후면커넥터),ITX/VGA 길이:415mm/CPU쿨러 높이:180mm/미들타워/[패널]/전면 패널 타입:강화유리/측면 패널 타입:강화유리/[크기]/너비(W):240mm/높이(H):464mm/깊이(D):452mm/[호환성]/지원파워규격:표준-ATX/파워 장착 길이:200mm/파워 위치:하단후면/[부가기능]/LED 색상:ARGB",https://img.danuri.io/catalog-image/408/134/123/c55c797ab0ec4c4383b1a5f259b59e1d.jpeg?shrink=80:80,False,
2026-08-22,케이스,"darkFlash,앱코",68440877,darkFlash DY470 ARGB 강화유리 (화이트),127020,"ATX 케이스/지원보드규격:ATX,ATX (후면커넥터),M-ATX,M-ITX/VGA 길이:410mm/CPU쿨러 높이:175mm/미들타워/[패널]/전면 패널 타입:강화유리/측면 패널 타입:강화유리/[쿨러/튜닝]/쿨링팬:총4개/LED팬:4개/후면:120mm LED x1/내부 측면:120mm LED x3/[크기]/너비(W):298mm/깊이(D):473mm/높이(H):497mm/[호환성]/지원파워규격:표준-ATX/[부가기능]/LED 색상:ARGB",https://img.danuri.io/catalog-image/877/440/068/8b6c14fe4a074d0caf556c664fea293c.jpg?shrink=80:80,False,
2026-08-22,케이스,"darkFlash,앱코",93320471,앱코 UD50C 루시드 앰비언트 풀커브드 ARGB BTF (화이트),136400,"ATX 케이스/지원보드규격:ATX,ATX (후면커넥터),M-ATX,M-ATX (후면커넥터),M-ITX/VGA 길이:420mm/CPU쿨러 높이:160mm/미들타워/[패널]/전면 패널 타입:강화유리/측면 패널 타입:강화유리/[쿨러/튜닝]/쿨링팬:총4개/LED팬:4개/후면:120mm LED X1/내부 측면:120mm LED X3/[크기]/너비(W):285mm/깊이(D):460mm/높이(H):400mm/[호환성]/지원파워규격:표준-ATX/파워 장착 길이:210mmmm/파워 위치:상단/[부가기능]/외부 LED/팬 컨트롤/RGB 컨트롤/LED 색상:ARGB",https://img.danuri.io/catalog-image/471/320/093/c4a0b143536c4efeabb015071ee90c51.jpg?shrink=80:80,False,
2026-08-22,케이스,"darkFlash,앱코",17976938,darkFlash DK110,19800,"ATX 케이스/지원보드규격:ATX,M-ATX,M-ITX/VGA 길이:285mm/CPU쿨러 높이:160mm/미들타워/[패널]/측면 패널 타입:통풍구/[쿨러/튜닝]/쿨링팬:총1개/후면:120mm x1/[크기]/너비(W):190mm/깊이(D):344mm/높이(H):410mm/[호환성]/지원파워규격:표준-ATX/파워 위치:상단",https://img.danuri.io/catalog-image/938/976/017/d8d120bd27a945c28c80aac2389a1b1f.jpg?shrink=80:80,False,
2026-08-22,케이스,"darkFlash,앱코",31413680,darkFlash DRX70 MESH RGB 강화유리 (화이트),56880,"ATX 케이스/지원보드규격:ATX,M-ATX,M-ITX/VGA 길이:355mm/CPU쿨러 높이:180mm/미들타워/[패널]/전면 패널 타입:메쉬/측면 패널 타입:강화유리/[쿨러/튜닝]/쿨링팬:총4개/LED팬:4개/후면:120mm LED x1/전면:120mm LED x3/[크기]/너비(W):230mm/깊이(D):396mm/높이(H):462mm/[호환성]/지원파워규격:표준-ATX/파워 장착 길이:220mm/[부가기능]/LED 색상:RGB",https://img.danuri.io/catalog-image/680/413/031/3b2cf641d62a47b2a0c9578776cb2af7.jpg?shrink=80:80,False,
2026-08-22,케이스,"darkFlash,앱코",76946687,darkFlash DF4100 MESH ARGB BTF (화이트),83990,"ATX 케이스/지원보드규격:E-ATX,ATX,ATX (후면커넥터),M-ATX,M-ATX (후면커넥터),ITX/VGA 길이:435mm/CPU쿨러 높이:185mm/수직 PCI형태:슬롯변경형/[패널]/전면 패널 타입:메쉬/측면 패널 타입:강화유리/[쿨러/튜닝]/쿨링팬:총4개/LED팬:4개/후면:140mm LED x1/전면:140mm LED x3/[크기]/너비(W):235mm/깊이(D):485mm/높이(H):505mm/[호환성]/지원파워규격:표준-ATX/파워 장착 길이:250mm/파워 위치:하단후면/[부가기능]/RGB 컨트롤/LED 색상:ARGB",https://img.danuri.io/catalog-image/687/946/076/b0ac9844007141ef9eebdd7c1d789bb8.jpg?shrink=80:80,False,
2026-08-22,케이스,"darkFlash,앱코",123993804,darkFlash DMO21 (블랙),22430,"미니ITX/지원보드규격:M-ATX,ITX/VGA 길이:300mm/CPU쿨러 높이:160mm/미니타워/[패널]/전면 패널 타입:일반(솔리드)/측면 패널 타입:통풍구/[쿨러/튜닝]/쿨링팬:총1개/후면:120mm x1/[크기]/너비(W):195mm/높이(H):387mm/깊이(D):325mm/[호환성]/파워 장착 길이:160mm/파워 위치:하단후면",https://img.danuri.io/catalog-image/804/993/123/011248d53fda428683747bdaab3bdf7a.jpeg?shrink=80:80,False,
2026-08-22,케이스,"darkFlash,앱코",123134410,darkFlash FLOATRON F1 ARGB (화이트 블랙),125370,"ATX 케이스/지원보드규격:ATX,ATX (후면커넥터),M-ATX,M-ATX (후면커넥터),ITX/VGA 길이:415mm/CPU쿨러 높이:180mm/미들타워/[패널]/전면 패널 타입:강화유리/측면 패널 타입:강화유리/[크기]/너비(W):240mm/높이(H):464mm/깊이(D):452mm/[호환성]/지원파워규격:표준-ATX/파워 장착 길이:200mm/파워 위치:하단후면/[부가기능]/LED 색상:ARGB",https://img.danuri.io/catalog-image/410/134/123/4954c6616da64bd1a0f1eacd6efde3e0.jpeg?shrink=80:80,False,
2026-08-22,케이스,"darkFlash,앱코",60321872,darkFlash DS900M RGB 강화유리 (화이트),48870,"M-ATX 케이스/지원보드규격:M-ATX,M-ITX/VGA 길이:425mm/CPU쿨러 높이:170mm/미니타워/[패널]/전면 패널 타입:강화유리/측면 패널 타입:강화유리/[쿨러/튜닝]/쿨링팬:총3개/LED팬:3개/후면:120mm LED x1/내부 측면:120mm LED x2/[크기]/너비(W):218mm/깊이(D):434mm/높이(H):414mm/[호환성]/지원파워규격:표준-ATX/파워 장착 길이:260mm/파워 위치:하단후면/[부가기능]/LED 색상:RGB",https://img.danuri.io/catalog-image/872/321/060/1d574bd49b9642d2871c24b87ecd58e3.jpg?shrink=80:80,False,
2026-08-22,케이스,"darkFlash,앱코",89861615,darkFlash DCM33 RGB (블랙),36300,"M-ATX 케이스/지원보드규격:M-ATX,ITX/VGA 길이:325mm/CPU쿨러 높이:155mm/미니타워/[패널]/전면 패널 타입:강화유리/측면 패널 타입:강화유리/[쿨러/튜닝]/쿨링팬:총3개/LED팬:3개/후면:120mm LED x1/내부 측면:120mm LED x2/[크기]/너비(W):275mm/깊이(D):335mm/높이(H):327mm/[호환성]/지원파워규격:표준-ATX/파워 장착 길이:160mm/파워 위치:하단후면/[부가기능]/LED 색상:RGB",https://img.danuri.io/catalog-image/615/861/089/f4a68143884d481a8edbae6c89f037c6.jpg?shrink=80:80,False,
2026-08-22,케이스,"darkFlash,앱코",72723491,darkFlash DCM30 RGB 강화유리 (블랙),34100,"ATX 케이스/지원보드규격:M-ATX,M-ITX/VGA 길이:325mm/CPU쿨러 높이:155mm/미니타워/[패널]/전면 패널 타입:강화유리/측면 패널 타입:강화유리/[쿨러/튜닝]/쿨링팬:총3개/LED팬:3개/후면:120mm/내부 측면:120mm/[크기]/너비(W):275mm/깊이(D):333mm/높이(H):323mm/[호환성]/지원파워규격:표준-ATX/파워 장착 길이:160mm/파워 위치:하단후면/[부가기능]/LED 색상:RGB",https://img.danuri.io/catalog-image/491/723/072/80bf43d0541b47c489d126b83bd3f92c.jpg?shrink=80:80,False,
2026-08-22,케이스,"darkFlash,앱코",73616639,앱코 SUITMASTER MF360 리얼우드 (블랙),74250,"ATX 케이스/지원보드규격:ATX,M-ATX,M-ITX/VGA 길이:410mm/CPU쿨러 높이:165mm/미들타워/[패널]/측면 패널 타입:강화유리/측면 개폐 방식:스윙도어/[쿨러/튜닝]/쿨링팬:총4개/후면:120mm x1/전면:140mm x3/[크기]/너비(W):210mm/깊이(D):465mm/높이(H):485mm/[호환성]/지원파워규격:표준-ATX/파워 장착 길이:250mm/파워 위치:하단후면",https://img.danuri.io/catalog-image/639/616/073/7572ca1f9c884f2e9a6d83413e3823ee.jpg?shrink=80:80,False,
2026-08-22,케이스,"darkFlash,앱코",92187578,darkFlash DW500 우드 MESH RGB (블랙),68290,"ATX 케이스/지원보드규격:ATX,M-ATX,ITX/VGA 길이:425mm/CPU쿨러 높이:170mm/미들타워/[패널]/전면 패널 타입:메쉬/측면 패널 타입:강화유리/[쿨러/튜닝]/쿨링팬:총4개/LED팬:4개/후면:120mm LED x1/전면:120mm LED x3/[크기]/너비(W):218mm/깊이(D):470mm/높이(H):454mm/[호환성]/지원파워규격:표준-ATX/파워 장착 길이:260mm/파워 위치:하단후면/[부가기능]/LED 색상:RGB",https://img.danuri.io/catalog-image/578/187/092/13631001f4c84c25a7da51aa4f42b14b.jpg?shrink=80:80,False,
2026-08-22,케이스,"darkFlash,앱코",80464100,darkFlash DB460M MESH RGB (블랙),42340,"M-ATX 케이스/지원보드규격:M-ATX,M-ITX/VGA 길이:420mm/CPU쿨러 높이:174mm/미니타워/[패널]/전면 패널 타입:메쉬/측면 패널 타입:강화유리/[쿨러/튜닝]/쿨링팬:총3개/LED팬:3개/후면:120mm LED x1/전면:120mm LED x2/[크기]/너비(W):220mm/깊이(D):469mm/높이(H):408mm/[호환성]/지원파워규격:표준-ATX/파워 장착 길이:240mm/파워 위치:하단후면/[부가기능]/LED 색상:RGB",https://img.danuri.io/catalog-image/100/464/080/b334e1703d8e4f89ab1ff10cabf53dab.jpg?shrink=80:80,False,
2026-08-22,케이스,"darkFlash,앱코",14705840,앱코 NCORE G30 트루포스 (블랙),49170,"ATX 케이스/지원보드규격:ATX,M-ATX,M-ITX/VGA 길이:340mm/CPU쿨러 높이:175mm/미들타워/[패널]/전면 패널 타입:메쉬/측면 패널 타입:강화유리/[쿨러/튜닝]/쿨링팬:총6개/LED팬:4개/후면:120mm LED x1/전면:120mm LED x3/상단:120mm x2/[크기]/너비(W):225mm/깊이(D):385mm/높이(H):485mm/[호환성]/지원파워규격:표준-ATX/파워 장착 길이:345mm/파워 위치:하단후면",https://img.danuri.io/catalog-image/840/705/014/dc9a6a43f70c49a3aae3fd06baef9968.jpg?shrink=80:80,False,
2026-08-22,케이스,"darkFlash,앱코",60321833,darkFlash DS900M RGB 강화유리 (블랙),47300,"M-ATX 케이스/지원보드규격:M-ATX,M-ITX/VGA 길이:425mm/CPU쿨러 높이:170mm/미니타워/[패널]/전면 패널 타입:강화유리/측면 패널 타입:강화유리/[쿨러/튜닝]/쿨링팬:총3개/LED팬:3개/후면:120mm LED x1/내부 측면:120mm LED x2/[크기]/너비(W):218mm/깊이(D):434mm/높이(H):414mm/[호환성]/지원파워규격:표준-ATX/파워 장착 길이:260mm/파워 위치:하단후면/[부가기능]/LED 색상:RGB",https://img.danuri.io/catalog-image/833/321/060/24e23ad947f34b41bb7b1e1fa355f7e0.jpg?shrink=80:80,False,
2026-08-22,케이스,"darkFlash,앱코",94088744,앱코 G26 메가플로우 MESH (화이트),46420,"ATX 케이스/지원보드규격:ATX,M-ATX,M-ITX/VGA 길이:400mm/CPU쿨러 높이:165mm/미들타워/[패널]/전면 패널 타입:메쉬/측면 패널 타입:강화유리/[쿨러/튜닝]/쿨링팬:총3개/LED팬:3개/후면:120mm LED x1/전면:140mm LED x2/[크기]/너비(W):212mm/깊이(D):420mm/높이(H):485mm/[호환성]/지원파워규격:표준-ATX/파워 장착 길이:200mm/파워 위치:하단후면/[부가기능]/LED 색상:RGB",https://img.danuri.io/catalog-image/744/088/094/0b9c4c9f7d1149d580feea53842d2fc2.jpg?shrink=80:80,False,
2026-08-22,케이스,"darkFlash,앱코",99735608,darkFlash DY460 ARGB BTF (화이트),98260,"ATX 케이스/지원보드규격:ATX,ATX (후면커넥터),M-ATX,M-ATX (후면커넥터),ITX/VGA 길이:410mm/CPU쿨러 높이:175mm/미들타워/[패널]/전면 패널 타입:강화유리/측면 패널 타입:강화유리/[쿨러/튜닝]/쿨링팬:총4개/LED팬:4개/후면:120mm LED x1/전면:120mm LED x3/[크기]/너비(W):238mm/깊이(D):452mm/높이(H):541mm/지원파워규격:표준-ATX/파워 장착 길이:260mm/파워 위치:하단후면/[부가기능]/LED 색상:ARGB",https://img.danuri.io/catalog-image/608/735/099/ef8d438845a84e7c8484689caebbd49c.jpg?shrink=80:80,False,
2026-08-22,케이스,"darkFlash,앱코",101013590,darkFlash DS500M RGB (블랙),42460,"M-ATX 케이스/지원보드규격:M-ATX,ITX/VGA 길이:405mm/CPU쿨러 높이:165mm/미니타워/[패널]/전면 패널 타입:강화유리/측면 패널 타입:강화유리/[쿨러/튜닝]/쿨링팬:총3개/LED팬:3개/후면:120mm LED x1/내부 측면:120mm LED x2/[크기]/너비(W):210mm/깊이(D):413mm/높이(H):450mm/[호환성]/지원파워규격:표준-ATX/파워 장착 길이:230mm/파워 위치:하단후면/[부가기능]/LED 색상:RGB",https://img.danuri.io/catalog-image/590/013/101/6eb2f492975c43de8a751732a5aa3c17.jpg?shrink=80:80,False,
2026-08-22,케이스,"darkFlash,앱코",9376491,darkFlash DLM21 RGB MESH 강화유리 (화이트),58540,"M-ATX 케이스/지원보드규격:M-ATX,M-ITX/VGA 길이:330mm/CPU쿨러 높이:160mm/미니타워/[패널]/전면 패널 타입:메쉬/측면 패널 타입:강화유리/측면 개폐 방식:스윙도어/[쿨러/튜닝]/쿨링팬:총4개/LED팬:4개/후면:120mm LED x1/전면:120mm LED x3/[크기]/너비(W):208mm/깊이(D):376mm/높이(H):425mm/[호환성]/지원파워규격:표준-ATX/파워 장착 길이:210mm/파워 위치:하단후면/[부가기능]/RGB 컨트롤/LED 색상:RGB/[변경사항]/24년 7월 전면팬 120mm LED x2 → x3 으로 변경 / 후면팬 C6M → C6AM 변경",https://img.danuri.io/catalog-image/491/376/009/b47f6f813e56433f844704f19c759f2c.jpg?shrink=80:80,False,
2026-08-22,케이스,"darkFlash,앱코",64392029,앱코 U40M 웨일샤크 ARGB BTF (블랙),56320,"M-ATX 케이스/지원보드규격:M-ATX,M-ATX (후면커넥터),M-ITX/VGA 길이:410mm/CPU쿨러 높이:160mm/미니타워/[패널]/전면 패널 타입:강화유리/측면 패널 타입:강화유리/측면 개폐 방식:버튼/[쿨러/튜닝]/쿨링팬:총3개/LED팬:3개/후면:120mm LED x1/내부 측면:120mm LED x2/[크기]/너비(W):218mm/깊이(D):420mm/높이(H):395mm/[호환성]/지원파워규격:표준-ATX/파워 장착 길이:240mm/파워 위치:하단후면/[부가기능]/LED 색상:ARGB",https://img.danuri.io/catalog-image/029/392/064/9dca9f2d2962473594c03e9ad552edc8.jpg?shrink=80:80,False,
2026-08-22,케이스,"darkFlash,앱코",91348970,앱코 UD20M 미니웨일 (블랙),25850,"M-ATX 케이스/지원보드규격:M-ATX,M-ITX/VGA 길이:325mm/CPU쿨러 높이:155mm/미니타워/[패널]/전면 패널 타입:강화유리/측면 패널 타입:강화유리/[쿨러/튜닝]/쿨링팬:총3개/LED팬:3개/후면:120mm LED  x1/하단:120mm LED x2/[크기]/너비(W):335mm/깊이(D):275mm/높이(H):353mm/[호환성]/지원파워규격:표준-ATX/파워 장착 길이:210mm/파워 위치:하단후면/[부가기능]/LED 색상:RGB",https://img.danuri.io/catalog-image/970/348/091/3ee04a03650e4167941e291ff12389c8.jpg?shrink=80:80,False,
2026-08-22,케이스,"darkFlash,앱코",15894449,앱코 SUITMASTER H2000 스마트 쿨링 (화이트),78650,"ATX 케이스/지원보드규격:ATX,M-ATX/VGA 길이:410mm/CPU쿨러 높이:180mm/미들타워/수직 PCI형태:기본형/[패널]/측면 패널 타입:통풍구/[쿨러/튜닝]/쿨링팬:총4개/후면:140mm x1/전면:140mm x3/[크기]/너비(W):230mm/깊이(D):480mm/높이(H):485mm/[호환성]/지원파워규격:표준-ATX/파워 장착 길이:230mm/파워 위치:하단후면",https://img.danuri.io/catalog-image/449/894/015/807fe592a21e46b0beb95ddab51a53ec.jpg?shrink=80:80,False,
2026-08-22,케이스,"darkFlash,앱코",13381634,darkFlash DK200 RGB 강화유리 (화이트),44740,"ATX 케이스/지원보드규격:ATX,M-ATX,M-ITX/VGA 길이:320mm/CPU쿨러 높이:160mm/미들타워/[패널]/전면 패널 타입:메쉬/측면 패널 타입:강화유리/[쿨러/튜닝]/쿨링팬:총6개/LED팬:4개/후면:120mm LED x1/전면:120mm LED x3/상단:120mm x2/[크기]/너비(W):200mm/깊이(D):365mm/높이(H):441mm/[호환성]/지원파워규격:표준-ATX/파워 장착 길이:185mm/파워 위치:하단후면/[부가기능]/LED 색상:RGB/[변경사항]/24년 6월 팬 LED ON/OFF 버튼 추가",https://img.danuri.io/catalog-image/634/381/013/07ce7a2802a34ec2a0a2212d8ab7cdf8.jpg?shrink=80:80,False,
2026-08-22,케이스,"darkFlash,앱코",101632598,앱코 U10M 큐빅 라이트 (화이트),22770,"M-ATX 케이스/지원보드규격:M-ATX,M-ITX/VGA 길이:300mm/CPU쿨러 높이:160mm/미니타워/[패널]/전면 패널 타입:강화유리/측면 패널 타입:강화유리/[쿨러/튜닝]/쿨링팬:총1개/LED팬:1개/후면:120mm LED x1/[크기]/너비(W):195mm/깊이(D):310mm/높이(H):422mm/[호환성]/지원파워규격:표준-ATX/파워 위치:하단후면/[부가기능]/LED 색상:RGB",https://img.danuri.io/catalog-image/598/632/101/1a2f430540dc40bcbce790aea209a21f.jpg?shrink=80:80,False,
2026-08-22,케이스,"darkFlash,앱코",94088714,앱코 G26 메가플로우 MESH (블랙),40370,"ATX 케이스/지원보드규격:ATX,M-ATX,M-ITX/VGA 길이:400mm/CPU쿨러 높이:165mm/미들타워/[패널]/전면 패널 타입:메쉬/측면 패널 타입:강화유리/[쿨러/튜닝]/쿨링팬:총3개/LED팬:3개/후면:120mm LED x1/전면:140mm LED x2/[크기]/너비(W):212mm/깊이(D):420mm/높이(H):485mm/[호환성]/지원파워규격:표준-ATX/파워 장착 길이:200mm/파워 위치:하단후면/[부가기능]/LED 색상:RGB",https://img.danuri.io/catalog-image/714/088/094/99219179c3764cc793456fb10b76b248.jpg?shrink=80:80,False,
2026-08-22,케이스,"darkFlash,앱코",49645922,darkFlash DRX90 MESH RGB 강화유리 (블랙),58210,"ATX 케이스/지원보드규격:ATX,M-ATX,M-ITX/VGA 길이:395mm/CPU쿨러 높이:185mm/미들타워/[패널]/전면 패널 타입:메쉬/측면 패널 타입:강화유리/[쿨러/튜닝]/쿨링팬:총4개/LED팬:4개/후면:120mm LED X1/전면:120mm LED X3/[크기]/너비(W):230mm /깊이(D):465mm/높이(H):460mm/[호환성]/지원파워규격:표준-ATX/파워 장착 길이:280mm/파워 위치:하단후면/[부가기능]/LED 색상:RGB",https://img.danuri.io/catalog-image/922/645/049/efa2c6f593234876b4ada74a781e81e9.jpg?shrink=80:80,False,
2026-08-22,케이스,"darkFlash,앱코",72723299,darkFlash DQX80 ARGB BTF (블랙),87760,"ATX 케이스/지원보드규격:ATX,ATX (후면커넥터),M-ATX,M-ATX (후면커넥터),ITX/VGA 길이:415mm/CPU쿨러 높이:160mm/미들타워/[패널]/전면 패널 타입:강화유리/측면 패널 타입:강화유리/[쿨러/튜닝]/쿨링팬:총4개/LED팬:4개/후면:120mm/내부 측면:120mm/[크기]/너비(W):285mm/깊이(D):426mm/높이(H):448mm/[호환성]/지원파워규격:표준-ATX/파워 장착 길이:220mm/파워 위치:상단/[부가기능]/LED 색상:RGB",https://img.danuri.io/catalog-image/299/723/072/b5f1abca276c483e967930dc42161da5.jpg?shrink=80:80,False,
2026-08-22,케이스,"darkFlash,앱코",2932047,앱코 NCORE NBOX 탱고,0,"M-ATX 케이스/지원보드규격:M-ATX,M-ITX/VGA 길이:최대 250mm/CPU쿨러 높이:최대 135mm/미니타워/[패널]/측면 패널 타입:통풍구/후면:80mm/[크기]/너비(W):167mm/깊이(D):300mm/높이(H):352mm/[호환성]/지원파워규격:표준-ATX/파워 위치:상단/[변경사항]/2020년 2월 내부 섀시 변경",https://img.danuri.io/catalog-image/047/932/002/7ef0fec93d634270ba5882d234af575b.jpg?shrink=80:80,True,가격정보없음(판매준비/판매중지)
2026-08-22,케이스,"darkFlash,앱코",17525405,darkFlash DLX200 MESH RGB 강화유리 (화이트),0,"ATX 케이스/지원보드규격:E-ATX,ATX,M-ATX,ITX/VGA 길이:395mm/CPU쿨러 높이:180mm/미들타워/[패널]/전면 패널 타입:메쉬/측면 패널 타입:강화유리/측면 개폐 방식:스윙도어/[쿨러/튜닝]/쿨링팬:총4개/LED팬:4개/후면:140mm LED x1/전면:140mm LED x3/[크기]/너비(W):233mm/깊이(D):468mm/높이(H):495mm/[호환성]/지원파워규격:표준-ATX/파워 장착 길이:240mm/파워 위치:하단후면/[부가기능]/외부LED 컨트롤/LED 색상:RGB",https://img.danuri.io/catalog-image/405/525/017/de6348f4a99d49688d7d4877a5474893.jpg?shrink=80:80,True,가격정보없음(판매준비/판매중지)
2026-08-22,케이스,"darkFlash,앱코",13381619,darkFlash DK200 RGB 강화유리 (블랙),42090,"ATX 케이스/지원보드규격:ATX,M-ATX,M-ITX/VGA 길이:320mm/CPU쿨러 높이:160mm/미들타워/[패널]/전면 패널 타입:메쉬/측면 패널 타입:강화유리/[쿨러/튜닝]/쿨링팬:총6개/LED팬:4개/후면:120mm LED x1/전면:120mm LED x3/상단:120mm x2/[크기]/너비(W):200mm/깊이(D):365mm/높이(H):441mm/[호환성]/지원파워규격:표준-ATX/파워 장착 길이:185mm/파워 위치:하단후면/[부가기능]/LED 색상:RGB/[변경사항]/24년 6월 팬 LED ON/OFF 버튼 추가",https://img.danuri.io/catalog-image/619/381/013/103ae32ce4e04852a3ecdc1ed828fab7.jpg?shrink=80:80,False,
2026-08-22,케이스,"darkFlash,앱코",92187584,darkFlash DW500 우드 MESH RGB (화이트),73630,"ATX 케이스/지원보드규격:ATX,M-ATX,ITX/VGA 길이:425mm/CPU쿨러 높이:170mm/미들타워/[패널]/전면 패널 타입:메쉬/측면 패널 타입:강화유리/[쿨러/튜닝]/쿨링팬:총4개/LED팬:4개/후면:120mm LED x1/전면:120mm LED x3/[크기]/너비(W):218mm/깊이(D):470mm/높이(H):454mm/[호환성]/지원파워규격:표준-ATX/파워 장착 길이:260mm/파워 위치:하단후면/[부가기능]/LED 색상:RGB",https://img.danuri.io/catalog-image/584/187/092/23949fccbf19454fbb7236cec89cc6bc.jpg?shrink=80:80,False,
2026-08-22,케이스,"darkFlash,앱코",71904638,darkFlash DP430 MESH RGB 강화유리 (화이트),48550,"ATX 케이스/지원보드규격:ATX,M-ATX,M-ITX/VGA 길이:395mm/CPU쿨러 높이:180mm/미들타워/[패널]/전면 패널 타입:메쉬/측면 패널 타입:강화유리/측면 개폐 방식:스윙도어/[쿨러/튜닝]/쿨링팬:총4개/LED팬:4개/후면:120mm LED x1/전면:120mm LED x3/[크기]/너비(W):230mm/깊이(D):460mm/높이(H):456mm/[호환성]/지원파워규격:표준-ATX/파워 장착 길이:280mm/파워 위치:하단후면/[부가기능]/LED 색상:RGB",https://img.danuri.io/catalog-image/638/904/071/c9b84c970ba04ddd950c01bf91f34013.jpg?shrink=80:80,False,
2026-08-22,케이스,"darkFlash,앱코",93804113,darkFlash DS900G ARGB (블랙),82700,"ATX 케이스/지원보드규격:ATX,M-ATX,ITX/VGA 길이:425mm/CPU쿨러 높이:170mm/미들타워/[패널]/전면 패널 타입:강화유리/측면 패널 타입:강화유리/[쿨러/튜닝]/쿨링팬:총4개/LED팬:4개/후면:120mm LED x1/내부 측면:120mm LED x3/[크기]/너비(W):218mm/깊이(D):434mm/높이(H):454mm/[호환성]/지원파워규격:표준-ATX/파워 장착 길이:260mm/파워 위치:하단후면/[부가기능]/LED 색상:ARGB",https://img.danuri.io/catalog-image/113/804/093/5c0af5984d4e494c9df42a74451dedd3.jpg?shrink=80:80,False,
2026-08-22,케이스,"darkFlash,앱코",91497431,darkFlash DY570 ARGB BTF (화이트),224610,"ATX 케이스/지원보드규격:ATX,ATX (후면커넥터),M-ATX,ITX/VGA 길이:400mm/CPU쿨러 높이:180mm/미들타워/수직 PCI형태:슬롯변경형/[패널]/전면 패널 타입:강화유리/측면 패널 타입:강화유리/[쿨러/튜닝]/쿨링팬:총4개/LED팬:4개/후면:120mm LED x1/내부 측면:120mm LED x3/[크기]/너비(W):30mm/깊이(D):479mm/높이(H):466mm/[호환성]/지원파워규격:표준-ATX/파워 장착 길이:200mm/파워 위치:상단/[부가기능]/팬 컨트롤/RGB 컨트롤/LED 색상:ARGB",https://img.danuri.io/catalog-image/431/497/091/7846a92f932740669a6e20b4358c0c37.jpg?shrink=80:80,False,
2026-08-22,케이스,"darkFlash,앱코",76160312,앱코 UH40 킬러웨일 ARGB (블랙),64900,"ATX 케이스/지원보드규격:ATX,M-ATX,M-ITX/VGA 길이:410mm/CPU쿨러 높이:165mm/미들타워/[패널]/전면 패널 타입:강화유리/측면 패널 타입:강화유리/[쿨러/튜닝]/쿨링팬:총5개/LED팬:5개/후면:120mm LED x1/하단:120mm LED x1/내부 측면:120mm LED x3/[크기]/너비(W):212mm/깊이(D):435mm/높이(H):490mm/[호환성]/지원파워규격:표준-ATX/파워 장착 길이:180mm/파워 위치:하단후면/[부가기능]/LED 색상:ARGB",https://img.danuri.io/catalog-image/312/160/076/e3d39b25ddd44376a122aec9e620b730.jpg?shrink=80:80,False,
2026-08-22,케이스,"darkFlash,앱코",27922328,앱코 O20M 오피스 (블랙),23870,"M-ATX 케이스/지원보드규격:M-ATX,M-ITX/VGA 길이:260mm/CPU쿨러 높이:145mm/미니타워/[패널]/측면 패널 타입:통풍구/[쿨러/튜닝]/쿨링팬:총1개/후면:92mm x1/[크기]/너비(W):165mm/깊이(D):280mm/높이(H):350mm/[호환성]/지원파워규격:표준-ATX/파워 장착 길이:140~275mm/파워 위치:상단",https://img.danuri.io/catalog-image/328/922/027/a7639444f5984e42b84c8fd675b92a4a.jpg?shrink=80:80,False,
2026-08-22,케이스,"darkFlash,앱코",15063971,앱코 NCORE G30 트루포스 (화이트),45100,"ATX 케이스/지원보드규격:ATX,M-ATX,M-ITX/VGA 길이:340mm/CPU쿨러 높이:175mm/미들타워/[패널]/전면 패널 타입:메쉬/측면 패널 타입:강화유리/[쿨러/튜닝]/쿨링팬:총6개/LED팬:4개/후면:120mm LED x1/전면:120mm LED x3/상단:120mm x2/[크기]/너비(W):225mm/깊이(D):385mm/높이(H):485mm/[호환성]/지원파워규격:표준-ATX/파워 장착 길이:345mm/파워 위치:하단후면",https://img.danuri.io/catalog-image/971/063/015/41bc9ec32492446390378580c6d8add5.jpg?shrink=80:80,False,
2026-08-22,케이스,"darkFlash,앱코",89861651,darkFlash DCM33 RGB (화이트),38830,"M-ATX 케이스/지원보드규격:M-ATX,ITX/VGA 길이:325mm/CPU쿨러 높이:155mm/미니타워/[패널]/전면 패널 타입:강화유리/측면 패널 타입:강화유리/[쿨러/튜닝]/쿨링팬:총3개/LED팬:3개/후면:120mm LED x1/내부 측면:120mm LED x2/[크기]/너비(W):275mm/깊이(D):335mm/높이(H):327mm/[호환성]/지원파워규격:표준-ATX/파워 장착 길이:160mm/파워 위치:하단후면/[부가기능]/LED 색상:RGB",https://img.danuri.io/catalog-image/651/861/089/323c25acfa164417a5198189c94546ce.jpg?shrink=80:80,False,
2026-08-22,케이스,"darkFlash,앱코",76946669,darkFlash DF4100 MESH ARGB BTF (블랙),78070,"ATX 케이스/지원보드규격:E-ATX,ATX,ATX (후면커넥터),M-ATX,M-ATX (후면커넥터),ITX/VGA 길이:435mm/CPU쿨러 높이:185mm/수직 PCI형태:슬롯변경형/[패널]/전면 패널 타입:메쉬/측면 패널 타입:강화유리/[쿨러/튜닝]/쿨링팬:총4개/LED팬:4개/후면:140mm LED x1/전면:140mm LED x3/[크기]/너비(W):235mm/깊이(D):485mm/높이(H):505mm/[호환성]/지원파워규격:표준-ATX/파워 장착 길이:250mm/파워 위치:하단후면/[부가기능]/RGB 컨트롤/LED 색상:ARGB",https://img.danuri.io/catalog-image/669/946/076/2692f842e18f44f597f93788328b77fa.jpg?shrink=80:80,False,
2026-08-22,케이스,"darkFlash,앱코",72723506,darkFlash DCM30 RGB 강화유리 (화이트),38830,"ATX 케이스/지원보드규격:M-ATX,M-ITX/VGA 길이:325mm/CPU쿨러 높이:155mm/미니타워/[패널]/전면 패널 타입:강화유리/측면 패널 타입:강화유리/[쿨러/튜닝]/쿨링팬:총3개/LED팬:3개/후면:120mm/내부 측면:120mm/[크기]/너비(W):275mm/깊이(D):333mm/높이(H):323mm/[호환성]/지원파워규격:표준-ATX/파워 장착 길이:160mm/파워 위치:하단후면/[부가기능]/LED 색상:RGB",https://img.danuri.io/catalog-image/506/723/072/084aa3917b7146559b5175e2441d6c26.jpg?shrink=80:80,False,
2026-08-22,케이스,"darkFlash,앱코",94880948,darkFlash DS900XL 우드 ARGB (블랙),97720,"ATX 케이스/지원보드규격:ATX,ATX (후면커넥터),M-ATX,M-ATX (후면커넥터),ITX/VGA 길이:420mm/CPU쿨러 높이:180mm/미들타워/수직 PCI형태:슬롯변경형/[패널]/전면 패널 타입:강화유리/측면 패널 타입:강화유리/[쿨러/튜닝]/쿨링팬:총4개/LED팬:4개/후면:140mm LED x1/내부 측면:140mm LED x3/[크기]/너비(W):258mm/깊이(D):450m/높이(H):491mm/[호환성]/지원파워규격:표준-ATX/파워 장착 길이:280mm/파워 위치:하단후면/[부가기능]/RGB 컨트롤/LED 색상:ARGB",https://img.danuri.io/catalog-image/948/880/094/6f042022bcce45ebacc38331a1571499.jpg?shrink=80:80,False,
2026-08-22,케이스,"darkFlash,앱코",91497413,darkFlash DY570 ARGB BTF (블랙),220870,"ATX 케이스/지원보드규격:ATX,ATX (후면커넥터),M-ATX,ITX/VGA 길이:400mm/CPU쿨러 높이:180mm/미들타워/수직 PCI형태:슬롯변경형/[패널]/전면 패널 타입:강화유리/측면 패널 타입:강화유리/[쿨러/튜닝]/쿨링팬:총4개/LED팬:4개/후면:120mm LED x1/내부 측면:120mm LED x3/[크기]/너비(W):30mm/깊이(D):479mm/높이(H):466mm/[호환성]/지원파워규격:표준-ATX/파워 장착 길이:200mm/파워 위치:상단/[부가기능]/팬 컨트롤/RGB 컨트롤/LED 색상:ARGB",https://img.danuri.io/catalog-image/413/497/091/14461fd29a3646e19845f377bc930222.jpg?shrink=80:80,False,
2026-08-22,케이스,"darkFlash,앱코",122617825,darkFlash DLX ULTRA MESH (화이트),146180,"ATX 케이스/지원보드규격:E-ATX,ATX,ATX (후면커넥터),M-ATX,M-ATX (후면커넥터),ITX/VGA 길이:480mm/CPU쿨러 높이:190mm/빅타워/수직 PCI형태:슬롯변경형/[패널]/전면 패널 타입:메쉬/측면 패널 타입:통풍구/[쿨러/튜닝]/쿨링팬:총4개/후면:140mm x1/전면:140mm x3/[크기]/너비(W):249mm/높이(H):535mm/깊이(D):560mm/[호환성]/지원파워규격:표준-ATX/파워 장착 길이:260mm/파워 위치:하단후면",https://img.danuri.io/catalog-image/825/617/122/257bb02dbc02486aba0503c38f1bac91.jpeg?shrink=80:80,False,
2026-08-22,케이스,"darkFlash,앱코",57307040,darkFlash DPW90M ARGB 강화유리 (블랙),65450,"M-ATX 케이스/지원보드규격:M-ATX,M-ITX/VGA 길이:445mm/CPU쿨러 높이:160mm/미니타워/[패널]/전면 패널 타입:강화유리/측면 패널 타입:강화유리/[쿨러/튜닝]/쿨링팬:총3개/LED팬:3개/후면:120mm LED x1/내부 측면:120mm LED x2/[크기]/너비(W):285mm/깊이(D):460mm/높이(H):370mm/[호환성]/지원파워규격:표준-ATX/파워 장착 길이:248mm/파워 위치:하단후면/[부가기능]/LED 색상:ARGB",https://img.danuri.io/catalog-image/040/307/057/fc4787859f0e4f1793d76fc6c2a6a6c9.jpg?shrink=80:80,False,
2026-08-22,케이스,"darkFlash,앱코",80468717,darkFlash DB460M MESH RGB (화이트),45890,"M-ATX 케이스/지원보드규격:M-ATX,M-ITX/VGA 길이:420mm/CPU쿨러 높이:174mm/미니타워/[패널]/전면 패널 타입:메쉬/측면 패널 타입:강화유리/[쿨러/튜닝]/쿨링팬:총3개/LED팬:3개/후면:120mm LED x1/전면:120mm LED x2/[크기]/너비(W):220mm/깊이(D):469mm/높이(H):408mm/[호환성]/지원파워규격:표준-ATX/파워 장착 길이:240mm/파워 위치:하단후면/[부가기능]/LED 색상:RGB",https://img.danuri.io/catalog-image/717/468/080/4523128f93404dacbb15c83b711486d0.jpg?shrink=80:80,False,
2026-08-22,케이스,"darkFlash,앱코",18190991,darkFlash DS5000 MESH 강화유리 (화이트),130230,"ATX 케이스/지원보드규격:E-ATX,ATX,M-ATX,M-ITX/VGA 길이:340mm/CPU쿨러 높이:185mm/미들타워/수직 PCI형태:슬롯변경형/[패널]/전면 패널 타입:메쉬/측면 패널 타입:강화유리/[쿨러/튜닝]/쿨링팬:총5개/후면:140mm x1/하단:120mm x4/[크기]/너비(W):245mm/깊이(D):538mm/높이(H):415mm/[호환성]/지원파워규격:표준-ATX/파워 장착 길이:200mm/파워 위치:측면/우측면 에어홀",https://img.danuri.io/catalog-image/991/190/018/87a65c40af2548b3a524bcd56d231f53.jpg?shrink=80:80,False,
2026-08-22,케이스,"darkFlash,앱코",30140324,앱코 NCORE R320 SYNC,99000,"ATX 케이스/지원보드규격:E-ATX,ATX,M-ATX,ITX/VGA 길이:315mm/CPU쿨러 높이:190mm/빅타워/[패널]/전면 패널 타입:일반(솔리드)/측면 패널 타입:강화유리/[쿨러/튜닝]/쿨링팬:총6개/후면:120mm x2/하단:120mm x2/내부 상단:120mm x2/[크기]/너비(W):262mm/깊이(D):370mm/높이(H):567mm/[호환성]/지원파워규격:표준-ATX/파워 장착 길이:300mm/파워 위치:상단/[부가기능]/팬 컨트롤/RGB 컨트롤/LED 색상:ARGB/[변경사항]/24년 5월 팬키트 리모컨 비포함으로 변경",https://img.danuri.io/catalog-image/324/140/030/886d5e096cd64885b49397249fac9700.jpg?shrink=80:80,False,
2026-08-22,케이스,"darkFlash,앱코",9376470,darkFlash DLM21 RGB MESH 강화유리 (블랙),58320,"M-ATX 케이스/지원보드규격:M-ATX,M-ITX/VGA 길이:330mm/CPU쿨러 높이:160mm/미니타워/[패널]/전면 패널 타입:메쉬/측면 패널 타입:강화유리/측면 개폐 방식:스윙도어/[쿨러/튜닝]/쿨링팬:총4개/LED팬:4개/후면:120mm LED x1/전면:120mm LED x3/[크기]/너비(W):208mm/깊이(D):376mm/높이(H):425mm/[호환성]/지원파워규격:표준-ATX/파워 장착 길이:210mm/파워 위치:하단후면/[부가기능]/RGB 컨트롤/LED 색상:RGB/[변경사항]/24년 7월 전면팬 120mm LED x2 → x3 으로 변경 / 후면팬 C6M → C6AM 변경",https://img.danuri.io/catalog-image/470/376/009/557778246ee348b78716373f7c45a751.jpg?shrink=80:80,False,
2026-08-22,케이스,"darkFlash,앱코",68440847,darkFlash DY470 ARGB 강화유리 (블랙),123200,"ATX 케이스/지원보드규격:ATX,ATX (후면커넥터),M-ATX,M-ITX/VGA 길이:410mm/CPU쿨러 높이:175mm/미들타워/[패널]/전면 패널 타입:강화유리/측면 패널 타입:강화유리/[쿨러/튜닝]/쿨링팬:총4개/LED팬:4개/후면:120mm LED x1/내부 측면:120mm LED x3/[크기]/너비(W):298mm/깊이(D):473mm/높이(H):497mm/[호환성]/지원파워규격:표준-ATX/[부가기능]/LED 색상:ARGB",https://img.danuri.io/catalog-image/847/440/068/4d043e209e7c45aba6adc875181ad00b.jpg?shrink=80:80,False,
2026-08-22,케이스,"darkFlash,앱코",18053684,darkFlash DK200 RGB ADVANCED 강화유리 (블랙),37400,"M-ATX 케이스/지원보드규격:M-ATX,M-ITX/VGA 길이:235~320mm/CPU쿨러 높이:160mm/미니타워/[패널]/전면 패널 타입:메쉬/측면 패널 타입:강화유리/[쿨러/튜닝]/쿨링팬:총4개/LED팬:4개/후면:120mm LED x1/전면:120mm LED x3/[크기]/너비(W):200mm/깊이(D):365mm/높이(H):441mm/[호환성]/지원파워규격:표준-ATX/파워 장착 길이:160~185mm/파워 위치:하단후면/[부가기능]/LED 색상:RGB",https://img.danuri.io/catalog-image/684/053/018/0ec2c0213f3f46b7af3a97c973153084.jpg?shrink=80:80,False,
2026-08-22,케이스,"darkFlash,앱코",17783147,darkFlash DK360 MESH RGB 강화유리 (화이트),52150,"ATX 케이스/지원보드규격:ATX,M-ATX,M-ITX/VGA 길이:350mm/CPU쿨러 높이:160mm/미들타워/[패널]/전면 패널 타입:메쉬/측면 패널 타입:강화유리/[쿨러/튜닝]/쿨링팬:총3개/LED팬:3개/후면:120mm LED x1/전면:185mm LED x2/[크기]/너비(W):210mm/깊이(D):405mm/높이(H):475mm/[호환성]/지원파워규격:표준-ATX/파워 장착 길이:210~360mm/파워 위치:하단후면/[부가기능]/외부LED 컨트롤/LED 색상:RGB",https://img.danuri.io/catalog-image/147/783/017/d5153467b1954d61ad1b62c00d1587da.jpg?shrink=80:80,False,
2026-08-22,케이스,"darkFlash,앱코",73885538,darkFlash DB330X RGB 강화유리 (화이트),44550,"ATX 케이스/지원보드규격:ATX,M-ATX,M-ITX/VGA 길이:360mm/CPU쿨러 높이:185mm/미들타워/[패널]/전면 패널 타입:강화유리/측면 패널 타입:강화유리/측면 개폐 방식:버튼/[쿨러/튜닝]/쿨링팬:총3개/LED팬:3개/후면:120mm LED x1/내부 측면:120mm LED x2/[크기]/너비(W):230mm/깊이(D):360mm/높이(H):436mm/[호환성]/지원파워규격:표준-ATX/파워 장착 길이:205mm/파워 위치:하단후면/[부가기능]/LED 색상:RGB",https://img.danuri.io/catalog-image/538/885/073/5d0ad677b7f44cf8b233e91fd29c6fc4.jpg?shrink=80:80,False,
2026-08-22,케이스,"darkFlash,앱코",96308750,앱코 C10M 컴팩트 (블랙),0,"M-ATX 케이스/지원보드규격:M-ATX,M-ITX/VGA 길이:230mm/CPU쿨러 높이:145mm/미니타워/[패널]/전면 패널 타입:일반(솔리드)/측면 패널 타입:통풍구/[쿨러/튜닝]/쿨링팬:총1개/후면:80mm x1/[크기]/너비(W):168mm/높이(H):340mm/깊이(D):258mm/[호환성]/지원파워규격:표준-ATX/파워 장착 길이:160mm/파워 위치:상단",https://img.danuri.io/catalog-image/750/308/096/cd36892bc6c64d558efb4a6c74d3a79e.jpg?shrink=80:80,True,가격정보없음(판매준비/판매중지)
2026-08-22,케이스,"darkFlash,앱코",18412487,앱코 SUITMASTER U1000 ONE ARGB (화이트),79200,"M-ATX 케이스/지원보드규격:M-ATX,M-ITX/VGA 길이:320mm/CPU쿨러 높이:165mm/미니타워/[패널]/전면 패널 타입:메쉬/측면 패널 타입:강화유리/측면 개폐 방식:스윙도어/[쿨러/튜닝]/쿨링팬:총2개/LED팬:2개/후면:120mm LED x1/전면:200mm LED x1/[크기]/너비(W):282mm/깊이(D):390mm/높이(H):325mm/[호환성]/지원파워규격:표준-ATX/파워 장착 길이:230~320mm/파워 위치:하단후면/[부가기능]/LED 색상:ARGB",https://img.danuri.io/catalog-image/487/412/018/d37d387fb5cf4969a79cef7c8eb52047.jpg?shrink=80:80,False,
2026-08-22,케이스,"darkFlash,앱코",74338778,darkFlash DK370 MESH RGB 강화유리 (화이트),46200,"ATX 케이스/지원보드규격:ATX,M-ATX,M-ITX/VGA 길이:340mm/CPU쿨러 높이:160mm/미들타워/[패널]/전면 패널 타입:메쉬/측면 패널 타입:강화유리/[쿨러/튜닝]/쿨링팬:총4개/LED팬:4개/후면:120mm LED x1/전면:140mm LED x3/[크기]/너비(W):210mm/깊이(D):385mm/높이(H):485mm/[호환성]/지원파워규격:표준-ATX/파워 장착 길이:220mm/파워 위치:하단후면/[부가기능]/LED 색상:RGB",https://img.danuri.io/catalog-image/778/338/074/9b8ad1c8a4dd4581ba6b181ecfcea072.jpg?shrink=80:80,False,
2026-08-22,케이스,"darkFlash,앱코",53417006,darkFlash DPX90 ARGB 강화유리 (화이트),69380,"ATX 케이스/지원보드규격:ATX,M-ATX,M-ITX/VGA 길이:425mm/CPU쿨러 높이:185mm/미들타워/[패널]/전면 패널 타입:강화유리/측면 패널 타입:강화유리/[쿨러/튜닝]/쿨링팬:총3개/LED팬:3개/후면:120mm LED x1/내부 측면:120mm LED x2/[크기]/너비(W):240mm/깊이(D):550mm/높이(H):465mm/[호환성]/지원파워규격:표준-ATX/파워 장착 길이:280mm/파워 위치:하단후면/[부가기능]/LED 색상:ARGB",https://img.danuri.io/catalog-image/006/417/053/0fe6022846dc4689aa56add82fbda700.jpg?shrink=80:80,False,
2026-08-22,케이스,"darkFlash,앱코",105967808,앱코 G31 오메가포스 세븐팬 (화이트),57200,"ATX 케이스/지원보드규격:ATX,M-ATX,M-ITX/VGA 길이:400mm/CPU쿨러 높이:165mm/미들타워/[패널]/전면 패널 타입:메쉬/측면 패널 타입:강화유리/[쿨러/튜닝]/쿨링팬:총7개/LED팬:7개/후면:120mm LED x1/전면:140mm LED x3/상단:120mm LED x3/[크기]/너비(W):212mm/높이(H):490mm/깊이(D):460mm/[호환성]/지원파워규격:표준-ATX/파워 장착 길이:200mm/파워 위치:하단후면/[부가기능]/RGB 컨트롤/LED 색상:RGB/[변경사항]/G31 오메가포스 → G31 오메가포스 세븐팬 으로 상품명 변경",https://img.danuri.io/catalog-image/808/967/105/2bdc8f4f0b4247ec966d34bf56b57569.jpg?shrink=80:80,False,
2026-08-22,케이스,"darkFlash,앱코",18053717,darkFlash DK200 RGB ADVANCED 강화유리 (화이트),43450,"M-ATX 케이스/지원보드규격:M-ATX,M-ITX/VGA 길이:235~320mm/CPU쿨러 높이:160mm/미니타워/[패널]/전면 패널 타입:메쉬/측면 패널 타입:강화유리/[쿨러/튜닝]/쿨링팬:총4개/LED팬:4개/후면:120mm LED x1/전면:120mm LED x3/[크기]/너비(W):200mm/깊이(D):365mm/높이(H):441mm/[호환성]/지원파워규격:표준-ATX/파워 장착 길이:160~185mm/파워 위치:하단후면/[부가기능]/LED 색상:RGB",https://img.danuri.io/catalog-image/717/053/018/c193cbf3a9b44d64b7da598eaeaf571d.jpg?shrink=80:80,False,
2026-08-22,케이스,"darkFlash,앱코",15050393,앱코 SUITMASTER P1000 강화유리 (화이트),59400,"ATX 케이스/지원보드규격:ATX,M-ATX,M-ITX/VGA 길이:340mm/CPU쿨러 높이:185mm/미들타워/수직 PCI형태:기본형/[패널]/전면 패널 타입:메쉬/측면 패널 타입:강화유리/측면 개폐 방식:스윙도어/[쿨러/튜닝]/쿨링팬:총4개/후면:140mm x1/전면:140mm x3/[크기]/너비(W):230mm/깊이(D):400mm/높이(H):460mm/[호환성]/지원파워규격:표준-ATX/파워 장착 길이:200 mm/파워 위치:하단후면",https://img.danuri.io/catalog-image/393/050/015/85c720dd98544b89aa06e0ce460a66c7.jpg?shrink=80:80,False,
2026-08-22,케이스,"darkFlash,앱코",29905487,앱코 SUITMASTER M2000 NOVA ARGB 강화유리 (화이트),60500,"ATX 케이스/지원보드규격:ATX,M-ATX,ITX/VGA 길이:385mm/CPU쿨러 높이:190mm/미들타워/[패널]/전면 패널 타입:메쉬/측면 패널 타입:강화유리/[쿨러/튜닝]/쿨링팬:총4개/LED팬:4개/후면:140mm LED x1/전면:140mm LED x 3/[크기]/너비(W):250mm/깊이(D):487mm/높이(H):495mm/[호환성]/지원파워규격:표준-ATX/파워 장착 길이:145~250mm/파워 위치:하단후면/[부가기능]/LED 색상:ARGB",https://img.danuri.io/catalog-image/487/905/029/3c77aa6218934af0a08ccda2a68ad3f1.jpg?shrink=80:80,False,
2026-08-22,케이스,"darkFlash,앱코",4088685,앱코 NCORE 알리,0,"M-ATX 케이스/지원보드규격:M-ATX,M-ITX/VGA 길이:최대 280mm/CPU쿨러 높이:최대 145mm/미니타워/[패널]/전면 패널 타입:일반(솔리드)/측면 패널 타입:통풍구/후면:80mm/[크기]/너비(W):190mm/깊이(D):367mm/높이(H):360mm/[호환성]/지원파워규격:표준-ATX/파워 위치:상단",https://img.danuri.io/catalog-image/685/088/004/0eb11257090946b79a68ecfe576bb739.jpg?shrink=80:80,True,가격정보없음(판매준비/판매중지)
2026-08-22,케이스,"darkFlash,앱코",94812776,앱코 U30P 마린+ 디스플레이 (블랙),53350,"ATX 케이스/지원보드규격:E-ATX,ATX,M-ATX,M-ITX/VGA 길이:400mm/CPU쿨러 높이:165mm/미들타워/[패널]/전면 패널 타입:강화유리/측면 패널 타입:강화유리/후면:120mm LED x1/내부 측면:120mm LED x2/[크기]/너비(W):212mm/깊이(D):420mm/높이(H):485mm/[호환성]/지원파워규격:표준-ATX/파워 장착 길이:200mm/파워 위치:하단후면/[부가기능]/LED 색상:RGB",https://img.danuri.io/catalog-image/776/812/094/de8a0068c673468f852a564cc95fd423.jpg?shrink=80:80,False,
2026-08-22,케이스,"darkFlash,앱코",11626910,앱코 NCORE 커넬 강화유리,35750,"ATX 케이스/지원보드규격:ATX,M-ATX,M-ITX/VGA 길이:290mm/CPU쿨러 높이:160mm/미들타워/[패널]/전면 패널 타입:메쉬/측면 패널 타입:강화유리/[쿨러/튜닝]/쿨링팬:총4개/LED팬:1개/후면:120mm LED x1/전면:120mm x3/[크기]/너비(W):205mm/깊이(D):360mm/높이(H):445mm/[호환성]/지원파워규격:표준-ATX/파워 장착 길이:170mm/파워 위치:하단후면/[부가기능]/LED 색상:RGB",https://img.danuri.io/catalog-image/910/626/011/af67979e9c764cc49e43990006ec6ef2.jpg?shrink=80:80,False,
2026-08-22,케이스,"darkFlash,앱코",18922775,darkFlash DNM600 MESH RGB (화이트),50050,"M-ATX 케이스/지원보드규격:M-ATX,M-ITX/VGA 길이:360mm/CPU쿨러 높이:165mm/미니타워/[패널]/전면 패널 타입:메쉬/측면 패널 타입:강화유리/측면 개폐 방식:스윙도어/[쿨러/튜닝]/쿨링팬:총3개/LED팬:3개/후면:120mm LED x1/전면:140mm LED x2/[크기]/너비(W):210mm/깊이(D):417mm/높이(H):451mm/[호환성]/지원파워규격:표준-ATX/파워 장착 길이:190~360mm/파워 위치:하단후면/[부가기능]/RGB 컨트롤/LED 색상:RGB",https://img.danuri.io/catalog-image/775/922/018/b419394fbd0c4434b068f0f080f6d083.jpg?shrink=80:80,False,
2026-08-22,케이스,"darkFlash,앱코",94880963,darkFlash DS900XL 우드 ARGB (화이트),103440,"ATX 케이스/지원보드규격:ATX,ATX (후면커넥터),M-ATX,M-ATX (후면커넥터),ITX/VGA 길이:420mm/CPU쿨러 높이:180mm/미들타워/수직 PCI형태:슬롯변경형/[패널]/전면 패널 타입:강화유리/측면 패널 타입:강화유리/[쿨러/튜닝]/쿨링팬:총4개/LED팬:4개/후면:140mm LED x1/내부 측면:140mm LED x3/[크기]/너비(W):258mm/깊이(D):450mm/높이(H):491mm/[호환성]/지원파워규격:표준-ATX/파워 장착 길이:280mm/파워 위치:하단후면/[부가기능]/RGB 컨트롤/LED 색상:ARGB",https://img.danuri.io/catalog-image/963/880/094/c679d151f8a141638380419e14478816.jpg?shrink=80:80,False,
2026-08-22,케이스,"darkFlash,앱코",18769988,darkFlash DNX700 MESH RGB (화이트),74300,"ATX 케이스/지원보드규격:E-ATX,ATX,M-ATX,M-ITX/VGA 길이:340~375mm/CPU쿨러 높이:165mm/미들타워/[패널]/전면 패널 타입:메쉬/측면 패널 타입:강화유리/측면 개폐 방식:스윙도어/후면:120mm LED x1/전면:140mm LED x3/[크기]/너비(W):214mm/깊이(D):441mm/높이(H):471mm/[호환성]/지원파워규격:표준-ATX/파워 장착 길이:245~368mm/파워 위치:하단후면/[부가기능]/LED 색상:RGB/[변경사항]/23년 5월 GPU 장착 크기 325~385mm → 340~375mm로 변경",https://img.danuri.io/catalog-image/988/769/018/ad3c4c31799b4aa1a0314030fd4aa9b3.jpg?shrink=80:80,False,
2026-08-22,케이스,"darkFlash,앱코",29309942,앱코 G15 세이퍼 아크릴 (화이트),44000,"ATX 케이스/지원보드규격:ATX,M-ATX,M-ITX/VGA 길이:300mm/CPU쿨러 높이:160mm/미들타워/[패널]/전면 패널 타입:메쉬/측면 패널 타입:아크릴/[쿨러/튜닝]/쿨링팬:총4개/LED팬:4개/후면:120mm LED X1/전면:120mm LED X3/[크기]/너비(W):205mm/깊이(D):350mm/높이(H):445mm/[호환성]/지원파워규격:표준-ATX/파워 장착 길이:140~150mm/파워 위치:하단후면",https://img.danuri.io/catalog-image/942/309/029/677457b2df314e669cb8c9c0731cc7d6.jpg?shrink=80:80,False,
2026-08-22,케이스,"darkFlash,앱코",93804134,darkFlash DS900G ARGB (화이트),87760,"ATX 케이스/지원보드규격:ATX,M-ATX,ITX/VGA 길이:425mm/CPU쿨러 높이:170mm/미들타워/[패널]/전면 패널 타입:강화유리/측면 패널 타입:강화유리/[쿨러/튜닝]/쿨링팬:총4개/LED팬:4개/후면:120mm LED x1/내부 측면:120mm LED x3/[크기]/너비(W):218mm/깊이(D):434mm/높이(H):454mm/[호환성]/지원파워규격:표준-ATX/파워 장착 길이:260mm/파워 위치:하단후면/[부가기능]/LED 색상:ARGB",https://img.danuri.io/catalog-image/134/804/093/efc136e4b8544d95a3c592d3d76aa144.jpg?shrink=80:80,False,
2026-08-22,케이스,"darkFlash,앱코",31412546,앱코 O10M 오피스 라이트 (화이트),22330,"M-ATX 케이스/지원보드규격:M-ATX,M-ITX/VGA 길이:260mm/CPU쿨러 높이:135mm/미니타워/[패널]/전면 패널 타입:일반(솔리드)/측면 패널 타입:통풍구/[쿨러/튜닝]/쿨링팬:총1개/후면:80mm x1/[크기]/너비(W):160mm/깊이(D):284mm/높이(H):350mm/[호환성]/지원파워규격:표준-ATX/파워 장착 길이:250mm/파워 위치:상단",https://img.danuri.io/catalog-image/546/412/031/e1aac09e330843b3955385e226a625ef.jpg?shrink=80:80,False,
2026-08-22,케이스,"darkFlash,앱코",16676309,darkFlash DK210 그래피티 ARGB 강화유리,63830,"ATX 케이스/지원보드규격:E-ATX,ATX,M-ATX,M-ITX/VGA 길이:360mm/CPU쿨러 높이:160mm/미들타워/수직 PCI형태:슬롯변경형/[패널]/전면 패널 타입:강화유리/측면 패널 타입:강화유리/[쿨러/튜닝]/쿨링팬:총1개/LED팬:1개/후면:120mm LED x1/[크기]/너비(W):210mm/깊이(D):410mm/높이(H):480mm/[호환성]/지원파워규격:표준-ATX/파워 장착 길이:200mm/파워 위치:하단후면/[부가기능]/외부LED 컨트롤/LED 색상:ARGB",https://img.danuri.io/catalog-image/309/676/016/7c266a9d85024c82928af66d8cd6a658.jpg?shrink=80:80,False,
2026-08-22,케이스,"darkFlash,앱코",16604054,앱코 SUITMASTER V2000 베놈 ARGB (화이트),49500,"ATX 케이스/지원보드규격:E-ATX,ATX,M-ATX,ITX/VGA 길이:405mm/CPU쿨러 높이:180mm/미들타워/수직 PCI형태:기본형/[패널]/전면 패널 타입:메쉬/측면 패널 타입:강화유리/측면 개폐 방식:스윙도어/[쿨러/튜닝]/쿨링팬:총4개/LED팬:4개/후면:140mm LED x1/전면:140mm LED x3/[크기]/너비(W):228mm/깊이(D):470mm/높이(H):495mm/[호환성]/파워 장착 길이:225mm/파워 위치:하단후면/[부가기능]/외부LED 컨트롤/LED 색상:ARGB",https://img.danuri.io/catalog-image/054/604/016/67f4d3d9a79843509420edc8e29ce471.jpg?shrink=80:80,False,
2026-08-22,케이스,"darkFlash,앱코",31646423,앱코 G20 에픽 강화유리 (블랙),38720,"ATX 케이스/지원보드규격:ATX,M-ATX,M-ITX/VGA 길이:325mm/CPU쿨러 높이:160mm/미들타워/[패널]/전면 패널 타입:메쉬/측면 패널 타입:강화유리/[쿨러/튜닝]/쿨링팬:총6개/LED팬:4개/후면:120mm LED x1/전면:120mm LED x3/상단:120mm x2/[크기]/너비(W):200mm/깊이(D):375mm/높이(H):453mm/[호환성]/지원파워규격:표준-ATX/[부가기능]/LED 색상:RGB",https://img.danuri.io/catalog-image/423/646/031/c1e0db5df3ae43eba8f75416cbb97afd.jpg?shrink=80:80,False,
2026-08-22,케이스,"darkFlash,앱코",95424734,앱코 U20MP 큐빅 미니+ 디스플레이 (화이트),45760,"M-ATX 케이스/지원보드규격:M-ATX,M-ITX/VGA 길이:350mm/CPU쿨러 높이:165mm/미니타워/[패널]/전면 패널 타입:강화유리/측면 패널 타입:강화유리/[쿨러/튜닝]/쿨링팬:총3개/LED팬:3개/후면:120mm LED x1/내부 측면:120mm LED x2/[크기]/너비(W):212mm/깊이(D):360mm/높이(H):453mm/[호환성]/지원파워규격:표준-ATX/파워 장착 길이:180mm/파워 위치:하단후면/[부가기능]/LED 색상:RGB",https://img.danuri.io/catalog-image/734/424/095/d0072911f0eb4231934d965c6f19a285.jpg?shrink=80:80,False,
2026-08-22,케이스,"darkFlash,앱코",31646468,앱코 G20 에픽 강화유리 (화이트),40150,"ATX 케이스/지원보드규격:ATX,M-ATX,M-ITX/VGA 길이:325mm/CPU쿨러 높이:160mm/미들타워/[패널]/전면 패널 타입:메쉬/측면 패널 타입:강화유리/[쿨러/튜닝]/쿨링팬:총6개/LED팬:4개/후면:120mm LED x1/전면:120mm LED x3/상단:120mm x2/[크기]/너비(W):200mm/깊이(D):375mm/높이(H):453mm/[호환성]/지원파워규격:표준-ATX/[부가기능]/LED 색상:RGB",https://img.danuri.io/catalog-image/468/646/031/3fe5f48e170243d5aa6cb9cd05e0e5d8.jpg?shrink=80:80,False,
2026-08-22,케이스,"darkFlash,앱코",12996623,darkFlash DLH21 (핑크),103400,미니ITX/지원보드규격:M-ITX/VGA 길이:320mm/CPU쿨러 높이:134mm/미니ITX(리틀밸리)/지원파워규격:M-ATX(SFX)/수직 PCI형태:기본형/[패널]/전면 패널 타입:메쉬/[쿨러/튜닝]/쿨링팬:총1개/상단:92mm/[크기]/너비(W):175mm/높이(H):412mm/깊이(D):238mm/[호환성]/파워 장착 길이:125mm/파워 위치:하단후면/[부가기능]/외부 LED/LED 색상:RGB,https://img.danuri.io/catalog-image/623/996/012/2e6d34515894434797a29949bfb3980f.jpg?shrink=80:80,False,
2026-08-22,케이스,"darkFlash,앱코",12985601,darkFlash DLH21 (블랙),99000,미니ITX/지원보드규격:M-ITX/VGA 길이:320mm/CPU쿨러 높이:134mm/미니ITX(리틀밸리)/지원파워규격:M-ATX(SFX)/수직 PCI형태:기본형/[패널]/전면 패널 타입:메쉬/[쿨러/튜닝]/쿨링팬:총1개/상단:92mm/[크기]/너비(W):175mm/높이(H):412mm/깊이(D):238mm/[호환성]/파워 장착 길이:125mm/파워 위치:하단후면/[부가기능]/외부 LED/LED 색상:RGB,https://img.danuri.io/catalog-image/601/985/012/bad27429d10c47479e3af30939109b0e.jpg?shrink=80:80,False,
2026-08-22,케이스,"darkFlash,앱코",68574686,앱코 UD50 블루웨일 ARGB BTF (화이트),70400,"ATX 케이스/지원보드규격:ATX,ATX (후면커넥터),M-ATX,M-ATX (후면커넥터),M-ITX/VGA 길이:418mm/CPU쿨러 높이:160mm/미들타워/[패널]/전면 패널 타입:강화유리/측면 패널 타입:강화유리/[쿨러/튜닝]/쿨링팬:총4개/LED팬:4개/후면:120mm LED X1/내부 측면:120mm LED X3/[크기]/너비(W):285mm/깊이(D):426mm/높이(H):400mm/[호환성]/지원파워규격:표준-ATX/[부가기능]/LED 색상:ARGB",https://img.danuri.io/catalog-image/686/574/068/9634c71dd0b244c781ee5d05aef23aa9.jpg?shrink=80:80,False,
2026-08-22,케이스,"darkFlash,앱코",27922283,앱코 O20M 오피스 (화이트),25190,"M-ATX 케이스/지원보드규격:M-ATX,M-ITX/VGA 길이:260mm/CPU쿨러 높이:145mm/미니타워/[패널]/측면 패널 타입:통풍구/[쿨러/튜닝]/쿨링팬:총1개/후면:92mm x1/[크기]/너비(W):165mm/깊이(D):280mm/높이(H):350mm/[호환성]/지원파워규격:표준-ATX/파워 장착 길이:140~275mm/파워 위치:상단",https://img.danuri.io/catalog-image/283/922/027/cc7fbed1e1ab48ca81756188117eb03a.jpg?shrink=80:80,False,
2026-08-22,케이스,"darkFlash,앱코",17989952,darkFlash LP20 ARGB PANEL (화이트),14850,액세서리/커버/먼지필터/5V Addressable RGB 동기화 지원 / DS2000 MESH 시리즈 호환 / 케이블 길이: 500mm + 120mm,https://img.danuri.io/catalog-image/952/989/017/8051ae099ff44d27b8569d29531d09fe.jpg?shrink=80:80,True,액세서리(대상부품아님)
2026-08-22,케이스,"darkFlash,앱코",76160333,앱코 UH40 킬러웨일 ARGB (화이트),69080,"ATX 케이스/지원보드규격:ATX,M-ATX,M-ITX/VGA 길이:410mm/CPU쿨러 높이:165mm/미들타워/[패널]/전면 패널 타입:강화유리/측면 패널 타입:강화유리/[쿨러/튜닝]/쿨링팬:총5개/LED팬:5개/후면:120mm LED x1/하단:120mm LED x1/내부 측면:120mm LED x3/[크기]/너비(W):212mm/깊이(D):435mm/높이(H):490mm/[호환성]/지원파워규격:표준-ATX/파워 장착 길이:180mm/파워 위치:하단후면/[부가기능]/LED 색상:ARGB",https://img.danuri.io/catalog-image/333/160/076/d3f38f1a67824c8b9e1e757304914d82.jpg?shrink=80:80,False,
2026-08-22,케이스,"darkFlash,앱코",95424719,앱코 U20MP 큐빅 미니+ 디스플레이 (블랙),40150,"M-ATX 케이스/지원보드규격:M-ATX,M-ITX/VGA 길이:350mm/CPU쿨러 높이:165mm/미니타워/[패널]/전면 패널 타입:강화유리/측면 패널 타입:강화유리/[쿨러/튜닝]/쿨링팬:총3개/LED팬:3개/후면:120mm LED x1/내부 측면:120mm LED x2/[크기]/너비(W):212mm/깊이(D):360mm/높이(H):453mm/[호환성]/지원파워규격:표준-ATX/파워 장착 길이:180mm/파워 위치:하단후면/[부가기능]/LED 색상:RGB",https://img.danuri.io/catalog-image/719/424/095/61d56cf9de8b4a4e92cc7e3c1a118b3c.jpg?shrink=80:80,False,
2026-08-22,케이스,"darkFlash,앱코",60063428,darkFlash PCIe 4.0 라이저 케이블 (160mm),39600,액세서리/라이저 케이블,https://img.danuri.io/catalog-image/428/063/060/3dcd661fa9e947ffa4806442aed761f0.jpg?shrink=80:80,True,액세서리(대상부품아님)
2026-08-22,케이스,"darkFlash,앱코",68577197,darkFlash GCB470 라이저 케이블 지지대 KIT (블랙),37950,액세서리/라이저 케이블/darkFlash DY470 전용 / PCI-E 4.0x16 / 길이: 160mm,https://img.danuri.io/catalog-image/197/577/068/fb99ef57e95548bfb315f6aba651c7f5.jpg?shrink=80:80,True,액세서리(대상부품아님)
2026-08-22,케이스,"darkFlash,앱코",27762230,앱코 G21M 니트,52250,"M-ATX 케이스/지원보드규격:M-ATX,M-ITX/VGA 길이:325mm/CPU쿨러 높이:157mm/미니타워/[패널]/전면 패널 타입:메쉬/측면 패널 타입:강화유리/측면 개폐 방식:스윙도어/[쿨러/튜닝]/쿨링팬:총3개/LED팬:3개/후면:120mm LED x1/전면:140mm LED x2/[크기]/너비(W):200mm/깊이(D):370mm/높이(H):425mm/[호환성]/지원파워규격:표준-ATX/파워 장착 길이:140~200mm/파워 위치:하단후면",https://img.danuri.io/catalog-image/230/762/027/25244dbaa97b4e28af281d173eaf1535.jpg?shrink=80:80,False,
2026-08-22,케이스,"darkFlash,앱코",94812809,앱코 U30P 마린+ 디스플레이 (화이트),58850,"ATX 케이스/지원보드규격:E-ATX,ATX,M-ATX,M-ITX/VGA 길이:400mm/CPU쿨러 높이:165mm/미들타워/[패널]/전면 패널 타입:강화유리/측면 패널 타입:강화유리/후면:120mm LED x1/내부 측면:120mm LED x2/[크기]/너비(W):212mm/깊이(D):420mm/높이(H):485mm/[호환성]/지원파워규격:표준-ATX/파워 장착 길이:200mm/파워 위치:하단후면/[부가기능]/LED 색상:RGB",https://img.danuri.io/catalog-image/809/812/094/ccbd6440a89849f7af582da0164ef864.jpg?shrink=80:80,False,
2026-08-22,케이스,"darkFlash,앱코",17989919,darkFlash LP20 ARGB PANEL (블랙),14850,액세서리/커버/먼지필터/5V Addressable RGB 동기화 지원 / DS2000 MESH 시리즈 호환 / 케이블 길이: 500mm + 120mm,https://img.danuri.io/catalog-image/919/989/017/de3b67a8b2164498906b6920277ac9e6.jpg?shrink=80:80,True,액세서리(대상부품아님)
2026-08-22,케이스,"darkFlash,앱코",56138012,앱코 U20M 큐빅 미니 (화이트),49930,"M-ATX 케이스/지원보드규격:M-ATX,M-ITX/VGA 길이:350mm/CPU쿨러 높이:165mm/미니타워/[패널]/전면 패널 타입:강화유리/측면 패널 타입:강화유리/측면 개폐 방식:버튼/[쿨러/튜닝]/쿨링팬:총3개/LED팬:3개/후면:120mm LED x1/내부 측면:120mm LED x2/[크기]/너비(W):212mm/깊이(D):360mm/높이(H):435mm/[호환성]/지원파워규격:표준-ATX/파워 장착 길이:350mm/파워 위치:하단후면/[부가기능]/LED 색상:RGB",https://img.danuri.io/catalog-image/012/138/056/781b9bc8cb7549219f63bbd9ca8c27da.jpg?shrink=80:80,False,
2026-08-22,케이스,"darkFlash,앱코",64392059,앱코 U40M 웨일샤크 ARGB BTF (블랙화이트),61870,"M-ATX 케이스/지원보드규격:M-ATX,M-ATX (후면커넥터),M-ITX/VGA 길이:410mm/CPU쿨러 높이:160mm/미니타워/[패널]/전면 패널 타입:강화유리/측면 패널 타입:강화유리/측면 개폐 방식:버튼/[쿨러/튜닝]/쿨링팬:총3개/LED팬:3개/후면:120mm LED x1/내부 측면:120mm LED x2/[크기]/너비(W):218mm/깊이(D):420mm/높이(H):395mm/[호환성]/지원파워규격:표준-ATX/파워 장착 길이:240mm/파워 위치:하단후면/[부가기능]/LED 색상:ARGB",https://img.danuri.io/catalog-image/059/392/064/32c2d2f0ed8e43c0bbbce11df5bbdcee.jpg?shrink=80:80,False,
2026-08-22,케이스,"darkFlash,앱코",18190976,darkFlash DS5000 MESH 강화유리 (블랙),126500,"ATX 케이스/지원보드규격:E-ATX,ATX,M-ATX,M-ITX/VGA 길이:340mm/CPU쿨러 높이:185mm/미들타워/수직 PCI형태:슬롯변경형/[패널]/전면 패널 타입:메쉬/측면 패널 타입:강화유리/[쿨러/튜닝]/쿨링팬:총5개/후면:140mm x1/하단:120mm x4/[크기]/너비(W):245mm/깊이(D):538mm/높이(H):415mm/[호환성]/지원파워규격:표준-ATX/파워 장착 길이:200mm/파워 위치:측면/우측면 에어홀",https://img.danuri.io/catalog-image/976/190/018/85f983d7625749f2af5129d927dd1130.jpg?shrink=80:80,False,
2026-08-22,케이스,"darkFlash,앱코",21583046,앱코 SUITMASTER U3000 갤러리 ARGB 강화유리 (화이트),66550,"ATX 케이스/지원보드규격:ATX,M-ATX,M-ITX/VGA 길이:245~410mm/CPU쿨러 높이:185mm/미들타워/[패널]/전면 패널 타입:강화유리/측면 패널 타입:강화유리/[쿨러/튜닝]/쿨링팬:총1개/LED팬:1개/후면:140mm LED x1/[크기]/너비(W):440mm/깊이(D):235mm/높이(H):517mm/[호환성]/파워 장착 길이:220~250mm/파워 위치:하단후면",https://img.danuri.io/catalog-image/046/583/021/eeb2c2ac43c94bcf9a7d786401d54479.jpg?shrink=80:80,False,
2026-08-22,케이스,"darkFlash,앱코",17954255,darkFlash DS2000 MESH 강화유리 (화이트),83030,"ATX 케이스/지원보드규격:ATX,M-ATX,M-ITX/VGA 길이:332mm/CPU쿨러 높이:165mm/미들타워/수직 PCI형태:슬롯변경형/[패널]/전면 패널 타입:메쉬/측면 패널 타입:강화유리/측면 개폐 방식:스윙도어/[쿨러/튜닝]/쿨링팬:총4개/후면:120mm x1/하단:120mm x3/[크기]/너비(W):220mm/깊이(D):450mm/높이(H):408mm/[호환성]/지원파워규격:표준-ATX/파워 장착 길이:200mm/파워 위치:상단전면",https://img.danuri.io/catalog-image/255/954/017/6a5486b0c077439483c868f165e10ec6.jpg?shrink=80:80,False,
2026-08-22,케이스,"darkFlash,앱코",17584163,darkFlash VB-X 4.0 라이저 케이블 지지대 KIT 215mm (블랙),68750,액세서리/라이저 케이블/길이: 215mm / PCIe 4.0x16 지원,https://img.danuri.io/catalog-image/163/584/017/8dddf19359974d6fa0185f85ceadb023.jpg?shrink=80:80,True,액세서리(대상부품아님)
2026-08-22,케이스,"darkFlash,앱코",70874867,darkFlash DRX50 MESH RGB 강화유리 (블랙),0,"ATX 케이스/지원보드규격:ATX,M-ATX,M-ITX/VGA 길이:305mm/CPU쿨러 높이:180mm/미들타워/[패널]/전면 패널 타입:메쉬/측면 패널 타입:강화유리/[쿨러/튜닝]/쿨링팬:총6개/LED팬:4개/후면:120mm LED x1/전면:120mm LED x3/상단:120mm x2/[크기]/너비(W):218mm/깊이(D):330mm/높이(H):445mm/[호환성]/지원파워규격:표준-ATX/파워 위치:하단후면/[부가기능]/LED 색상:RGB",https://img.danuri.io/catalog-image/867/874/070/49267c81fe344b46956162c843c82a4c.jpg?shrink=80:80,True,가격정보없음(판매준비/판매중지)
2026-08-22,케이스,"darkFlash,앱코",10558761,앱코 SUITMASTER TA210 플라즈마 아크릴 LUNAR,54500,"튜닝 케이스/지원보드규격:ATX,M-ATX,M-ITX/VGA 길이:315mm/CPU쿨러 높이:150mm/미들타워/[패널]/측면 패널 타입:아크릴/[쿨러/튜닝]/쿨링팬:총1개/LED팬:1개/상단:200mm LED x1/[크기]/너비(W):355mm/높이(H):450mm/깊이(D):415mm/[호환성]/지원파워규격:표준-ATX/파워 장착 길이:170mm/파워 위치:하단후면/[부가기능]/외부 LED/RGB 컨트롤/LED 색상:RGB",https://img.danuri.io/catalog-image/761/558/010/655bc9155df448749c9aeea29544279e.jpg?shrink=80:80,False,
2026-08-22,케이스,"darkFlash,앱코",34336412,앱코 SUITMASTER U3000M 갤러리 미니 리버스 ARGB BTF (블랙),58150,"M-ATX 케이스/지원보드규격:M-ATX,M-ATX (후면커넥터),M-ITX/VGA 길이:390mm/CPU쿨러 높이:168mm/미니타워/[패널]/전면 패널 타입:강화유리/측면 패널 타입:강화유리/[쿨러/튜닝]/쿨링팬:총4개/LED팬:4개/후면:140mm LED x1/내부 측면:120mm LED x3/[크기]/너비(W):235mm/깊이(D):465mm/높이(H):430mm/[호환성]/지원파워규격:표준-ATX/파워 장착 길이:260mm/파워 위치:하단후면/[부가기능]/LED 색상:ARGB",https://img.danuri.io/catalog-image/412/336/034/3f4fb61bdb2148ea9d35a27ddb64273c.jpg?shrink=80:80,False,
2026-08-22,케이스,"darkFlash,앱코",73616621,앱코 SUITMASTER MF360 리얼우드 (화이트),77000,"ATX 케이스/지원보드규격:ATX,M-ATX,M-ITX/VGA 길이:410mm/CPU쿨러 높이:165mm/미들타워/[패널]/측면 패널 타입:강화유리/측면 개폐 방식:스윙도어/[쿨러/튜닝]/쿨링팬:총4개/후면:120mm x1/전면:140mm x3/[크기]/너비(W):210mm/깊이(D):465mm/높이(H):485mm/[호환성]/지원파워규격:표준-ATX/파워 장착 길이:250mm/파워 위치:하단후면",https://img.danuri.io/catalog-image/621/616/073/75e8073d4d694b55a358a29be0f95090.jpg?shrink=80:80,False,
2026-08-22,케이스,"darkFlash,앱코",31986053,앱코 G25 매그넘 강화유리 (화이트),48400,"ATX 케이스/지원보드규격:ATX,M-ATX,M-ITX/VGA 길이:360mm/CPU쿨러 높이:165mm/미들타워/[패널]/전면 패널 타입:메쉬/측면 패널 타입:강화유리/[쿨러/튜닝]/쿨링팬:총6개/LED팬:4개/후면:120mm LED x1/전면:120mm LED x3/상단:120mm x2/[크기]/너비(W):210mm/깊이(D):420mm/높이(H):450mm/[호환성]/지원파워규격:표준-ATX/파워 장착 길이:220mm/파워 위치:하단후면/[부가기능]/LED 색상:RGB",https://img.danuri.io/catalog-image/053/986/031/8785d1c6baf14d66ab1b2bab2cd09656.jpg?shrink=80:80,False,
2026-08-22,케이스,"darkFlash,앱코",12648995,앱코 SUITMASTER AL300M 강화유리 (미드나잇블루),77000,"튜닝 케이스/지원보드규격:M-ATX,M-ITX/VGA 길이:310mm/CPU쿨러 높이:130mm/미니타워/[패널]/전면 패널 타입:강화유리/측면 패널 타입:강화유리/[쿨러/튜닝]/쿨링팬:총3개/LED팬:3개/전면:120mm LED x3/[크기]/너비(W):160mm/높이(H):500mm/깊이(D):390mm/[호환성]/지원파워규격:표준-ATX/파워 장착 길이:185mm/파워 위치:하단후면/[부가기능]/RGB 컨트롤/LED 색상:RGB",https://img.danuri.io/catalog-image/995/648/012/b16ba422918d4bc99d208e049fb22f97.jpg?shrink=80:80,False,
2026-08-22,케이스,"darkFlash,앱코",94088324,앱코 G26M 메가플로우 미니 MESH (블랙),0,"M-ATX 케이스/지원보드규격:M-ATX,M-ITX/VGA 길이:350mm/CPU쿨러 높이:165mm/미니타워/[패널]/전면 패널 타입:메쉬/측면 패널 타입:강화유리/[쿨러/튜닝]/쿨링팬:총3개/LED팬:3개/후면:120mm LED x1/전면:140mm LED x2/[크기]/너비(W):212mm/깊이(D):400mm/높이(H):437mm/[호환성]/지원파워규격:표준-ATX/파워 장착 길이:180mm/파워 위치:하단후면/[부가기능]/LED 색상:RGB",https://img.danuri.io/catalog-image/324/088/094/94f07d4bbc4444fd9756c72fa0cec9bc.jpg?shrink=80:80,True,가격정보없음(판매준비/판매중지)
2026-08-22,케이스,"darkFlash,앱코",41495963,앱코 SUITMASTER M3000 뉴본 ARGB 강화유리 (화이트),105840,"ATX 케이스/지원보드규격:ATX,M-ATX,M-ITX/VGA 길이:410mm/CPU쿨러 높이:185mm/미들타워/[패널]/전면 패널 타입:메쉬/측면 패널 타입:강화유리/[쿨러/튜닝]/쿨링팬:총1개/LED팬:1개/후면:140mm LED x1/[크기]/너비(W):235mm/깊이(D):468mm/높이(H):517mm/[호환성]/지원파워규격:표준-ATX/파워 장착 길이:250mm/[부가기능]/LED 색상:ARGB/[변경사항]/24년 7월 전면 라디에이터 360 → 420mm 장착 가능으로 변경",https://img.danuri.io/catalog-image/963/495/041/92d59ffa9602459d992b15dee491fe8b.jpg?shrink=80:80,False,
2026-08-22,케이스,"darkFlash,앱코",9456939,앱코 SUITMASTER 322S 인테이커 강화유리 스펙트럼 Dualight (화이트),46870,"ATX 케이스/지원보드규격:ATX,M-ATX,M-ITX/VGA 길이:385mm/CPU쿨러 높이:175mm/미들타워/[패널]/측면 패널 타입:강화유리/[쿨러/튜닝]/쿨링팬:총4개/LED팬:4개/후면:120mm LED x1/전면:120mm LED x3/[크기]/너비(W):208mm/깊이(D):448mm/높이(H):469mm/[호환성]/파워 장착 길이:220mm/파워 위치:하단후면/[부가기능]/RGB 컨트롤/LED 색상:RGB",https://img.danuri.io/catalog-image/939/456/009/78578864dcbd46558c92b3b8324314f9.jpg?shrink=80:80,False,
2026-08-22,케이스,"darkFlash,앱코",32865761,앱코 U20 큐빅 강화유리 (화이트),38280,"ATX 케이스/지원보드규격:ATX,M-ATX,M-ITX/VGA 길이:320mm/CPU쿨러 높이:160mm/미들타워/[패널]/전면 패널 타입:강화유리/측면 패널 타입:강화유리/[쿨러/튜닝]/쿨링팬:총3개/LED팬:3개/후면:120mm LED x1/상단:120mm LED x2/[크기]/너비(W):212mm/깊이(D):334mm/높이(H):485mm/[호환성]/지원파워규격:표준-ATX/파워 장착 길이:160mm/파워 위치:하단후면/[부가기능]/LED 색상:RGB",https://img.danuri.io/catalog-image/761/865/032/2e80b4f2742d49d09e8caae991cb62f2.jpg?shrink=80:80,False,
2026-08-22,케이스,"darkFlash,앱코",21583037,앱코 SUITMASTER U3000 갤러리 ARGB 강화유리 (블랙),66550,"ATX 케이스/지원보드규격:ATX,M-ATX,M-ITX/VGA 길이:245~410mm/CPU쿨러 높이:185mm/미들타워/[패널]/전면 패널 타입:강화유리/측면 패널 타입:강화유리/[쿨러/튜닝]/쿨링팬:총1개/LED팬:1개/후면:140mm LED x1/[크기]/너비(W):440mm/깊이(D):235mm/높이(H):517mm/[호환성]/파워 장착 길이:220~250mm/파워 위치:하단후면",https://img.danuri.io/catalog-image/037/583/021/bd22e85e76f24bb981372829501777b2.jpg?shrink=80:80,False,
2026-08-22,케이스,"darkFlash,앱코",37693031,darkFlash DF5000 VB-F 4.0 라이저 케이블 지지대 KIT (화이트),49500,액세서리/라이저 케이블/darkFlash DF5000 전용 / PCI-E 4.0x16 / 길이: 150mm,https://img.danuri.io/catalog-image/031/693/037/32183faf3ad347beb877e9ef80e5b037.jpg?shrink=80:80,True,액세서리(대상부품아님)
2026-08-22,케이스,"darkFlash,앱코",68577215,darkFlash GCB470 라이저 케이블 지지대 KIT (화이트),37950,액세서리/라이저 케이블/darkFlash DY470 전용 / PCI-E 4.0x16 / 길이: 160mm,https://img.danuri.io/catalog-image/215/577/068/2c24b745f73d4303abf09d7942beb075.jpg?shrink=80:80,True,액세서리(대상부품아님)
2026-08-22,케이스,"darkFlash,앱코",18515747,darkFlash DS5000 전면 강화유리 KIT (블랙),14850,액세서리/커버/먼지필터/DS5000 MESH 전용 / 전면 강화유리 + IO PORT 패널,https://img.danuri.io/catalog-image/747/515/018/456a588c8dbc40f897ba099e79ea1643.jpg?shrink=80:80,True,액세서리(대상부품아님)
2026-08-22,케이스,"darkFlash,앱코",18515759,darkFlash DS5000 전면 강화유리 KIT (화이트),14850,액세서리/커버/먼지필터/DS5000 MESH 전용 / 전면 강화유리 + IO PORT 패널,https://img.danuri.io/catalog-image/759/515/018/7707eeebc7a44d31a0bd3a2429e71e3d.jpg?shrink=80:80,True,액세서리(대상부품아님)
2026-08-22,케이스,"darkFlash,앱코",17584232,darkFlash VB-X 4.0 라이저 케이블 지지대 KIT 215mm (핑크),68750,액세서리/라이저 케이블/길이: 215mm / PCIe 4.0x16 지원,https://img.danuri.io/catalog-image/232/584/017/426c61e01b6349c4ae725cf1c9c31b93.jpg?shrink=80:80,True,액세서리(대상부품아님)
2026-08-22,케이스,"darkFlash,앱코",37690907,darkFlash DF5000 VB-F 4.0 라이저 케이블 지지대 KIT (블랙),49500,액세서리/라이저 케이블/darkFlash DF5000 전용 / PCI-E 4.0x16 / 길이: 150mm,https://img.danuri.io/catalog-image/907/690/037/72a5f6067cd64729abd1e6967803632e.jpg?shrink=80:80,True,액세서리(대상부품아님)
2026-08-22,케이스,"darkFlash,앱코",17584226,darkFlash VB-X 4.0 라이저 케이블 지지대 KIT 215mm (네오민트),68750,액세서리/라이저 케이블/길이: 215mm / PCIe 4.0x16 지원,https://img.danuri.io/catalog-image/226/584/017/9811f1e3c1b94882b8d4c7ef2a463228.jpg?shrink=80:80,True,액세서리(대상부품아님)
2026-08-22,케이스,"darkFlash,앱코",86098598,darkFlash DS900 ARGB 강화유리 (화이트 우드),0,"ATX 케이스/지원보드규격:ATX,M-ATX,ITX/VGA 길이:425mm/CPU쿨러 높이:170mm/미들타워/[패널]/전면 패널 타입:강화유리/측면 패널 타입:강화유리/[쿨러/튜닝]/쿨링팬:총4개/LED팬:4개/후면:120mm LED x1/내부 측면:120mm LED x3/[크기]/너비(W):218mm/깊이(D):434mm/높이(H):454mm/[호환성]/지원파워규격:표준-ATX/파워 장착 길이:260mm/파워 위치:하단후면/[부가기능]/LED 색상:ARGB",https://img.danuri.io/catalog-image/598/098/086/797c44530efc4af09bd995589227415b.jpg?shrink=80:80,True,가격정보없음(판매준비/판매중지)
2026-08-22,케이스,"darkFlash,앱코",64392077,앱코 U40M 웨일샤크 ARGB BTF (화이트),0,"M-ATX 케이스/지원보드규격:M-ATX,M-ATX (후면커넥터),M-ITX/VGA 길이:410mm/CPU쿨러 높이:160mm/미니타워/[패널]/전면 패널 타입:강화유리/측면 패널 타입:강화유리/측면 개폐 방식:버튼/[쿨러/튜닝]/쿨링팬:총3개/LED팬:3개/후면:120mm LED x1/내부 측면:120mm LED x2/[크기]/너비(W):218mm/깊이(D):420mm/높이(H):395mm/[호환성]/지원파워규격:표준-ATX/파워 장착 길이:240mm/파워 위치:하단후면/[부가기능]/LED 색상:ARGB",https://img.danuri.io/catalog-image/077/392/064/43c1b8d9af27453b8d7d20eb0ad2477b.jpg?shrink=80:80,True,가격정보없음(판매준비/판매중지)
2026-08-22,케이스,"darkFlash,앱코",17840990,darkFlash DLM200 MESH PERFORMANCE 강화유리 (화이트),0,"M-ATX 케이스/지원보드규격:M-ATX,M-ITX/VGA 길이:330mm/CPU쿨러 높이:160mm/미니타워/[패널]/전면 패널 타입:메쉬/측면 패널 타입:강화유리/측면 개폐 방식:스윙도어/[쿨러/튜닝]/쿨링팬:총4개/후면:120mm x1/전면:120mm x3/[크기]/너비(W):208mm/깊이(D):381mm/높이(H):425.5mm/[호환성]/지원파워규격:표준-ATX/파워 장착 길이:210mm/파워 위치:하단후면",https://img.danuri.io/catalog-image/990/840/017/12bf5d4eb9c842c0bd7d91ef8f64a4b9.jpg?shrink=80:80,True,가격정보없음(판매준비/판매중지)
2026-08-22,케이스,"darkFlash,앱코",14799467,앱코 PUBG 배틀그라운드 하자드 에디션,60230,"ATX 케이스/지원보드규격:ATX,M-ATX,ITX/VGA 길이:370mm/CPU쿨러 높이:165mm/미들타워/[패널]/측면 패널 타입:강화유리/[쿨러/튜닝]/쿨링팬:총4개/LED팬:4개/후면:120mm LED x1/하단:120mm LED x3/[크기]/너비(W):205mm/깊이(D):502mm/높이(H):525mm/[호환성]/파워 장착 길이:200mm/파워 위치:하단후면/[부가기능]/LED 색상:오렌지",https://img.danuri.io/catalog-image/467/799/014/74ab4b0482c64e529dd0c210b3cac769.jpg?shrink=80:80,False,
2026-08-22,케이스,"darkFlash,앱코",4033315,앱코 NCORE 픽셀,0,"ATX 케이스/지원보드규격:ATX,M-ATX,M-ITX/VGA 길이:최대 340mm/CPU쿨러 높이:최대 150mm/미들타워/[패널]/측면 패널 타입:통풍구/후면:80mm/[크기]/너비(W):195mm/깊이(D):400mm/높이(H):412mm/[호환성]/지원파워규격:표준-ATX/파워 위치:상단",https://img.danuri.io/catalog-image/315/033/004/0725d805c20846aab1f459e5fd47b5c7.jpg?shrink=80:80,True,가격정보없음(판매준비/판매중지)
2026-08-22,케이스,"darkFlash,앱코",34336442,앱코 SUITMASTER U3000M 갤러리 미니 리버스 ARGB BTF (화이트),0,"M-ATX 케이스/지원보드규격:M-ATX,M-ATX (후면커넥터),M-ITX/VGA 길이:390mm/CPU쿨러 높이:168mm/미니타워/[패널]/전면 패널 타입:강화유리/측면 패널 타입:강화유리/[쿨러/튜닝]/쿨링팬:총4개/LED팬:4개/후면:140mm LED x1/내부 측면:120mm LED x3/[크기]/너비(W):235mm/깊이(D):465mm/높이(H):430mm/[호환성]/지원파워규격:표준-ATX/파워 장착 길이:260mm/파워 위치:하단후면/[부가기능]/LED 색상:ARGB",https://img.danuri.io/catalog-image/442/336/034/557f88e9d8e34d3cae0be96c881af3a7.jpg?shrink=80:80,True,가격정보없음(판매준비/판매중지)
2026-08-22,케이스,"darkFlash,앱코",9916125,앱코 SUITMASTER 760S 어트랙션 강화유리 스펙트럼 Duplex (화이트),54500,"ATX 케이스/지원보드규격:ATX,M-ATX,M-ITX/VGA 길이:350mm/CPU쿨러 높이:185mm/미들타워/수직 PCI형태:기본형/[패널]/전면 패널 타입:메쉬/측면 패널 타입:강화유리/[쿨러/튜닝]/쿨링팬:총3개/LED팬:3개/후면:120mm LED x1/전면:200mm LED x2/[크기]/너비(W):225mm/깊이(D):435mm/높이(H):470mm/[호환성]/지원파워규격:표준-ATX/파워 장착 길이:220mm/파워 위치:하단후면/[부가기능]/RGB 컨트롤/LED 색상:RGB",https://img.danuri.io/catalog-image/125/916/009/1a65eeb26c784b728184edea022f6687.jpg?shrink=80:80,False,
2026-08-22,케이스,"darkFlash,앱코",15319016,앱코 NCORE S10M 사일런티 II (화이트),0,"M-ATX 케이스/지원보드규격:M-ATX,ITX/VGA 길이:285mm/CPU쿨러 높이:165mm/미니타워/[패널]/전면 패널 타입:일반(솔리드)/[쿨러/튜닝]/쿨링팬:총1개/후면:120mm x1/[크기]/너비(W):210mm/깊이(D):360mm/높이(H):390mm/[호환성]/지원파워규격:표준-ATX/파워 장착 길이:185mm/파워 위치:하단후면/저소음",https://img.danuri.io/catalog-image/016/319/015/b7989b08ccb943ebb57da26147e523a7.jpg?shrink=80:80,True,가격정보없음(판매준비/판매중지)
2026-08-22,케이스,"darkFlash,앱코",12649013,앱코 SUITMASTER AL300M 강화유리 (로즈골드),77000,"튜닝 케이스/지원보드규격:M-ATX,M-ITX/VGA 길이:310mm/CPU쿨러 높이:130mm/미니타워/[패널]/전면 패널 타입:강화유리/측면 패널 타입:강화유리/[쿨러/튜닝]/쿨링팬:총3개/LED팬:3개/전면:120mm LED x3/[크기]/너비(W):160mm/높이(H):500mm/깊이(D):390mm/[호환성]/지원파워규격:표준-ATX/파워 장착 길이:185mm/파워 위치:하단후면/[부가기능]/RGB 컨트롤/LED 색상:RGB",https://img.danuri.io/catalog-image/013/649/012/07678b88eb1c4190a3ce9741b4a007d8.jpg?shrink=80:80,False,
2026-08-22,케이스,"darkFlash,앱코",16687646,앱코 SUITMASTER V3000 베놈 ARGB (화이트),0,"ATX 케이스/지원보드규격:E-ATX,ATX,M-ATX,ITX/VGA 길이:405mm/CPU쿨러 높이:180mm/미들타워/수직 PCI형태:기본형/[패널]/전면 패널 타입:메쉬/측면 패널 타입:강화유리/측면 개폐 방식:스윙도어/[쿨러/튜닝]/쿨링팬:총4개/LED팬:4개/후면:140mm LED x1/전면:140mm LED x3/[크기]/너비(W):228mm/깊이(D):470mm/높이(H):495mm/[호환성]/지원파워규격:표준-ATX/파워 장착 길이:225mm/파워 위치:하단후면/[부가기능]/외부LED 컨트롤/LED 색상:ARGB",https://img.danuri.io/catalog-image/646/687/016/27d85792352c48b8b34632f5626a1a30.jpg?shrink=80:80,True,가격정보없음(판매준비/판매중지)
2026-08-22,케이스,"darkFlash,앱코",12689864,앱코 SUITMASTER AL1000 (레드와인),316100,"튜닝 케이스/지원보드규격:E-ATX,ATX,M-ATX,M-ITX/VGA 길이:420mm/CPU쿨러 높이:235mm/빅타워/[패널]/측면 패널 타입:강화유리/[쿨러/튜닝]/쿨링팬:총4개/LED팬:4개/후면:200mm LED x2/전면:200mm LED x2/[크기]/너비(W):365mm/높이(H):645mm/깊이(D):510mm/[호환성]/지원파워규격:표준-ATX/파워 장착 길이:350mm/파워 위치:하단/[부가기능]/리모컨/LED 색상:RGB",https://img.danuri.io/catalog-image/864/689/012/59f1155c11ad411ea0c194ca7fc49a09.jpg?shrink=80:80,False,
2026-08-22,케이스,"darkFlash,앱코",53416976,darkFlash DPX90 ARGB 강화유리 (블랙),0,"ATX 케이스/지원보드규격:ATX,M-ATX,M-ITX/VGA 길이:425mm/CPU쿨러 높이:185mm/미들타워/[패널]/전면 패널 타입:강화유리/측면 패널 타입:강화유리/[쿨러/튜닝]/쿨링팬:총3개/LED팬:3개/후면:120mm LED x1/내부 측면:120mm LED x2/[크기]/너비(W):240mm/깊이(D):550mm/높이(H):465mm/[호환성]/지원파워규격:표준-ATX/파워 장착 길이:280mm/파워 위치:하단후면/[부가기능]/LED 색상:ARGB",https://img.danuri.io/catalog-image/976/416/053/4c8652f83664485f850de0f974f63578.jpg?shrink=80:80,True,가격정보없음(판매준비/판매중지)
2026-08-22,케이스,"darkFlash,앱코",94088567,앱코 G26M 메가플로우 미니 MESH (화이트),0,"M-ATX 케이스/지원보드규격:M-ATX,M-ITX/VGA 길이:350mm/CPU쿨러 높이:165mm/미니타워/[패널]/전면 패널 타입:메쉬/측면 패널 타입:강화유리/[쿨러/튜닝]/쿨링팬:총3개/LED팬:3개/후면:120mm LED x1/전면:140mm LED x2/[크기]/너비(W):212mm/깊이(D):400mm/높이(H):437mm/[호환성]/지원파워규격:표준-ATX/파워 장착 길이:180mm/파워 위치:하단후면/[부가기능]/LED 색상:RGB",https://img.danuri.io/catalog-image/567/088/094/4461079d921145618afbe7af5d331320.jpg?shrink=80:80,True,가격정보없음(판매준비/판매중지)
2026-08-22,케이스,"darkFlash,앱코",20255537,darkFlash DF2100 MESH RGB 강화유리 (화이트),0,"ATX 케이스/지원보드규격:E-ATX,ATX,M-ATX,M-ITX/VGA 길이:270~400mm/CPU쿨러 높이:165mm/미들타워/[패널]/전면 패널 타입:메쉬/측면 패널 타입:강화유리/측면 개폐 방식:스윙도어/[쿨러/튜닝]/쿨링팬:총4개/LED팬:4개/후면:120mm LED x1/전면:140mm LED x3/[크기]/너비(W):210mm/깊이(D):450mm/높이(H):482mm/[호환성]/파워 장착 길이:230~400mm/파워 위치:하단후면/[부가기능]/RGB 컨트롤",https://img.danuri.io/catalog-image/537/255/020/cad043657326421fbbb65953ef6b767f.jpg?shrink=80:80,True,가격정보없음(판매준비/판매중지)
2026-08-22,케이스,"darkFlash,앱코",36935618,darkFlash DK290 Air MESH RGB 강화유리 (블랙),0,"ATX 케이스/지원보드규격:ATX,M-ATX,M-ITX/VGA 길이:340mm/CPU쿨러 높이:165mm/미들타워/[패널]/전면 패널 타입:메쉬/측면 패널 타입:강화유리/[쿨러/튜닝]/쿨링팬:총6개/LED팬:4개/후면:120mm LED x1/전면:120mm LED x3/상단:120mm x2/[크기]/너비(W):223mm/깊이(D):400mm/높이(H):448mm/[호환성]/지원파워규격:표준-ATX/파워 장착 길이:180~340mm/파워 위치:하단후면/[부가기능]/LED 색상:RGB",https://img.danuri.io/catalog-image/618/935/036/8b93b77781be4262b04d4a98aab6f85a.jpg?shrink=80:80,True,가격정보없음(판매준비/판매중지)
2026-08-22,케이스,"darkFlash,앱코",71904617,darkFlash DP430 MESH RGB 강화유리 (블랙),0,"ATX 케이스/지원보드규격:ATX,M-ATX,M-ITX/VGA 길이:395mm/CPU쿨러 높이:180mm/미들타워/[패널]/전면 패널 타입:메쉬/측면 패널 타입:강화유리/측면 개폐 방식:스윙도어/[쿨러/튜닝]/쿨링팬:총4개/LED팬:4개/후면:120mm LED x1/전면:120mm LED x3/[크기]/너비(W):230mm/깊이(D):460mm/높이(H):456mm/[호환성]/지원파워규격:표준-ATX/파워 장착 길이:280mm/파워 위치:하단후면/[부가기능]/LED 색상:RGB",https://img.danuri.io/catalog-image/617/904/071/e625b1f99374481a8aa25733e5079953.jpg?shrink=80:80,True,가격정보없음(판매준비/판매중지)
2026-08-22,케이스,"darkFlash,앱코",74338760,darkFlash DK370 MESH RGB 강화유리 (블랙),43060,"ATX 케이스/지원보드규격:ATX,M-ATX,M-ITX/VGA 길이:340mm/CPU쿨러 높이:160mm/미들타워/[패널]/전면 패널 타입:메쉬/측면 패널 타입:강화유리/[쿨러/튜닝]/쿨링팬:총4개/LED팬:4개/후면:120mm LED x1/전면:140mm LED x3/[크기]/너비(W):210mm/깊이(D):385mm/높이(H):485mm/[호환성]/지원파워규격:표준-ATX/파워 장착 길이:220mm/파워 위치:하단후면/[부가기능]/LED 색상:RGB",https://img.danuri.io/catalog-image/760/338/074/2fef8022925b40e782194aab8055326f.jpg?shrink=80:80,False,
2026-08-22,케이스,"darkFlash,앱코",16541294,darkFlash DK1000 MESH 강화유리 (화이트),0,"ATX 케이스/지원보드규격:E-ATX,ATX,M-ATX/VGA 길이:355mm/CPU쿨러 높이:165mm/미들타워/[패널]/전면 패널 타입:메쉬/측면 패널 타입:강화유리/[쿨러/튜닝]/쿨링팬:총4개/후면:120mm x1/전면:140mm x3/[크기]/너비(W):215mm/깊이(D):415mm/높이(H):470mm/[호환성]/지원파워규격:표준-ATX/파워 장착 길이:245mm/오픈도어",https://img.danuri.io/catalog-image/294/541/016/118a5e31b75e411ca9a9a9814a9e8364.jpg?shrink=80:80,True,가격정보없음(판매준비/판매중지)
2026-08-22,케이스,"darkFlash,앱코",73885505,darkFlash DB330X RGB 강화유리 (블랙),0,"ATX 케이스/지원보드규격:ATX,M-ATX,M-ITX/VGA 길이:360mm/CPU쿨러 높이:185mm/미들타워/[패널]/전면 패널 타입:강화유리/측면 패널 타입:강화유리/측면 개폐 방식:버튼/[쿨러/튜닝]/쿨링팬:총3개/LED팬:3개/후면:120mm LED x1/내부 측면:120mm LED x2/[크기]/너비(W):230mm/깊이(D):360mm/높이(H):436mm/[호환성]/지원파워규격:표준-ATX/파워 장착 길이:205mm/파워 위치:하단후면/[부가기능]/LED 색상:RGB",https://img.danuri.io/catalog-image/505/885/073/5f6cd50ae232431fbb36115059dbb819.jpg?shrink=80:80,True,가격정보없음(판매준비/판매중지)
2026-08-22,케이스,"darkFlash,앱코",5718431,앱코 SUITMASTER 361G 칼리스토 강화유리 DOUBLING (화이트),0,"ATX 케이스/지원보드규격:E-ATX,ATX,M-ATX,M-ITX/VGA 길이:최대 380mm/CPU쿨러 높이:최대 163mm/미들타워/[패널]/전면 패널 타입:강화유리/측면 패널 타입:강화유리/[쿨러/튜닝]/쿨링팬:총4개/LED팬:4개/후면:120mm 화이트 LED/전면:120mm 화이트 LED x3/[크기]/너비(W):216mm/깊이(D):469mm/높이(H):494mm/[호환성]/지원파워규격:표준-ATX/파워 장착 길이:최대 215mm/파워 위치:하단후면/[부가기능]/팬 컨트롤",https://img.danuri.io/catalog-image/431/718/005/4a65c8faeb374846b0e5ad1f03cde930.jpg?shrink=80:80,True,가격정보없음(판매준비/판매중지)
2026-08-22,케이스,"darkFlash,앱코",8577818,앱코 SUITMASTER 321X 듀얼리티 강화유리 스펙트럼 Dualight (블랙),0,"ATX 케이스/지원보드규격:ATX,M-ATX,M-ITX/VGA 길이:385mm/CPU쿨러 높이:175mm/미들타워/[패널]/전면 패널 타입:강화유리/측면 패널 타입:강화유리/[쿨러/튜닝]/쿨링팬:총4개/LED팬:4개/후면:120mm LED x1/전면:120mm LED x3/[크기]/너비(W):208mm/깊이(D):439mm/높이(H):469mm/[호환성]/지원파워규격:표준-ATX/파워 장착 길이:220mm/파워 위치:하단후면/[부가기능]/LED 색상:RGB",https://img.danuri.io/catalog-image/818/577/008/5c7a32f64f9749359901f3256714cd27.jpg?shrink=80:80,True,가격정보없음(판매준비/판매중지)
2026-08-22,케이스,"darkFlash,앱코",18769955,darkFlash DNX700 MESH RGB (블랙),0,"ATX 케이스/지원보드규격:E-ATX,ATX,M-ATX,M-ITX/VGA 길이:340~375mm/CPU쿨러 높이:165mm/미들타워/[패널]/전면 패널 타입:메쉬/측면 패널 타입:강화유리/측면 개폐 방식:스윙도어/후면:120mm LED x1/전면:140mm LED x3/[크기]/너비(W):214mm/깊이(D):441mm/높이(H):471mm/[호환성]/지원파워규격:표준-ATX/파워 장착 길이:245~368mm/파워 위치:하단후면/[부가기능]/LED 색상:RGB/[변경사항]/23년 5월 GPU 장착 크기 325~385mm → 340~375mm로 변경",https://img.danuri.io/catalog-image/955/769/018/063a75615a7144f3ab722641f604b9c7.jpg?shrink=80:80,True,가격정보없음(판매준비/판매중지)
2026-08-22,케이스,"darkFlash,앱코",12985625,darkFlash DLH21 (화이트),0,미니ITX/지원보드규격:M-ITX/VGA 길이:320mm/CPU쿨러 높이:134mm/미니ITX(리틀밸리)/지원파워규격:M-ATX(SFX)/수직 PCI형태:기본형/[패널]/전면 패널 타입:메쉬/[쿨러/튜닝]/쿨링팬:총1개/상단:92mm/[크기]/너비(W):175mm/높이(H):412mm/깊이(D):238mm/[호환성]/파워 장착 길이:125mm/파워 위치:하단후면/[부가기능]/외부 LED/LED 색상:RGB,https://img.danuri.io/catalog-image/625/985/012/e1203f0636024ba7bf1d535367febb80.jpg?shrink=80:80,True,가격정보없음(판매준비/판매중지)
2026-08-22,케이스,"darkFlash,앱코",28212629,darkFlash DLM4000 GLASS (블랙),0,"M-ATX 케이스/지원보드규격:M-ATX,M-ITX/VGA 길이:405mm/CPU쿨러 높이:165mm/미니타워/[패널]/전면 패널 타입:강화유리/측면 패널 타입:강화유리/[쿨러/튜닝]/쿨링팬:총1개/LED팬:1개/후면:120mm LED x1/[크기]/너비(W):230mm/깊이(D):440mm/높이(H):456mm/[호환성]/지원파워규격:표준-ATX/파워 장착 길이:250mm/파워 위치:하단후면/[부가기능]/LED 색상:RGB",https://img.danuri.io/catalog-image/629/212/028/541622eb40df4bf99c15b7a17872f6bc.jpg?shrink=80:80,True,가격정보없음(판매준비/판매중지)
2026-08-22,케이스,"darkFlash,앱코",10487241,앱코 NCORE 미라클 강화유리 LUMIA (화이트),0,"ATX 케이스/지원보드규격:ATX,M-ATX,M-ITX/VGA 길이:385mm/CPU쿨러 높이:162mm/미들타워/[패널]/전면 패널 타입:메쉬/측면 패널 타입:강화유리/[쿨러/튜닝]/쿨링팬:총4개/LED팬:4개/후면:120mm LED x1/전면:120mm LED x3/[크기]/너비(W):206mm/깊이(D):434mm/높이(H):476mm/[호환성]/지원파워규격:표준-ATX/파워 장착 길이:200mm/파워 위치:하단후면/[부가기능]/LED 색상:RGB",https://img.danuri.io/catalog-image/241/487/010/800f6eb1202648b89c8e0397039cb588.jpg?shrink=80:80,True,가격정보없음(판매준비/판매중지)
2026-08-22,케이스,"darkFlash,앱코",9295779,앱코 SUITMASTER 321X 듀얼리티 강화유리 스펙트럼 Dualight (화이트),0,"ATX 케이스/지원보드규격:ATX,M-ATX,M-ITX/VGA 길이:385mm/CPU쿨러 높이:175mm/미들타워/[패널]/측면 패널 타입:강화유리/[쿨러/튜닝]/쿨링팬:총4개/LED팬:4개/후면:120mm LED x1/전면:120mm LED x3/[크기]/너비(W):208mm/깊이(D):439mm/높이(H):469mm/[호환성]/지원파워규격:표준-ATX/파워 장착 길이:220mm/파워 위치:하단후면/[부가기능]/RGB 컨트롤/LED 색상:RGB",https://img.danuri.io/catalog-image/779/295/009/a25d731cbbd3490ab47dfda33b341a7a.jpg?shrink=80:80,True,가격정보없음(판매준비/판매중지)
2026-08-22,케이스,"darkFlash,앱코",28212656,darkFlash DLM4000 GLASS (화이트),0,"M-ATX 케이스/지원보드규격:M-ATX,M-ITX/VGA 길이:405mm/CPU쿨러 높이:165mm/미니타워/[패널]/전면 패널 타입:강화유리/측면 패널 타입:강화유리/[쿨러/튜닝]/쿨링팬:총1개/LED팬:1개/후면:120mm LED x1/[크기]/너비(W):230mm/깊이(D):440mm/높이(H):456mm/[호환성]/지원파워규격:표준-ATX/파워 장착 길이:250mm/파워 위치:하단후면/[부가기능]/LED 색상:RGB",https://img.danuri.io/catalog-image/656/212/028/bebc577498cb4c75ab95131e82f8618e.jpg?shrink=80:80,True,가격정보없음(판매준비/판매중지)
2026-08-22,케이스,"darkFlash,앱코",17669537,darkFlash DF7100 VB-F 4.0 라이저 케이블 지지대 KIT,0,액세서리/브라켓/가이드/※ darkFlash DF7100 전용 / PCI-E 4.0x16 / 길이: 285mm,https://img.danuri.io/catalog-image/537/669/017/681b345f8331456ca67654177a3dd5a4.jpg?shrink=80:80,True,"가격정보없음(판매준비/판매중지),액세서리(대상부품아님)"
2026-08-22,케이스,"darkFlash,앱코",12192491,darkFlash VB-X 라이저 케이블 지지대 KIT (네오민트),0,액세서리/라이저 케이블/길이: 220mm / PCIe 3.0x16 지원,https://img.danuri.io/catalog-image/491/192/012/3741adf407b94824827473124b4156b5.jpg?shrink=80:80,True,"가격정보없음(판매준비/판매중지),액세서리(대상부품아님)"
2026-08-22,케이스,"darkFlash,앱코",17396630,darkFlash V4.0 라이저 케이블 (215mm),0,액세서리/라이저 케이블/길이: 215mm / PCIe 4.0 x16 지원,https://img.danuri.io/catalog-image/630/396/017/43821f4e94484bd8bd41eecf9753c5f4.jpg?shrink=80:80,True,"가격정보없음(판매준비/판매중지),액세서리(대상부품아님)"
2026-08-22,케이스,"darkFlash,앱코",17954243,darkFlash DS2000 MESH 강화유리 (블랙),95820,"ATX 케이스/지원보드규격:ATX,M-ATX,M-ITX/VGA 길이:332mm/CPU쿨러 높이:165mm/미들타워/수직 PCI형태:슬롯변경형/[패널]/전면 패널 타입:메쉬/측면 패널 타입:강화유리/측면 개폐 방식:스윙도어/[쿨러/튜닝]/쿨링팬:총4개/후면:120mm x1/하단:120mm x3/[크기]/너비(W):220mm/깊이(D):450mm/높이(H):408mm/[호환성]/지원파워규격:표준-ATX/파워 장착 길이:200mm/파워 위치:상단전면",https://img.danuri.io/catalog-image/243/954/017/b07916aac2be4c2c988eb0912b5a1eed.jpg?shrink=80:80,False,
2026-08-22,케이스,"darkFlash,앱코",9514584,앱코 SUITMASTER 760S 어트랙션 강화유리 스펙트럼 Duplex (블랙),0,"ATX 케이스/지원보드규격:ATX,M-ATX,M-ITX/VGA 길이:350mm/CPU쿨러 높이:185mm/미들타워/수직 PCI형태:기본형/[패널]/전면 패널 타입:메쉬/측면 패널 타입:강화유리/[쿨러/튜닝]/쿨링팬:총3개/LED팬:3개/후면:120mm LED x1/전면:200mm LED x2/[크기]/너비(W):225mm/깊이(D):435mm/높이(H):470mm/[호환성]/지원파워규격:표준-ATX/파워 장착 길이:220mm/파워 위치:하단후면/[부가기능]/RGB 컨트롤/LED 색상:RGB",https://img.danuri.io/catalog-image/584/514/009/e2bb80e595304cd484b2e434d057e5d7.jpg?shrink=80:80,True,가격정보없음(판매준비/판매중지)
2026-08-22,케이스,"darkFlash,앱코",18922919,darkFlash DNM600 MAX MESH RGB (화이트),0,"M-ATX 케이스/지원보드규격:M-ATX,M-ITX/VGA 길이:405mm/CPU쿨러 높이:165mm/미니타워/[패널]/전면 패널 타입:메쉬/측면 패널 타입:강화유리/측면 개폐 방식:스윙도어/[쿨러/튜닝]/쿨링팬:총3개/LED팬:3개/후면:120mm LED x1/전면:140mm LED x2/[크기]/너비(W):210mm/깊이(D):462mm/높이(H):451mm/[호환성]/지원파워규격:표준-ATX/파워 장착 길이:235~410mm/파워 위치:하단후면/[부가기능]/RGB 컨트롤/LED 색상:RGB",https://img.danuri.io/catalog-image/919/922/018/b0651630da6648b38eea474dd91373be.jpg?shrink=80:80,True,가격정보없음(판매준비/판매중지)
2026-08-22,케이스,"darkFlash,앱코",123763386,앱코 NCORE 언더바 (리퍼비시),0,"ATX 케이스/지원보드규격:ATX,M-ATX,M-ITX/VGA 길이:310mm/CPU쿨러 높이:163mm/미들타워/[패널]/전면 패널 타입:일반(솔리드)/[쿨러/튜닝]/쿨링팬:총1개/후면:120mm x1/[크기]/너비(W):198mm/높이(H):413mm/깊이(D):375mm/[호환성]/지원파워규격:표준-ATX/파워 장착 길이:200mm/파워 위치:상단",https://img.danuri.io/catalog-image/386/763/123/83be0fa09a084c419f67a9d8b645196a.jpg?shrink=80:80,True,가격정보없음(판매준비/판매중지)
2026-08-22,케이스,"darkFlash,앱코",123763480,앱코 UD20M 미니웨일 (리퍼비시),0,"M-ATX 케이스/지원보드규격:M-ATX,M-ITX/VGA 길이:325mm/CPU쿨러 높이:155mm/미니타워/[패널]/전면 패널 타입:강화유리/측면 패널 타입:강화유리/[쿨러/튜닝]/쿨링팬:총3개/LED팬:3개/후면:120mm LED  x1/하단:120mm LED x2/[크기]/너비(W):335mm/높이(H):353mm/깊이(D):275mm/[호환성]/지원파워규격:표준-ATX/파워 장착 길이:210mm/파워 위치:하단후면/[부가기능]/LED 색상:RGB",https://img.danuri.io/catalog-image/480/763/123/501f193ac92f4d91a6f2aa28f662e84c.jpg?shrink=80:80,True,가격정보없음(판매준비/판매중지)
2026-08-22,케이스,"darkFlash,앱코",123763569,앱코 SUITMASTER U1000 ONE ARGB (리퍼비시),0,"M-ATX 케이스/지원보드규격:M-ATX,M-ITX/VGA 길이:320mm/CPU쿨러 높이:165mm/미니타워/[패널]/전면 패널 타입:메쉬/측면 패널 타입:강화유리/측면 개폐 방식:스윙도어/[쿨러/튜닝]/쿨링팬:총2개/LED팬:2개/후면:120mm LED x1/전면:200mm LED x1/[크기]/너비(W):282mm/높이(H):325mm/깊이(D):390mm/[호환성]/지원파워규격:표준-ATX/파워 장착 길이:230~320mm/파워 위치:하단후면/[부가기능]/LED 색상:ARGB",https://img.danuri.io/catalog-image/569/763/123/6d743c2fbf694fca980a04f770c234dc.jpg?shrink=80:80,True,가격정보없음(판매준비/판매중지)
2026-08-22,케이스,"darkFlash,앱코",123776286,앱코 UF40 에어로직 파노라믹 뷰 VGA쿨링 ARGB (블랙),0,"ATX 케이스/지원보드규격:ATX,M-ATX,ITX/VGA 길이:400mm/CPU쿨러 높이:175mm/미들타워/[패널]/전면 패널 타입:강화유리/측면 패널 타입:강화유리/[쿨러/튜닝]/쿨링팬:총5개/LED팬:5개/후면:140mm LED x1/하단:120mm LED x2/내부 측면:120mm LED x2/[크기]/너비(W):233mm/높이(H):478mm/깊이(D):446mm이하/[호환성]/지원파워규격:표준-ATX/파워 장착 길이:160mm/파워 위치:하단후면/[부가기능]/LED 색상:ARGB",https://img.danuri.io/catalog-image/286/776/123/43cd8789f33b4ad68a5fc40095b72a2f.jpeg?shrink=80:80,True,가격정보없음(판매준비/판매중지)
2026-08-22,케이스,"darkFlash,앱코",99889685,앱코 O31M 태스크 미니 (블랙),21010,"M-ATX 케이스/지원보드규격:M-ATX,M-ITX/VGA 길이:265mm/CPU쿨러 높이:160mm/미니타워/[패널]/전면 패널 타입:일반(솔리드)/측면 패널 타입:통풍구/[쿨러/튜닝]/쿨링팬:총1개/후면:120mm x1/[크기]/너비(W):185mm/깊이(D):318.75mm/높이(H):379mm/[호환성]/지원파워규격:표준-ATX/파워 장착 길이:160mm/파워 위치:하단후면",https://img.danuri.io/catalog-image/685/889/099/88188b5e7fcb450fbe0425f32bcdca96.jpg?shrink=80:80,False,
2026-08-22,케이스,"darkFlash,앱코",99889706,앱코 O31 태스크 (블랙),22110,"ATX 케이스/지원보드규격:ATX,M-ATX,M-ITX/VGA 길이:265mm/CPU쿨러 높이:160mm/미들타워/[패널]/전면 패널 타입:일반(솔리드)/측면 패널 타입:통풍구/[쿨러/튜닝]/쿨링팬:총1개/후면:120mm x1/[크기]/너비(W):185mm/깊이(D):318.75mm/높이(H):440mm/[호환성]/지원파워규격:표준-ATX/파워 장착 길이:160mm/파워 위치:하단후면",https://img.danuri.io/catalog-image/706/889/099/12a20de06ab84e3cacb1e91c5aa6fe60.jpg?shrink=80:80,False,
2026-08-22,케이스,"darkFlash,앱코",18631685,앱코 C11 배럭2,23100,"ATX 케이스/지원보드규격:ATX,M-ATX,M-ITX/VGA 길이:355mm/CPU쿨러 높이:150mm/미들타워/[패널]/측면 패널 타입:통풍구/[쿨러/튜닝]/쿨링팬:총1개/후면:120mm x1/[크기]/너비(W):180mm/깊이(D):410mm/높이(H):415mm/지원파워규격:표준-ATX",https://img.danuri.io/catalog-image/685/631/018/cf03d97a3b194d0797a2bc51794a9e10.jpg?shrink=80:80,False,
2026-08-22,케이스,"darkFlash,앱코",123763506,앱코 G26 메가플로우 MESH (리퍼비시),0,"ATX 케이스/지원보드규격:ATX,M-ATX,M-ITX/VGA 길이:400mm/CPU쿨러 높이:165mm/미들타워/[패널]/전면 패널 타입:메쉬/측면 패널 타입:강화유리/[쿨러/튜닝]/쿨링팬:총3개/LED팬:3개/후면:120mm LED x1/전면:140mm LED x2/[크기]/너비(W):212mm/높이(H):485mm/깊이(D):420mm/[호환성]/지원파워규격:표준-ATX/파워 장착 길이:200mm/파워 위치:하단후면/[부가기능]/LED 색상:RGB",https://img.danuri.io/catalog-image/506/763/123/83f96379c9664a6f966321323d227d4c.jpg?shrink=80:80,True,가격정보없음(판매준비/판매중지)
2026-08-22,케이스,"darkFlash,앱코",20164172,앱코 ABKONCORE R760 SYNC,187000,"ATX 케이스/지원보드규격:ATX,M-ATX,ITX/VGA 길이:380mm/CPU쿨러 높이:195mm/빅타워/[패널]/전면 패널 타입:일반(솔리드)/측면 패널 타입:강화유리/[쿨러/튜닝]/쿨링팬:총8개/후면:120mm x2/내부 측면:120mm x6/[크기]/너비(W):269mm/깊이(D):585mm/높이(H):562mm/[호환성]/파워 장착 길이:385mm/파워 위치:상단/[부가기능]/외부 LED/팬 컨트롤/RGB 컨트롤/리모컨",https://img.danuri.io/catalog-image/172/164/020/8c6e704d64834034b7998e5cb035a8a5.jpg?shrink=80:80,False,
2026-08-22,케이스,"darkFlash,앱코",26516222,앱코 ABKONCORE AL700 SYNC,91130,"ATX 케이스/지원보드규격:E-ATX,ATX,M-ATX,ITX/VGA 길이:405mm/CPU쿨러 높이:170mm/빅타워/[패널]/전면 패널 타입:일반(솔리드)/측면 패널 타입:강화유리/[쿨러/튜닝]/쿨링팬:총4개/후면:120mm x1/전면:120mm x3/[크기]/너비(W):232mm/깊이(D):510mm/높이(H):520mm/[호환성]/지원파워규격:표준-ATX/파워 장착 길이:260~400mm",https://img.danuri.io/catalog-image/222/516/026/00b6cd19075f40cb9a5ccd4e550ce051.jpg?shrink=80:80,False,
2026-08-22,케이스,"darkFlash,앱코",20162585,앱코 ABKONCORE C610S,36300,"ATX 케이스/지원보드규격:ATX,M-ATX,ITX/VGA 길이:395mm/CPU쿨러 높이:180mm/미들타워/[패널]/측면 패널 타입:아크릴/[쿨러/튜닝]/쿨링팬:총1개/후면:140mm x1/[크기]/너비(W):216mm/깊이(D):455mm/높이(H):470mm/[호환성]/파워 장착 길이:210mm/파워 위치:하단후면/[부가기능]/외부 LED",https://img.danuri.io/catalog-image/585/162/020/35ead5d220cd43b294a89d83acc26cbb.jpg?shrink=80:80,False,
2026-08-22,케이스,"darkFlash,앱코",123763376,앱코 G50 빅플로우 MESH ARGB BTF (리퍼비시),0,"ATX 케이스/지원보드규격:E-ATX,ATX,ATX (후면커넥터),M-ATX,M-ATX (후면커넥터),M-ITX/VGA 길이:408mm/CPU쿨러 높이:180mm/미들타워/[패널]/전면 패널 타입:메쉬/측면 패널 타입:강화유리/[쿨러/튜닝]/쿨링팬:총4개/LED팬:4개/후면:140mm LED x1/전면:140mm LED x3/[크기]/너비(W):238mm/높이(H):500mm/깊이(D):479mm/[호환성]/지원파워규격:표준-ATX/파워 장착 길이:240mm/파워 위치:하단후면/[부가기능]/팬 컨트롤/RGB 컨트롤/LED 색상:ARGB",https://img.danuri.io/catalog-image/376/763/123/0c47c71fa656478b9070f47975068778.jpg?shrink=80:80,True,가격정보없음(판매준비/판매중지)
2026-08-22,케이스,"darkFlash,앱코",20737172,앱코 ABKONCORE R850 SYNC,132000,"ATX 케이스/지원보드규격:E-ATX,ATX,M-ATX,ITX/VGA 길이:445mm/CPU쿨러 높이:190mm/빅타워/[패널]/전면 패널 타입:강화유리/측면 패널 타입:강화유리/[쿨러/튜닝]/쿨링팬:총4개/후면:120mm x2/전면:200mm x2/[크기]/너비(W):260mm/깊이(D):500mm/높이(H):548mm/[호환성]/지원파워규격:표준-ATX/파워 장착 길이:310mm/파워 위치:상단/[부가기능]/RGB 컨트롤",https://img.danuri.io/catalog-image/172/737/020/5f231b60f3fb45fbb0f4a1ddb2ca88dd.jpg?shrink=80:80,False,
2026-08-22,케이스,"darkFlash,앱코",36155537,앱코 ABKONCORE AL1000 SYNC 강화유리 (레드와인),131400,"튜닝 케이스/지원보드규격:E-ATX,ATX,M-ATX,M-ITX/VGA 길이:420mm/CPU쿨러 높이:235mm/빅타워/[패널]/측면 패널 타입:강화유리/[쿨러/튜닝]/쿨링팬:총4개/LED팬:4개/후면:200mm LED x2/전면:200mm LED x2/[크기]/너비(W):365mm/높이(H):645mm/깊이(D):510mm/[호환성]/지원파워규격:표준-ATX/파워 장착 길이:350mm/파워 위치:하단/[부가기능]/RGB 컨트롤/리모컨/LED 색상:RGB",https://img.danuri.io/catalog-image/537/155/036/bc45dcb938ec4828be5b0b5571fa2bb2.jpg?shrink=80:80,False,
2026-08-22,케이스,"darkFlash,앱코",123776306,앱코 UF40 에어로직 파노라믹 뷰 VGA쿨링 ARGB (화이트),0,"ATX 케이스/지원보드규격:ATX,M-ATX,ITX/VGA 길이:400mm/CPU쿨러 높이:175mm/미들타워/[패널]/전면 패널 타입:강화유리/측면 패널 타입:강화유리/[쿨러/튜닝]/쿨링팬:총5개/LED팬:5개/후면:140mm LED x1/하단:120mm LED x2/내부 측면:120mm LED x2/[크기]/너비(W):233mm/높이(H):478mm/깊이(D):446mm이하/[호환성]/지원파워규격:표준-ATX/파워 장착 길이:160mm/파워 위치:하단후면/[부가기능]/LED 색상:ARGB",https://img.danuri.io/catalog-image/306/776/123/456eaa7225144a97a2ca9030b6c32e4b.jpeg?shrink=80:80,True,가격정보없음(판매준비/판매중지)
2026-08-22,케이스,"darkFlash,앱코",123763533,앱코 UD50 블루웨일 ARGB BTF (리퍼비시),0,"ATX 케이스/지원보드규격:ATX,ATX (후면커넥터),M-ATX,M-ATX (후면커넥터),M-ITX/VGA 길이:418mm/CPU쿨러 높이:160mm/미들타워/[패널]/전면 패널 타입:강화유리/측면 패널 타입:강화유리/[쿨러/튜닝]/쿨링팬:총4개/LED팬:4개/후면:120mm LED X1/내부 측면:120mm LED X3/[크기]/너비(W):285mm/높이(H):400mm/깊이(D):426mm/[호환성]/지원파워규격:표준-ATX/[부가기능]/LED 색상:ARGB",https://img.danuri.io/catalog-image/533/763/123/8e446a9d709840d9a824a69e061d58c9.jpg?shrink=80:80,True,가격정보없음(판매준비/판매중지)
2026-08-22,케이스,"darkFlash,앱코",123763410,앱코 U30P 마린+ 디스플레이 (리퍼비시),0,"ATX 케이스/지원보드규격:E-ATX,ATX,M-ATX,M-ITX/VGA 길이:400mm/CPU쿨러 높이:165mm/미들타워/[패널]/전면 패널 타입:강화유리/측면 패널 타입:강화유리/후면:120mm LED x1/내부 측면:120mm LED x2/[크기]/너비(W):212mm/높이(H):485mm/깊이(D):420mm/[호환성]/지원파워규격:표준-ATX/파워 장착 길이:200mm/파워 위치:하단후면/[부가기능]/LED 색상:RGB",https://img.danuri.io/catalog-image/410/763/123/9cf92da508774a32b582102ddc4c73a8.jpg?shrink=80:80,True,가격정보없음(판매준비/판매중지)
2026-08-22,케이스,"darkFlash,앱코",36155810,앱코 ABKONCORE AL300M SYNC 강화유리 (로즈골드),76650,"튜닝 케이스/지원보드규격:M-ATX,M-ITX/VGA 길이:310mm/CPU쿨러 높이:130mm/미니타워/[패널]/전면 패널 타입:강화유리/측면 패널 타입:강화유리/[쿨러/튜닝]/쿨링팬:총3개/LED팬:3개/전면:120mm LED x3/[크기]/너비(W):160mm/높이(H):500mm/깊이(D):390mm/[호환성]/지원파워규격:표준-ATX/파워 장착 길이:185mm/파워 위치:하단후면/[부가기능]/RGB 컨트롤/리모컨/LED 색상:RGB",https://img.danuri.io/catalog-image/810/155/036/1b3abfa3b2f8488aa4ecd59f63a2d315.jpg?shrink=80:80,False,
2026-08-22,케이스,"darkFlash,앱코",56295353,darkFlash DLX30 NEO silent (블랙),0,"ATX 케이스/지원보드규격:E-ATX,ATX,M-ATX,M-ITX/VGA 길이:385mm/CPU쿨러 높이:165mm/미들타워/[패널]/전면 패널 타입:메쉬/측면 패널 타입:강화유리/측면 개폐 방식:스윙도어/[쿨러/튜닝]/쿨링팬:총4개/후면:120mm x1/전면:140mm x3/[크기]/너비(W):216mm/깊이(D):468mm/높이(H):490mm/[호환성]/지원파워규격:표준-ATX/파워 장착 길이:255mm/파워 위치:하단후면",https://img.danuri.io/catalog-image/353/295/056/a781427203ec47d8ac850fc0c4ee85b4.jpg?shrink=80:80,True,가격정보없음(판매준비/판매중지)
2026-08-22,케이스,"darkFlash,앱코",123763461,앱코 UD50C 루시드 앰비언트 풀커브드 ARGB BTF (리퍼비시),0,"ATX 케이스/지원보드규격:ATX,ATX (후면커넥터),M-ATX,M-ATX (후면커넥터),M-ITX/VGA 길이:420mm/CPU쿨러 높이:160mm/미들타워/[패널]/전면 패널 타입:강화유리/측면 패널 타입:강화유리/[쿨러/튜닝]/쿨링팬:총4개/LED팬:4개/후면:120mm LED X1/내부 측면:120mm LED X3/[크기]/너비(W):285mm/높이(H):400mm/깊이(D):460mm/[호환성]/지원파워규격:표준-ATX/파워 장착 길이:210mmmm/파워 위치:상단/[부가기능]/외부 LED/팬 컨트롤/RGB 컨트롤/LED 색상:ARGB",https://img.danuri.io/catalog-image/461/763/123/138b599f1b5846ad9b4e63dd52940beb.jpg?shrink=80:80,True,가격정보없음(판매준비/판매중지)
2026-08-22,케이스,"darkFlash,앱코",123763550,앱코 SUITMASTER U3000 갤러리 ARGB 강화유리 (리퍼비시),0,"ATX 케이스/지원보드규격:ATX,M-ATX,M-ITX/VGA 길이:245~410mm/CPU쿨러 높이:185mm/미들타워/[패널]/전면 패널 타입:강화유리/측면 패널 타입:강화유리/[쿨러/튜닝]/쿨링팬:총1개/LED팬:1개/후면:140mm LED x1/[크기]/너비(W):440mm/높이(H):517mm/깊이(D):235mm/[호환성]/파워 장착 길이:220~250mm/파워 위치:하단후면",https://img.danuri.io/catalog-image/550/763/123/8d937ce4dc034a3e877dd7ca5d733341.jpg?shrink=80:80,True,가격정보없음(판매준비/판매중지)
2026-08-22,케이스,"darkFlash,앱코",123763560,앱코 U30 마린 (리퍼비시),0,"ATX 케이스/지원보드규격:ATX,M-ATX,M-ITX/VGA 길이:400mm/CPU쿨러 높이:165mm/미들타워/[패널]/전면 패널 타입:강화유리/측면 패널 타입:강화유리/측면 개폐 방식:버튼/[쿨러/튜닝]/쿨링팬:총3개/LED팬:3개/후면:120mm LED x1/내부 측면:120mm LED x2/[크기]/너비(W):212mm/높이(H):485mm/깊이(D):420mm/[호환성]/지원파워규격:표준-ATX/파워 장착 길이:240mm/파워 위치:하단후면/[부가기능]/LED 색상:RGB",https://img.danuri.io/catalog-image/560/763/123/cda865c3ae9248bea0213c41ee2de3f8.jpg?shrink=80:80,True,가격정보없음(판매준비/판매중지)
2026-08-22,케이스,"darkFlash,앱코",36155783,앱코 ABKONCORE AL300M SYNC 강화유리 (미드나잇블루),76650,"튜닝 케이스/지원보드규격:M-ATX,M-ITX/VGA 길이:310mm/CPU쿨러 높이:130mm/미니타워/[패널]/전면 패널 타입:강화유리/측면 패널 타입:강화유리/[쿨러/튜닝]/쿨링팬:총3개/LED팬:3개/전면:120mm LED x3/[크기]/너비(W):160mm/높이(H):500mm/깊이(D):390mm/[호환성]/지원파워규격:표준-ATX/파워 장착 길이:185mm/파워 위치:하단후면/[부가기능]/RGB 컨트롤/리모컨/LED 색상:RGB",https://img.danuri.io/catalog-image/783/155/036/15428d53aa2544cea2e3014dbdf2ca4d.jpg?shrink=80:80,False,
2026-08-22,케이스,"darkFlash,앱코",20163113,앱코 ABKONCORE HELIOS H500G SYNC,0,"ATX 케이스/지원보드규격:ATX,M-ATX,ITX/VGA 길이:355mm/CPU쿨러 높이:178mm/미들타워/[쿨러/튜닝]/쿨링팬:총3개/후면:140mm x1/전면:200mm x2/[크기]/너비(W):255mm/깊이(D):440mm/높이(H):472mm/[호환성]/파워 장착 길이:195mm/파워 위치:하단후면/[부가기능]/외부 LED/RGB 컨트롤/리모컨",https://img.danuri.io/catalog-image/113/163/020/32109424e17544c283a7521a887912bc.jpg?shrink=80:80,True,가격정보없음(판매준비/판매중지)
2026-08-22,케이스,"darkFlash,앱코",123763474,앱코 U40M 웨일샤크 ARGB BTF (리퍼비시),0,"M-ATX 케이스/지원보드규격:M-ATX,M-ATX (후면커넥터),M-ITX/VGA 길이:410mm/CPU쿨러 높이:160mm/미니타워/[패널]/전면 패널 타입:강화유리/측면 패널 타입:강화유리/측면 개폐 방식:버튼/[쿨러/튜닝]/쿨링팬:총3개/LED팬:3개/후면:120mm LED x1/내부 측면:120mm LED x2/[크기]/너비(W):218mm/높이(H):395mm/깊이(D):420mm/[호환성]/지원파워규격:표준-ATX/파워 장착 길이:240mm/파워 위치:하단후면/[부가기능]/LED 색상:ARGB",https://img.danuri.io/catalog-image/474/763/123/5c9fee44435647a7a8184c989dcaa772.jpg?shrink=80:80,True,가격정보없음(판매준비/판매중지)
2026-08-22,케이스,"darkFlash,앱코",123763489,앱코 G31 오메가포스 세븐팬 (리퍼비시),0,"ATX 케이스/지원보드규격:ATX,M-ATX,M-ITX/VGA 길이:400mm/CPU쿨러 높이:165mm/미들타워/[패널]/전면 패널 타입:메쉬/측면 패널 타입:강화유리/[쿨러/튜닝]/쿨링팬:총7개/LED팬:7개/후면:120mm LED x1/전면:140mm LED x3/상단:120mm LED x3/[크기]/너비(W):212mm/높이(H):490mm/깊이(D):460mm/[호환성]/지원파워규격:표준-ATX/파워 장착 길이:200mm/파워 위치:하단후면/[부가기능]/RGB 컨트롤/LED 색상:RGB/[변경사항]/G31 오메가포스 → G31 오메가포스 세븐팬 으로 상품명 변경",https://img.danuri.io/catalog-image/489/763/123/5714abb167ef494cae135de110cc217a.jpg?shrink=80:80,True,가격정보없음(판매준비/판매중지)
2026-08-22,케이스,"darkFlash,앱코",123763565,앱코 SUITMASTER U3000M 갤러리 미니 리버스 ARGB BTF (리퍼비시),0,"M-ATX 케이스/지원보드규격:M-ATX,M-ATX (후면커넥터),M-ITX/VGA 길이:390mm/CPU쿨러 높이:168mm/미니타워/[패널]/전면 패널 타입:강화유리/측면 패널 타입:강화유리/[쿨러/튜닝]/쿨링팬:총4개/LED팬:4개/후면:140mm LED x1/내부 측면:120mm LED x3/[크기]/너비(W):235mm/높이(H):430mm/깊이(D):465mm/[호환성]/지원파워규격:표준-ATX/파워 장착 길이:260mm/파워 위치:하단후면/[부가기능]/LED 색상:ARGB",https://img.danuri.io/catalog-image/565/763/123/642b5255450c41be876f35694f0ce74c.jpg?shrink=80:80,True,가격정보없음(판매준비/판매중지)
2026-08-23,케이스,"darkFlash,앱코",78530048,darkFlash DS500 RGB (블랙),44690,"ATX 케이스/지원보드규격:ATX,M-ATX,M-ITX/VGA 길이:405mm/CPU쿨러 높이:165mm/미들타워/[패널]/전면 패널 타입:강화유리/측면 패널 타입:강화유리/[쿨러/튜닝]/쿨링팬:총3개/LED팬:3개/후면:120mm LED x1/내부 측면:120mm LED x2/[크기]/너비(W):210mm/높이(H):485mm/깊이(D):413mm/[호환성]/지원파워규격:표준-ATX/파워 장착 길이:170mm/파워 위치:하단후면/[부가기능]/LED 색상:RGB",https://img.danuri.io/catalog-image/048/530/078/c9b0ec9b4b9a4d6da953e1552be87570.jpeg?shrink=80:80,False,
2026-08-23,케이스,"darkFlash,앱코",105967793,앱코 G31 오메가포스 세븐팬 (블랙),48290,"ATX 케이스/지원보드규격:ATX,M-ATX,M-ITX/VGA 길이:400mm/CPU쿨러 높이:165mm/미들타워/[패널]/전면 패널 타입:메쉬/측면 패널 타입:강화유리/[쿨러/튜닝]/쿨링팬:총7개/LED팬:7개/후면:120mm LED x1/전면:140mm LED x3/상단:120mm LED x3/[크기]/너비(W):212mm/높이(H):490mm/깊이(D):460mm/[호환성]/지원파워규격:표준-ATX/파워 장착 길이:200mm/파워 위치:하단후면/[부가기능]/RGB 컨트롤/LED 색상:RGB/[변경사항]/G31 오메가포스 → G31 오메가포스 세븐팬 으로 상품명 변경",https://img.danuri.io/catalog-image/793/967/105/c3d11495e07b40f3b2d45efabc01bba9.jpg?shrink=80:80,False,
2026-08-23,케이스,"darkFlash,앱코",53783243,앱코 U30 마린 (블랙),42240,"ATX 케이스/지원보드규격:ATX,M-ATX,M-ITX/VGA 길이:400mm/CPU쿨러 높이:165mm/미들타워/[패널]/전면 패널 타입:강화유리/측면 패널 타입:강화유리/측면 개폐 방식:버튼/[쿨러/튜닝]/쿨링팬:총3개/LED팬:3개/후면:120mm LED x1/내부 측면:120mm LED x2/[크기]/너비(W):212mm/깊이(D):420mm/높이(H):485mm/[호환성]/지원파워규격:표준-ATX/파워 장착 길이:240mm/파워 위치:하단후면/[부가기능]/LED 색상:RGB",https://img.danuri.io/catalog-image/243/783/053/12f41688da184122833ddac86ce8e160.jpg?shrink=80:80,False,
2026-08-23,케이스,"darkFlash,앱코",122617886,darkFlash DLX ULTRA MESH ARGB (블랙),152050,"ATX 케이스/지원보드규격:E-ATX,ATX,ATX (후면커넥터),M-ATX,M-ATX (후면커넥터),ITX/VGA 길이:480mm/CPU쿨러 높이:190mm/빅타워/수직 PCI형태:슬롯변경형/[패널]/전면 패널 타입:메쉬/측면 패널 타입:통풍구/[쿨러/튜닝]/쿨링팬:총4개/LED팬:4개/후면:140mm LED x1/전면:140mm LED x3/[크기]/너비(W):249mm/높이(H):535mm/깊이(D):560mm/[호환성]/지원파워규격:표준-ATX/파워 장착 길이:260mm/파워 위치:하단후면/[부가기능]/LED 색상:ARGB",https://img.danuri.io/catalog-image/886/617/122/de8ab5a780b545f6aa39e7f688511672.jpeg?shrink=80:80,False,
2026-08-23,케이스,"darkFlash,앱코",32861129,darkFlash DS900 ARGB 강화유리 (화이트),68270,"ATX 케이스/지원보드규격:ATX,M-ATX,M-ITX/VGA 길이:425mm/CPU쿨러 높이:170mm/미들타워/[패널]/전면 패널 타입:강화유리/측면 패널 타입:강화유리/[쿨러/튜닝]/쿨링팬:총4개/LED팬:4개/후면:120mm LED x1/내부 측면:120mm LED x3/[크기]/너비(W):218mm/높이(H):454mm/깊이(D):434mm/[호환성]/지원파워규격:표준-ATX/파워 장착 길이:260mm/파워 위치:하단후면/[부가기능]/LED 색상:ARGB/[변경사항]/24년 4월 장착쿨링팬 C6 ARGB → C7 ARGB으로 변경 / 24년 8월 상단 라디에이터 120, 140, 240, 280, 360 →120, 240, 360으로 변경",https://img.danuri.io/catalog-image/129/861/032/100a9aa65e564d06a8c46811a2a6d996.jpg?shrink=80:80,False,
2026-08-23,케이스,"darkFlash,앱코",105968012,앱코 UD51 엑시드 ARGB BTF (블랙),99330,"ATX 케이스/지원보드규격:E-ATX,ATX,ATX (후면커넥터),M-ATX,M-ATX (후면커넥터),M-ITX/VGA 길이:400mm/CPU쿨러 높이:160mm/미들타워/수직 PCI형태:슬롯변경형/[패널]/전면 패널 타입:강화유리/측면 패널 타입:강화유리/[쿨러/튜닝]/쿨링팬:총4개/LED팬:4개/후면:120mm LED x1/내부 측면:120mm LED x3/[크기]/너비(W):277mm/높이(H):430mm/깊이(D):443mm/[호환성]/지원파워규격:표준-ATX/파워 장착 길이:240mm/파워 위치:상단/[부가기능]/RGB 컨트롤/LED 색상:ARGB",https://img.danuri.io/catalog-image/012/968/105/af09ee3e0ea64dcdbfeaac0c73edd4b9.jpg?shrink=80:80,False,
2026-08-23,케이스,"darkFlash,앱코",100271096,darkFlash DPF70 ARGB (화이트),68820,"ATX 케이스/지원보드규격:ATX,M-ATX,ITX/VGA 길이:410mm/CPU쿨러 높이:160mm/미들타워/[패널]/전면 패널 타입:강화유리/측면 패널 타입:강화유리/[쿨러/튜닝]/쿨링팬:총4개/LED팬:4개/후면:120mm LED x1/내부 측면:120mm LED x3/[크기]/너비(W):275mm/높이(H):398mm/깊이(D):425mm/[호환성]/지원파워규격:표준-ATX/파워 장착 길이:230mm/파워 위치:하단후면/[부가기능]/팬 컨트롤/RGB 컨트롤/LED 색상:ARGB",https://img.danuri.io/catalog-image/096/271/100/57a33ca47be14c69983d39fe55da57a5.jpg?shrink=80:80,False,
2026-08-23,케이스,"darkFlash,앱코",11884168,darkFlash DLX21 RGB MESH 강화유리 (블랙),97130,"ATX 케이스/지원보드규격:E-ATX,ATX,M-ATX,M-ITX/VGA 길이:400mm/CPU쿨러 높이:180mm/미들타워/[패널]/측면 패널 타입:강화유리/측면 개폐 방식:스윙도어/[쿨러/튜닝]/쿨링팬:총4개/LED팬:4개/후면:140mm LED x1/전면:140mm LED x3/[크기]/너비(W):233mm/높이(H):493mm/깊이(D):448mm/[호환성]/지원파워규격:표준-ATX/파워 장착 길이:235mm/파워 위치:하단후면/[부가기능]/RGB 컨트롤/LED 색상:RGB",https://img.danuri.io/catalog-image/168/884/011/1661e70af5b443569fca29df23e60ac9.jpg?shrink=80:80,False,
2026-08-23,케이스,"darkFlash,앱코",62071772,darkFlash DMO11 (블랙),21750,"M-ATX 케이스/지원보드규격:M-ATX,M-ITX/VGA 길이:270mm/CPU쿨러 높이:165mm/미니타워/[패널]/측면 패널 타입:통풍구/[쿨러/튜닝]/쿨링팬:총1개/후면:120mm x1/[크기]/너비(W):180mm/깊이(D):300mm/높이(H):355mm/[호환성]/지원파워규격:표준-ATX/파워 위치:상단",https://img.danuri.io/catalog-image/772/071/062/2986f70412ae42678e3126e385321a6e.jpg?shrink=80:80,False,
2026-08-23,케이스,"darkFlash,앱코",78530069,darkFlash DS500 RGB (화이트),48880,"ATX 케이스/지원보드규격:ATX,M-ATX,M-ITX/VGA 길이:405mm/CPU쿨러 높이:165mm/미들타워/[패널]/전면 패널 타입:강화유리/측면 패널 타입:강화유리/[쿨러/튜닝]/쿨링팬:총3개/LED팬:3개/후면:120mm LED x1/내부 측면:120mm LED x2/[크기]/너비(W):210mm/높이(H):485mm/깊이(D):413mm/[호환성]/지원파워규격:표준-ATX/파워 장착 길이:170mm/파워 위치:하단후면/[부가기능]/LED 색상:RGB",https://img.danuri.io/catalog-image/069/530/078/311f1f242ac04a14a14b0dca4f8e7c87.jpg?shrink=80:80,False,
2026-08-23,케이스,"darkFlash,앱코",122655434,darkFlash DPH70M ARGB (블랙),54620,"M-ATX 케이스/지원보드규격:M-ATX,ITX/VGA 길이:415mm/CPU쿨러 높이:160mm/미니타워/[패널]/전면 패널 타입:강화유리/측면 패널 타입:강화유리/[쿨러/튜닝]/쿨링팬:총3개/LED팬:3개/후면:120mm LED x1/내부 측면:120mm LED x2/[크기]/너비(W):275mm/높이(H):360mm/깊이(D):425mm/[호환성]/지원파워규격:표준-ATX/파워 장착 길이:180mm/파워 위치:하단후면/[부가기능]/LED 색상:ARGB",https://img.danuri.io/catalog-image/434/655/122/8168b64c66214f5d9c940e33a80fc523.jpeg?shrink=80:80,False,
2026-08-23,케이스,"darkFlash,앱코",53783246,앱코 U30 마린 (화이트),50270,"ATX 케이스/지원보드규격:ATX,M-ATX,M-ITX/VGA 길이:400mm/CPU쿨러 높이:165mm/미들타워/[패널]/전면 패널 타입:강화유리/측면 패널 타입:강화유리/측면 개폐 방식:버튼/[쿨러/튜닝]/쿨링팬:총3개/LED팬:3개/후면:120mm LED x1/내부 측면:120mm LED x2/[크기]/너비(W):212mm/깊이(D):420mm/높이(H):485mm/[호환성]/지원파워규격:표준-ATX/파워 장착 길이:240mm/파워 위치:하단후면/[부가기능]/LED 색상:RGB",https://img.danuri.io/catalog-image/246/783/053/8677929d32964e9d9f1e2b07476c0979.jpg?shrink=80:80,False,
2026-08-23,케이스,"darkFlash,앱코",99640949,앱코 G50 빅플로우 MESH ARGB BTF (블랙),107660,"ATX 케이스/지원보드규격:E-ATX,ATX,ATX (후면커넥터),M-ATX,M-ATX (후면커넥터),M-ITX/VGA 길이:408mm/CPU쿨러 높이:180mm/미들타워/[패널]/전면 패널 타입:메쉬/측면 패널 타입:강화유리/[쿨러/튜닝]/쿨링팬:총4개/LED팬:4개/후면:140mm LED x1/전면:140mm LED x3/[크기]/너비(W):238mm/깊이(D):479mm/높이(H):500mm/[호환성]/지원파워규격:표준-ATX/파워 장착 길이:240mm/파워 위치:하단후면/[부가기능]/팬 컨트롤/RGB 컨트롤/LED 색상:ARGB",https://img.danuri.io/catalog-image/949/640/099/876efec41be248468eb7e8007e4ce040.jpg?shrink=80:80,False,
2026-08-23,케이스,"darkFlash,앱코",93320456,앱코 UD50C 루시드 앰비언트 풀커브드 ARGB BTF (블랙),136400,"ATX 케이스/지원보드규격:ATX,ATX (후면커넥터),M-ATX,M-ATX (후면커넥터),M-ITX/VGA 길이:420mm/CPU쿨러 높이:160mm/미들타워/[패널]/전면 패널 타입:강화유리/측면 패널 타입:강화유리/[쿨러/튜닝]/쿨링팬:총4개/LED팬:4개/후면:120mm LED X1/내부 측면:120mm LED X3/[크기]/너비(W):285mm/깊이(D):460mm/높이(H):400mm/[호환성]/지원파워규격:표준-ATX/파워 장착 길이:210mmmm/파워 위치:상단/[부가기능]/외부 LED/팬 컨트롤/RGB 컨트롤/LED 색상:ARGB",https://img.danuri.io/catalog-image/456/320/093/43257e8431514ed5b649822011397da6.jpg?shrink=80:80,False,
2026-08-23,케이스,"darkFlash,앱코",122617905,darkFlash DLX ULTRA MESH ARGB (화이트),156000,"ATX 케이스/지원보드규격:E-ATX,ATX,ATX (후면커넥터),M-ATX,M-ATX (후면커넥터),ITX/VGA 길이:480mm/CPU쿨러 높이:190mm/빅타워/수직 PCI형태:슬롯변경형/[패널]/전면 패널 타입:메쉬/측면 패널 타입:통풍구/[쿨러/튜닝]/쿨링팬:총4개/LED팬:4개/후면:140mm LED x1/전면:140mm LED x3/[크기]/너비(W):249mm/높이(H):535mm/깊이(D):560mm/[호환성]/지원파워규격:표준-ATX/파워 장착 길이:260mm/파워 위치:하단후면/[부가기능]/LED 색상:ARGB",https://img.danuri.io/catalog-image/905/617/122/9c3118b4863d44c2abbe2e1b9904013f.jpeg?shrink=80:80,False,
2026-08-23,케이스,"darkFlash,앱코",122655451,darkFlash DPH70M ARGB (화이트),58950,"M-ATX 케이스/지원보드규격:M-ATX,ITX/VGA 길이:415mm/CPU쿨러 높이:160mm/미니타워/[패널]/전면 패널 타입:강화유리/측면 패널 타입:강화유리/[쿨러/튜닝]/쿨링팬:총3개/LED팬:3개/후면:120mm LED x1/내부 측면:120mm LED x2/[크기]/너비(W):275mm/높이(H):360mm/깊이(D):425mm/[호환성]/지원파워규격:표준-ATX/파워 장착 길이:180mm/파워 위치:하단후면/[부가기능]/LED 색상:ARGB",https://img.danuri.io/catalog-image/451/655/122/f8d3900254df4f5d8d142875f6d4ed55.jpeg?shrink=80:80,False,
2026-08-23,케이스,"darkFlash,앱코",16542008,darkFlash DK1000 MESH 강화유리 (블랙),68910,"ATX 케이스/지원보드규격:E-ATX,ATX,M-ATX/VGA 길이:355mm/CPU쿨러 높이:165mm/미들타워/[패널]/전면 패널 타입:메쉬/측면 패널 타입:강화유리/측면 개폐 방식:스윙도어/[쿨러/튜닝]/쿨링팬:총4개/후면:120mm x1/전면:140mm x3/[크기]/너비(W):215mm/깊이(D):415mm/높이(H):470mm/[호환성]/지원파워규격:표준-ATX/파워 장착 길이:245mm",https://img.danuri.io/catalog-image/008/542/016/1d7f04bad2764b2087c48c7ee01cf48a.jpg?shrink=80:80,False,
2026-08-23,케이스,"darkFlash,앱코",32861099,darkFlash DS900 ARGB 강화유리 (블랙),64160,"ATX 케이스/지원보드규격:ATX,M-ATX,M-ITX/VGA 길이:425mm/CPU쿨러 높이:170mm/미들타워/[패널]/전면 패널 타입:강화유리/측면 패널 타입:강화유리/[쿨러/튜닝]/쿨링팬:총4개/LED팬:4개/후면:120mm LED x1/내부 측면:120mm LED x3/[크기]/너비(W):218mm/깊이(D):434mm/높이(H):454mm/[호환성]/지원파워규격:표준-ATX/파워 장착 길이:260mm/파워 위치:하단후면/[부가기능]/LED 색상:ARGB/[변경사항]/24년 4월 장착쿨링팬 C6 ARGB → C7 ARGB으로 변경 / 24년 8월 상단 라디에이터 120, 140, 240, 280, 360 →120, 240, 360으로 변경",https://img.danuri.io/catalog-image/099/861/032/a8c00370c99644488731eb02fddb5328.jpg?shrink=80:80,False,
2026-08-23,케이스,"darkFlash,앱코",56138000,앱코 U20M 큐빅 미니 (블랙),35310,"M-ATX 케이스/지원보드규격:M-ATX,M-ITX/VGA 길이:350mm/CPU쿨러 높이:165mm/미니타워/[패널]/전면 패널 타입:강화유리/측면 패널 타입:강화유리/측면 개폐 방식:버튼/[쿨러/튜닝]/쿨링팬:총3개/LED팬:3개/후면:120mm LED x1/내부 측면:120mm LED x2/[크기]/너비(W):212mm/깊이(D):360mm/높이(H):435mm/[호환성]/지원파워규격:표준-ATX/파워 장착 길이:350mm/파워 위치:하단후면/[부가기능]/LED 색상:RGB",https://img.danuri.io/catalog-image/000/138/056/5eb1a011accd4ab0a584e64ad86efc97.jpg?shrink=80:80,False,
2026-08-23,케이스,"darkFlash,앱코",105968039,앱코 UD51 엑시드 ARGB BTF (화이트),105160,"ATX 케이스/지원보드규격:E-ATX,ATX,ATX (후면커넥터),M-ATX,M-ATX (후면커넥터),M-ITX/VGA 길이:400mm/CPU쿨러 높이:160mm/미들타워/수직 PCI형태:슬롯변경형/[패널]/전면 패널 타입:강화유리/측면 패널 타입:강화유리/[쿨러/튜닝]/쿨링팬:총4개/LED팬:4개/후면:120mm LED x1/내부 측면:120mm LED x3/[크기]/너비(W):277mm/높이(H):430mm/깊이(D):443mm/[호환성]/지원파워규격:표준-ATX/파워 장착 길이:240mm/파워 위치:상단/[부가기능]/RGB 컨트롤/LED 색상:ARGB",https://img.danuri.io/catalog-image/039/968/105/cbb75564224245bb9cfbc38be6d1c507.jpg?shrink=80:80,False,
2026-08-23,케이스,"darkFlash,앱코",105816371,darkFlash DS900 PRO ARGB (화이트),79030,"ATX 케이스/지원보드규격:ATX,M-ATX,ITX/VGA 길이:425mm/CPU쿨러 높이:170mm/미들타워/[패널]/전면 패널 타입:강화유리/측면 패널 타입:강화유리/[쿨러/튜닝]/쿨링팬:총4개/LED팬:4개/후면:120mm LED x1/내부 측면:120mm LED x3/[크기]/너비(W):218mm/깊이(D):434mm/높이(H):455mm/[호환성]/지원파워규격:표준-ATX/파워 장착 길이:260mm/파워 위치:하단후면/[부가기능]/팬 컨트롤/RGB 컨트롤/LED 색상:ARGB",https://img.danuri.io/catalog-image/371/816/105/ddf9777dfe5445b795ebe951aaf15686.jpg?shrink=80:80,False,
2026-08-23,케이스,"darkFlash,앱코",11884207,darkFlash DLX21 RGB MESH 강화유리 (화이트),102300,"ATX 케이스/지원보드규격:E-ATX,ATX,M-ATX,M-ITX/VGA 길이:400mm/CPU쿨러 높이:180mm/미들타워/[패널]/측면 패널 타입:강화유리/측면 개폐 방식:스윙도어/[쿨러/튜닝]/쿨링팬:총4개/LED팬:4개/후면:140mm LED x1/전면:140mm LED x3/[크기]/너비(W):233mm/깊이(D):448mm/높이(H):493mm/[호환성]/지원파워규격:표준-ATX/파워 장착 길이:235mm/파워 위치:하단후면/[부가기능]/RGB 컨트롤/LED 색상:RGB",https://img.danuri.io/catalog-image/207/884/011/e774353bdc4d45edb01e44a42641b88c.jpg?shrink=80:80,False,
2026-08-23,케이스,"darkFlash,앱코",122699730,darkFlash DK200 NEO MESH RGB 식스팬 (블랙),44820,"ATX 케이스/지원보드규격:ATX,M-ATX,M-ITX/VGA 길이:340mm/CPU쿨러 높이:165mm/미들타워/[패널]/전면 패널 타입:메쉬/측면 패널 타입:강화유리/[쿨러/튜닝]/쿨링팬:총6개/LED팬:6개/후면:120mm LED x1/전면:120mm LED x3/상단:120mm LED x2/[크기]/너비(W):218mm/높이(H):447mm/깊이(D):396mm/[호환성]/지원파워규격:표준-ATX/파워 장착 길이:200mm/파워 위치:하단전면/[부가기능]/RGB 컨트롤/LED 색상:RGB",https://img.danuri.io/catalog-image/730/699/122/914b893abd574b24ae210dd731b948d0.jpeg?shrink=80:80,False,
2026-08-23,케이스,"darkFlash,앱코",122679640,darkFlash DRX90 AERO MESH RGB (블랙),59580,"ATX 케이스/지원보드규격:ATX,M-ATX,M-ITX/VGA 길이:395mm/CPU쿨러 높이:185mm/미들타워/[패널]/전면 패널 타입:메쉬/측면 패널 타입:통풍구/[쿨러/튜닝]/쿨링팬:총4개/LED팬:4개/후면:120mm LED x1/전면:120mm LED x3/[크기]/너비(W):230mm/높이(H):460mm/깊이(D):465mm/[호환성]/지원파워규격:표준-ATX/파워 장착 길이:280mm/파워 위치:하단후면/[부가기능]/LED 색상:RGB",https://img.danuri.io/catalog-image/640/679/122/a41512b6ec6d4d8a85475a3aaffc39da.jpeg?shrink=80:80,False,
2026-08-23,케이스,"darkFlash,앱코",108390941,darkFlash DS950V ARGB 디스플레이 (블랙),97900,"ATX 케이스/지원보드규격:ATX,M-ATX,ITX/VGA 길이:400mm/CPU쿨러 높이:180mm/미들타워/[패널]/전면 패널 타입:강화유리/측면 패널 타입:강화유리/[쿨러/튜닝]/쿨링팬:총3개/LED팬:3개/후면:120mm LED x1/내부 측면:120mm LED x2/[크기]/너비(W):222mm/높이(H):465mm/깊이(D):450mm/[호환성]/지원파워규격:표준-ATX/파워 장착 길이:280mm/파워 위치:하단후면/[부가기능]/LED 색상:ARGB",https://img.danuri.io/catalog-image/941/390/108/26a19e26de884e41af0ca790478e696b.jpg?shrink=80:80,False,
2026-08-23,케이스,"darkFlash,앱코",72723323,darkFlash DQX80 ARGB BTF (화이트),93680,"ATX 케이스/지원보드규격:ATX,ATX (후면커넥터),M-ATX,M-ATX (후면커넥터),ITX/VGA 길이:415mm/CPU쿨러 높이:160mm/미들타워/[패널]/전면 패널 타입:강화유리/측면 패널 타입:강화유리/[쿨러/튜닝]/쿨링팬:총4개/LED팬:4개/후면:120mm/내부 측면:120mm/[크기]/너비(W):285mm/깊이(D):426mm/높이(H):448mm/[호환성]/지원파워규격:표준-ATX/파워 장착 길이:220mm/파워 위치:상단/[부가기능]/LED 색상:RGB",https://img.danuri.io/catalog-image/323/723/072/c4c95dbd16cb41a08e15d73c3f77bd87.jpg?shrink=80:80,False,
2026-08-23,케이스,"darkFlash,앱코",62071802,darkFlash DMO11 (화이트),24750,"M-ATX 케이스/지원보드규격:M-ATX,M-ITX/VGA 길이:270mm/CPU쿨러 높이:165mm/미니타워/[패널]/측면 패널 타입:통풍구/[쿨러/튜닝]/쿨링팬:총1개/후면:120mm x1/[크기]/너비(W):180mm/깊이(D):300mm/높이(H):355mm/[호환성]/지원파워규격:표준-ATX/파워 위치:상단",https://img.danuri.io/catalog-image/802/071/062/db6c6156c83a44d6992e437694f0a4f6.jpg?shrink=80:80,False,
2026-08-23,케이스,"darkFlash,앱코",105816257,darkFlash DS900 PRO ARGB (블랙),74250,"ATX 케이스/지원보드규격:ATX,M-ATX,ITX/VGA 길이:425mm/CPU쿨러 높이:170mm/미들타워/[패널]/전면 패널 타입:강화유리/측면 패널 타입:강화유리/[쿨러/튜닝]/쿨링팬:총4개/LED팬:4개/후면:120mm LED x1/내부 측면:120mm LED x3/[크기]/너비(W):218mm/깊이(D):434mm/높이(H):455mm/[호환성]/지원파워규격:표준-ATX/파워 장착 길이:260mm/파워 위치:하단후면/[부가기능]/팬 컨트롤/RGB 컨트롤/LED 색상:ARGB",https://img.danuri.io/catalog-image/257/816/105/9058630d75604cf3974a98d4a23d3e92.jpg?shrink=80:80,False,
2026-08-23,케이스,"darkFlash,앱코",59762132,darkFlash DK301M RGB MESH 강화유리 (블랙),36850,"M-ATX 케이스/지원보드규격:M-ATX,M-ITX/VGA 길이:295mm/CPU쿨러 높이:160mm/미니타워/[패널]/전면 패널 타입:메쉬/측면 패널 타입:강화유리/[쿨러/튜닝]/쿨링팬:총3개/LED팬:3개/후면:120mm LED x1/전면:120mm LED x2/[크기]/너비(W):200mm/깊이(D):363mm/높이(H):385mm/[호환성]/지원파워규격:표준-ATX/파워 장착 길이:170mm/파워 위치:하단후면/[부가기능]/LED 색상:RGB",https://img.danuri.io/catalog-image/132/762/059/12b9e68a229a49e687950699f3c46a9c.jpg?shrink=80:80,False,
2026-08-23,케이스,"darkFlash,앱코",31413674,darkFlash DRX70 MESH RGB 강화유리 (블랙),54130,"ATX 케이스/지원보드규격:ATX,M-ATX,M-ITX/VGA 길이:355mm/CPU쿨러 높이:180mm/미들타워/[패널]/전면 패널 타입:메쉬/측면 패널 타입:강화유리/[쿨러/튜닝]/쿨링팬:총4개/LED팬:4개/후면:120mm LED x1/전면:120mm LED x3/[크기]/너비(W):230mm/깊이(D):396mm/높이(H):462mm/[호환성]/지원파워규격:표준-ATX/파워 장착 길이:220mm/[부가기능]/LED 색상:RGB",https://img.danuri.io/catalog-image/674/413/031/bb3568149db54ee3a41836994cce905e.jpg?shrink=80:80,False,
2026-08-23,케이스,"darkFlash,앱코",122679643,darkFlash DRX90 AERO MESH RGB (화이트),64880,"ATX 케이스/지원보드규격:ATX,M-ATX,M-ITX/VGA 길이:395mm/CPU쿨러 높이:185mm/미들타워/[패널]/전면 패널 타입:메쉬/측면 패널 타입:통풍구/[쿨러/튜닝]/쿨링팬:총4개/LED팬:4개/후면:120mm LED x1/전면:120mm LED x3/[크기]/너비(W):230mm/높이(H):460mm/깊이(D):465mm/[호환성]/지원파워규격:표준-ATX/파워 장착 길이:280mm/파워 위치:하단후면/[부가기능]/LED 색상:RGB",https://img.danuri.io/catalog-image/643/679/122/2e19b3fd3bf64b948c9e54e93f18c671.jpeg?shrink=80:80,False,
2026-08-23,케이스,"darkFlash,앱코",122678063,앱코 UD51L 엑시드 LCD 강화유리 ARGB BTF (화이트),158500,"ATX 케이스/지원보드규격:ATX,ATX (후면커넥터),M-ATX,M-ATX (후면커넥터),ITX/VGA 길이:345mm/CPU쿨러 높이:160mm/미들타워/수직 PCI형태:슬롯변경형/[패널]/전면 패널 타입:강화유리/측면 패널 타입:강화유리/[쿨러/튜닝]/쿨링팬:총4개/LED팬:4개/후면:120mm LED x1/내부 측면:120mm LED x3/[크기]/너비(W):277mm/높이(H):430mm/깊이(D):443mm/[호환성]/지원파워규격:표준-ATX/파워 장착 길이:240mm/파워 위치:상단/[부가기능]/LED 색상:ARGB",https://img.danuri.io/catalog-image/063/678/122/a9931055705f4eb8bdf699e9bcf97305.jpeg?shrink=80:80,False,
2026-08-23,케이스,"darkFlash,앱코",108390974,darkFlash DS950V ARGB 디스플레이 (화이트),103080,"ATX 케이스/지원보드규격:ATX,M-ATX,ITX/VGA 길이:400mm/CPU쿨러 높이:180mm/미들타워/[패널]/전면 패널 타입:강화유리/측면 패널 타입:강화유리/[쿨러/튜닝]/쿨링팬:총3개/LED팬:3개/후면:120mm LED x1/내부 측면:120mm LED x2/[크기]/너비(W):222mm/높이(H):465mm/깊이(D):450mm/[호환성]/지원파워규격:표준-ATX/파워 장착 길이:280mm/파워 위치:하단후면/[부가기능]/LED 색상:ARGB",https://img.danuri.io/catalog-image/974/390/108/f128a81d304543bba59e536755251d70.jpg?shrink=80:80,False,
2026-08-23,케이스,"darkFlash,앱코",122678036,앱코 UD51L 엑시드 LCD 강화유리 ARGB BTF (블랙),0,"ATX 케이스/지원보드규격:ATX,ATX (후면커넥터),M-ATX,M-ATX (후면커넥터),ITX/VGA 길이:345mm/CPU쿨러 높이:160mm/미들타워/수직 PCI형태:슬롯변경형/[패널]/전면 패널 타입:강화유리/측면 패널 타입:강화유리/[쿨러/튜닝]/쿨링팬:총4개/LED팬:4개/후면:120mm LED x1/내부 측면:120mm LED x3/[크기]/너비(W):277mm/높이(H):430mm/깊이(D):443mm/[호환성]/지원파워규격:표준-ATX/파워 장착 길이:240mm/파워 위치:상단/[부가기능]/LED 색상:ARGB",https://img.danuri.io/catalog-image/036/678/122/5349cc43a49f4e8da27e645e30ce6239.jpeg?shrink=80:80,True,가격정보없음(판매준비/판매중지)
2026-08-23,케이스,"darkFlash,앱코",28058570,앱코 G15 세이퍼 아크릴 (블랙),38720,"ATX 케이스/지원보드규격:ATX,M-ATX,M-ITX/VGA 길이:300mm/CPU쿨러 높이:160mm/미들타워/[패널]/전면 패널 타입:메쉬/측면 패널 타입:아크릴/[쿨러/튜닝]/쿨링팬:총4개/LED팬:4개/후면:120mm LED X1/전면:120mm LED X3/[크기]/너비(W):205mm/깊이(D):350mm/높이(H):445mm/[호환성]/지원파워규격:표준-ATX/파워 장착 길이:140~150mm/파워 위치:하단후면/[변경사항]/23년 10월 ssd 최대 3개 장착 → 2개로 변경",https://img.danuri.io/catalog-image/570/058/028/002345b696a04f94a966e3e4b2afc12f.jpg?shrink=80:80,False,
2026-08-23,케이스,"darkFlash,앱코",122617755,darkFlash DLX ULTRA MESH (블랙),142880,"ATX 케이스/지원보드규격:E-ATX,ATX,ATX (후면커넥터),M-ATX,M-ATX (후면커넥터),ITX/VGA 길이:480mm/CPU쿨러 높이:190mm/빅타워/수직 PCI형태:슬롯변경형/[패널]/전면 패널 타입:메쉬/측면 패널 타입:통풍구/[쿨러/튜닝]/쿨링팬:총4개/후면:140mm x1/전면:140mm x3/[크기]/너비(W):249mm/높이(H):535mm/깊이(D):560mm/[호환성]/지원파워규격:표준-ATX/파워 장착 길이:260mm/파워 위치:하단후면",https://img.danuri.io/catalog-image/755/617/122/c27d979de0c54764bd03c4f7b5851445.jpeg?shrink=80:80,False,
2026-08-23,케이스,"darkFlash,앱코",17976938,darkFlash DK110,19800,"ATX 케이스/지원보드규격:ATX,M-ATX,M-ITX/VGA 길이:285mm/CPU쿨러 높이:160mm/미들타워/[패널]/측면 패널 타입:통풍구/[쿨러/튜닝]/쿨링팬:총1개/후면:120mm x1/[크기]/너비(W):190mm/깊이(D):344mm/높이(H):410mm/[호환성]/지원파워규격:표준-ATX/파워 위치:상단",https://img.danuri.io/catalog-image/938/976/017/d8d120bd27a945c28c80aac2389a1b1f.jpg?shrink=80:80,False,
2026-08-23,케이스,"darkFlash,앱코",91348985,앱코 UD20M 미니웨일 (화이트),0,"M-ATX 케이스/지원보드규격:M-ATX,M-ITX/VGA 길이:325mm/CPU쿨러 높이:155mm/미니타워/[패널]/전면 패널 타입:강화유리/측면 패널 타입:강화유리/[쿨러/튜닝]/쿨링팬:총3개/LED팬:3개/후면:120mm LED  x1/하단:120mm LED x2/[크기]/너비(W):335mm/깊이(D):275mm/높이(H):353mm/[호환성]/지원파워규격:표준-ATX/파워 장착 길이:210mm/파워 위치:하단후면/[부가기능]/LED 색상:RGB",https://img.danuri.io/catalog-image/985/348/091/6bb95b2963e14664976ea50be90c9843.jpg?shrink=80:80,True,가격정보없음(판매준비/판매중지)
2026-08-23,케이스,"darkFlash,앱코",123993804,darkFlash DMO21 (블랙),22430,"미니ITX/지원보드규격:M-ATX,ITX/VGA 길이:300mm/CPU쿨러 높이:160mm/미니타워/[패널]/전면 패널 타입:일반(솔리드)/측면 패널 타입:통풍구/[쿨러/튜닝]/쿨링팬:총1개/후면:120mm x1/[크기]/너비(W):195mm/높이(H):387mm/깊이(D):325mm/[호환성]/파워 장착 길이:160mm/파워 위치:하단후면",https://img.danuri.io/catalog-image/804/993/123/011248d53fda428683747bdaab3bdf7a.jpeg?shrink=80:80,False,
2026-08-23,케이스,"darkFlash,앱코",101632583,앱코 U10M 큐빅 라이트 (블랙),20130,"M-ATX 케이스/지원보드규격:M-ATX,M-ITX/VGA 길이:300mm/CPU쿨러 높이:160mm/미니타워/[패널]/전면 패널 타입:강화유리/측면 패널 타입:강화유리/[쿨러/튜닝]/쿨링팬:총1개/LED팬:1개/후면:120mm LED x1/[크기]/너비(W):195mm/깊이(D):310mm/높이(H):422mm/[호환성]/지원파워규격:표준-ATX/파워 위치:하단후면/[부가기능]/LED 색상:RGB",https://img.danuri.io/catalog-image/583/632/101/e5bbdfc57c644866abe04a5286b7d594.jpg?shrink=80:80,False,
2026-08-23,케이스,"darkFlash,앱코",100271060,darkFlash DPF70 ARGB (블랙),64380,"ATX 케이스/지원보드규격:ATX,M-ATX,ITX/VGA 길이:410mm/CPU쿨러 높이:160mm/미들타워/[패널]/전면 패널 타입:강화유리/측면 패널 타입:강화유리/[쿨러/튜닝]/쿨링팬:총4개/LED팬:4개/후면:120mm LED x1/내부 측면:120mm LED x3/[크기]/너비(W):275mm/깊이(D):425mm/높이(H):398mm/[호환성]/지원파워규격:표준-ATX/파워 장착 길이:230mm/파워 위치:하단후면/[부가기능]/팬 컨트롤/RGB 컨트롤/LED 색상:ARGB",https://img.danuri.io/catalog-image/060/271/100/17c5b2e66116479f9781e26638026fbc.jpg?shrink=80:80,False,
2026-08-23,케이스,"darkFlash,앱코",8043859,앱코 NCORE 언더바,24090,"ATX 케이스/지원보드규격:ATX,M-ATX,M-ITX/VGA 길이:310mm/CPU쿨러 높이:163mm/미들타워/[패널]/전면 패널 타입:일반(솔리드)/[쿨러/튜닝]/쿨링팬:총1개/후면:120mm x1/[크기]/너비(W):198mm/깊이(D):375mm/높이(H):413mm/[호환성]/지원파워규격:표준-ATX/파워 장착 길이:200mm/파워 위치:상단",https://img.danuri.io/catalog-image/859/043/008/4823a889b5ed48c5b939b359841c7d09.jpg?shrink=80:80,False,
2026-08-23,케이스,"darkFlash,앱코",99640955,앱코 G50 빅플로우 MESH ARGB BTF (화이트),108350,"ATX 케이스/지원보드규격:E-ATX,ATX,ATX (후면커넥터),M-ATX,M-ATX (후면커넥터),M-ITX/VGA 길이:408mm/CPU쿨러 높이:180mm/미들타워/[패널]/전면 패널 타입:메쉬/측면 패널 타입:강화유리/[쿨러/튜닝]/쿨링팬:총4개/LED팬:4개/후면:140mm LED x1/전면:140mm LED x3/[크기]/너비(W):238mm/깊이(D):479mm/높이(H):500mm/[호환성]/지원파워규격:표준-ATX/파워 장착 길이:240mm/파워 위치:하단후면/[부가기능]/팬 컨트롤/RGB 컨트롤/LED 색상:ARGB",https://img.danuri.io/catalog-image/955/640/099/a09c36d36f1140e480e46f6c64f16e43.jpg?shrink=80:80,False,
2026-08-23,케이스,"darkFlash,앱코",14705840,앱코 NCORE G30 트루포스 (블랙),49170,"ATX 케이스/지원보드규격:ATX,M-ATX,M-ITX/VGA 길이:340mm/CPU쿨러 높이:175mm/미들타워/[패널]/전면 패널 타입:메쉬/측면 패널 타입:강화유리/[쿨러/튜닝]/쿨링팬:총6개/LED팬:4개/후면:120mm LED x1/전면:120mm LED x3/상단:120mm x2/[크기]/너비(W):225mm/깊이(D):385mm/높이(H):485mm/[호환성]/지원파워규격:표준-ATX/파워 장착 길이:345mm/파워 위치:하단후면",https://img.danuri.io/catalog-image/840/705/014/dc9a6a43f70c49a3aae3fd06baef9968.jpg?shrink=80:80,False,
2026-08-23,케이스,"darkFlash,앱코",13818002,darkFlash DLH21 (민트),103400,미니ITX/지원보드규격:M-ITX/VGA 길이:320mm/CPU쿨러 높이:134mm/미니ITX(리틀밸리)/지원파워규격:M-ATX(SFX)/수직 PCI형태:기본형/[패널]/전면 패널 타입:메쉬/[쿨러/튜닝]/쿨링팬:총1개/상단:92mm/[크기]/너비(W):175mm/높이(H):412mm/깊이(D):238mm/[호환성]/파워 장착 길이:125mm/파워 위치:하단후면/[부가기능]/외부 LED/LED 색상:RGB,https://img.danuri.io/catalog-image/002/818/013/9d200a6ea7034f5483e495bd487a7785.jpg?shrink=80:80,False,
2026-08-23,케이스,"darkFlash,앱코",71904299,darkFlash DP360 MESH RGB 강화유리 (블랙),46310,"ATX 케이스/지원보드규격:ATX,M-ATX,M-ITX/VGA 길이:350mm/CPU쿨러 높이:180mm/미들타워/[패널]/전면 패널 타입:메쉬/측면 패널 타입:강화유리/측면 개폐 방식:스윙도어/[쿨러/튜닝]/쿨링팬:총4개/LED팬:4개/후면:120mm LED x1/전면:120mm LED x3/[크기]/너비(W):230mm/깊이(D):390mm/높이(H):456mm/[호환성]/지원파워규격:표준-ATX/파워 장착 길이:215mm/파워 위치:하단후면/[부가기능]/LED 색상:RGB",https://img.danuri.io/catalog-image/299/904/071/af7e27aaefac45c298e6f304399df267.jpg?shrink=80:80,False,
2026-08-23,케이스,"darkFlash,앱코",17584208,darkFlash VB-X 4.0 라이저 케이블 지지대 KIT 215mm (화이트),0,액세서리/라이저 케이블/길이: 215mm / PCIe 4.0x16 지원,https://img.danuri.io/catalog-image/208/584/017/1eeb4e64fe1f44ceb8df4852c68ea3f3.jpg?shrink=80:80,True,"가격정보없음(판매준비/판매중지),액세서리(대상부품아님)"
2026-08-23,케이스,"darkFlash,앱코",86098574,darkFlash DS900 ARGB 강화유리 (블랙 우드),64070,"ATX 케이스/지원보드규격:ATX,M-ATX,ITX/VGA 길이:425mm/CPU쿨러 높이:170mm/미들타워/[패널]/전면 패널 타입:강화유리/측면 패널 타입:강화유리/[쿨러/튜닝]/쿨링팬:총4개/LED팬:4개/후면:120mm LED x1/내부 측면:120mm LED x3/[크기]/너비(W):218mm/깊이(D):434mm/높이(H):454mm/[호환성]/지원파워규격:표준-ATX/파워 장착 길이:260mm/파워 위치:하단후면/[부가기능]/LED 색상:ARGB",https://img.danuri.io/catalog-image/574/098/086/69ff0e2f9f4d45618173511b85e80b3f.jpg?shrink=80:80,False,
2026-08-23,케이스,"darkFlash,앱코",99735548,darkFlash DY460 ARGB BTF (블랙),96910,"ATX 케이스/지원보드규격:ATX,ATX (후면커넥터),M-ATX,M-ATX (후면커넥터),ITX/VGA 길이:410mm/CPU쿨러 높이:175mm/미들타워/[패널]/전면 패널 타입:강화유리/측면 패널 타입:강화유리/[쿨러/튜닝]/쿨링팬:총4개/LED팬:4개/후면:120mm LED x1/전면:120mm LED x3/[크기]/너비(W):238mm/깊이(D):452mm/높이(H):541mm/지원파워규격:표준-ATX/파워 장착 길이:260mm/파워 위치:하단후면/[부가기능]/LED 색상:ARGB",https://img.danuri.io/catalog-image/548/735/099/82fd804d52c94aabbbbd51311d065bab.jpg?shrink=80:80,False,
2026-08-23,케이스,"darkFlash,앱코",31412510,앱코 O10M 오피스 라이트 (블랙),19980,"M-ATX 케이스/지원보드규격:M-ATX,M-ITX/VGA 길이:260mm/CPU쿨러 높이:135mm/미니타워/[패널]/전면 패널 타입:일반(솔리드)/측면 패널 타입:통풍구/[쿨러/튜닝]/쿨링팬:총1개/후면:80mm x1/[크기]/너비(W):160mm/깊이(D):284mm/높이(H):350mm/[호환성]/지원파워규격:표준-ATX/파워 장착 길이:250mm/파워 위치:상단",https://img.danuri.io/catalog-image/510/412/031/49556add4d2a4561b9d4211bd348fcc5.jpg?shrink=80:80,False,
2026-08-23,케이스,"darkFlash,앱코",71904314,darkFlash DP360 MESH RGB 강화유리 (화이트),46090,"ATX 케이스/지원보드규격:ATX,M-ATX,M-ITX/VGA 길이:350mm/CPU쿨러 높이:180mm/미들타워/[패널]/전면 패널 타입:메쉬/측면 패널 타입:강화유리/측면 개폐 방식:스윙도어/[쿨러/튜닝]/쿨링팬:총4개/LED팬:4개/후면:120mm LED x1/전면:120mm LED x3/[크기]/너비(W):230mm/깊이(D):390mm/높이(H):456mm/[호환성]/지원파워규격:표준-ATX/파워 장착 길이:215mm/파워 위치:하단후면/[부가기능]/LED 색상:RGB",https://img.danuri.io/catalog-image/314/904/071/fb4b073d2f6a4f93933a45c87cd84101.jpg?shrink=80:80,False,
2026-08-23,케이스,"darkFlash,앱코",68574671,앱코 UD50 블루웨일 ARGB BTF (블랙),66440,"ATX 케이스/지원보드규격:ATX,ATX (후면커넥터),M-ATX,M-ATX (후면커넥터),M-ITX/VGA 길이:418mm/CPU쿨러 높이:160mm/미들타워/[패널]/전면 패널 타입:강화유리/측면 패널 타입:강화유리/[쿨러/튜닝]/쿨링팬:총4개/LED팬:4개/후면:120mm LED X1/내부 측면:120mm LED X3/[크기]/너비(W):285mm/깊이(D):426mm/높이(H):400mm/[호환성]/지원파워규격:표준-ATX/[부가기능]/LED 색상:ARGB",https://img.danuri.io/catalog-image/671/574/068/19fc01361e8145a994b332372f94bb2a.jpg?shrink=80:80,False,
2026-08-23,케이스,"darkFlash,앱코",123134408,darkFlash FLOATRON F1 ARGB (블랙),125430,"ATX 케이스/지원보드규격:ATX,ATX (후면커넥터),M-ATX,M-ATX (후면커넥터),ITX/VGA 길이:415mm/CPU쿨러 높이:180mm/미들타워/[패널]/전면 패널 타입:강화유리/측면 패널 타입:강화유리/[크기]/너비(W):240mm/높이(H):464mm/깊이(D):452mm/[호환성]/지원파워규격:표준-ATX/파워 장착 길이:200mm/파워 위치:하단후면/[부가기능]/LED 색상:ARGB",https://img.danuri.io/catalog-image/408/134/123/c55c797ab0ec4c4383b1a5f259b59e1d.jpeg?shrink=80:80,False,
2026-08-23,케이스,"darkFlash,앱코",101013629,darkFlash DS500M RGB (화이트),46200,"M-ATX 케이스/지원보드규격:M-ATX,ITX/VGA 길이:405mm/CPU쿨러 높이:165mm/미니타워/[패널]/전면 패널 타입:강화유리/측면 패널 타입:강화유리/[쿨러/튜닝]/쿨링팬:총3개/LED팬:3개/후면:120mm LED x1/내부 측면:120mm LED x2/[크기]/너비(W):210mm/깊이(D):413mm/높이(H):450mm/[호환성]/지원파워규격:표준-ATX/파워 장착 길이:230mm/파워 위치:하단후면/[부가기능]/LED 색상:RGB",https://img.danuri.io/catalog-image/629/013/101/7f1adc6202364e7498d74a316ecdbb01.jpg?shrink=80:80,False,
2026-08-23,케이스,"darkFlash,앱코",68440877,darkFlash DY470 ARGB 강화유리 (화이트),127020,"ATX 케이스/지원보드규격:ATX,ATX (후면커넥터),M-ATX,M-ITX/VGA 길이:410mm/CPU쿨러 높이:175mm/미들타워/[패널]/전면 패널 타입:강화유리/측면 패널 타입:강화유리/[쿨러/튜닝]/쿨링팬:총4개/LED팬:4개/후면:120mm LED x1/내부 측면:120mm LED x3/[크기]/너비(W):298mm/깊이(D):473mm/높이(H):497mm/[호환성]/지원파워규격:표준-ATX/[부가기능]/LED 색상:ARGB",https://img.danuri.io/catalog-image/877/440/068/8b6c14fe4a074d0caf556c664fea293c.jpg?shrink=80:80,False,
2026-08-23,케이스,"darkFlash,앱코",93320471,앱코 UD50C 루시드 앰비언트 풀커브드 ARGB BTF (화이트),136400,"ATX 케이스/지원보드규격:ATX,ATX (후면커넥터),M-ATX,M-ATX (후면커넥터),M-ITX/VGA 길이:420mm/CPU쿨러 높이:160mm/미들타워/[패널]/전면 패널 타입:강화유리/측면 패널 타입:강화유리/[쿨러/튜닝]/쿨링팬:총4개/LED팬:4개/후면:120mm LED X1/내부 측면:120mm LED X3/[크기]/너비(W):285mm/깊이(D):460mm/높이(H):400mm/[호환성]/지원파워규격:표준-ATX/파워 장착 길이:210mmmm/파워 위치:상단/[부가기능]/외부 LED/팬 컨트롤/RGB 컨트롤/LED 색상:ARGB",https://img.danuri.io/catalog-image/471/320/093/c4a0b143536c4efeabb015071ee90c51.jpg?shrink=80:80,False,
2026-08-23,케이스,"darkFlash,앱코",31413680,darkFlash DRX70 MESH RGB 강화유리 (화이트),56880,"ATX 케이스/지원보드규격:ATX,M-ATX,M-ITX/VGA 길이:355mm/CPU쿨러 높이:180mm/미들타워/[패널]/전면 패널 타입:메쉬/측면 패널 타입:강화유리/[쿨러/튜닝]/쿨링팬:총4개/LED팬:4개/후면:120mm LED x1/전면:120mm LED x3/[크기]/너비(W):230mm/깊이(D):396mm/높이(H):462mm/[호환성]/지원파워규격:표준-ATX/파워 장착 길이:220mm/[부가기능]/LED 색상:RGB",https://img.danuri.io/catalog-image/680/413/031/3b2cf641d62a47b2a0c9578776cb2af7.jpg?shrink=80:80,False,
2026-08-23,케이스,"darkFlash,앱코",123134410,darkFlash FLOATRON F1 ARGB (화이트 블랙),125370,"ATX 케이스/지원보드규격:ATX,ATX (후면커넥터),M-ATX,M-ATX (후면커넥터),ITX/VGA 길이:415mm/CPU쿨러 높이:180mm/미들타워/[패널]/전면 패널 타입:강화유리/측면 패널 타입:강화유리/[크기]/너비(W):240mm/높이(H):464mm/깊이(D):452mm/[호환성]/지원파워규격:표준-ATX/파워 장착 길이:200mm/파워 위치:하단후면/[부가기능]/LED 색상:ARGB",https://img.danuri.io/catalog-image/410/134/123/4954c6616da64bd1a0f1eacd6efde3e0.jpeg?shrink=80:80,False,
2026-08-23,케이스,"darkFlash,앱코",76946669,darkFlash DF4100 MESH ARGB BTF (블랙),78070,"ATX 케이스/지원보드규격:E-ATX,ATX,ATX (후면커넥터),M-ATX,M-ATX (후면커넥터),ITX/VGA 길이:435mm/CPU쿨러 높이:185mm/수직 PCI형태:슬롯변경형/[패널]/전면 패널 타입:메쉬/측면 패널 타입:강화유리/[쿨러/튜닝]/쿨링팬:총4개/LED팬:4개/후면:140mm LED x1/전면:140mm LED x3/[크기]/너비(W):235mm/깊이(D):485mm/높이(H):505mm/[호환성]/지원파워규격:표준-ATX/파워 장착 길이:250mm/파워 위치:하단후면/[부가기능]/RGB 컨트롤/LED 색상:ARGB",https://img.danuri.io/catalog-image/669/946/076/2692f842e18f44f597f93788328b77fa.jpg?shrink=80:80,False,
2026-08-23,케이스,"darkFlash,앱코",60321872,darkFlash DS900M RGB 강화유리 (화이트),48870,"M-ATX 케이스/지원보드규격:M-ATX,M-ITX/VGA 길이:425mm/CPU쿨러 높이:170mm/미니타워/[패널]/전면 패널 타입:강화유리/측면 패널 타입:강화유리/[쿨러/튜닝]/쿨링팬:총3개/LED팬:3개/후면:120mm LED x1/내부 측면:120mm LED x2/[크기]/너비(W):218mm/깊이(D):434mm/높이(H):414mm/[호환성]/지원파워규격:표준-ATX/파워 장착 길이:260mm/파워 위치:하단후면/[부가기능]/LED 색상:RGB",https://img.danuri.io/catalog-image/872/321/060/1d574bd49b9642d2871c24b87ecd58e3.jpg?shrink=80:80,False,
2026-08-23,케이스,"darkFlash,앱코",72723491,darkFlash DCM30 RGB 강화유리 (블랙),34100,"ATX 케이스/지원보드규격:M-ATX,M-ITX/VGA 길이:325mm/CPU쿨러 높이:155mm/미니타워/[패널]/전면 패널 타입:강화유리/측면 패널 타입:강화유리/[쿨러/튜닝]/쿨링팬:총3개/LED팬:3개/후면:120mm/내부 측면:120mm/[크기]/너비(W):275mm/깊이(D):333mm/높이(H):323mm/[호환성]/지원파워규격:표준-ATX/파워 장착 길이:160mm/파워 위치:하단후면/[부가기능]/LED 색상:RGB",https://img.danuri.io/catalog-image/491/723/072/80bf43d0541b47c489d126b83bd3f92c.jpg?shrink=80:80,False,
2026-08-23,케이스,"darkFlash,앱코",73616639,앱코 SUITMASTER MF360 리얼우드 (블랙),74250,"ATX 케이스/지원보드규격:ATX,M-ATX,M-ITX/VGA 길이:410mm/CPU쿨러 높이:165mm/미들타워/[패널]/측면 패널 타입:강화유리/측면 개폐 방식:스윙도어/[쿨러/튜닝]/쿨링팬:총4개/후면:120mm x1/전면:140mm x3/[크기]/너비(W):210mm/깊이(D):465mm/높이(H):485mm/[호환성]/지원파워규격:표준-ATX/파워 장착 길이:250mm/파워 위치:하단후면",https://img.danuri.io/catalog-image/639/616/073/7572ca1f9c884f2e9a6d83413e3823ee.jpg?shrink=80:80,False,
2026-08-23,케이스,"darkFlash,앱코",89861615,darkFlash DCM33 RGB (블랙),36300,"M-ATX 케이스/지원보드규격:M-ATX,ITX/VGA 길이:325mm/CPU쿨러 높이:155mm/미니타워/[패널]/전면 패널 타입:강화유리/측면 패널 타입:강화유리/[쿨러/튜닝]/쿨링팬:총3개/LED팬:3개/후면:120mm LED x1/내부 측면:120mm LED x2/[크기]/너비(W):275mm/깊이(D):335mm/높이(H):327mm/[호환성]/지원파워규격:표준-ATX/파워 장착 길이:160mm/파워 위치:하단후면/[부가기능]/LED 색상:RGB",https://img.danuri.io/catalog-image/615/861/089/f4a68143884d481a8edbae6c89f037c6.jpg?shrink=80:80,False,
2026-08-23,케이스,"darkFlash,앱코",92187578,darkFlash DW500 우드 MESH RGB (블랙),68290,"ATX 케이스/지원보드규격:ATX,M-ATX,ITX/VGA 길이:425mm/CPU쿨러 높이:170mm/미들타워/[패널]/전면 패널 타입:메쉬/측면 패널 타입:강화유리/[쿨러/튜닝]/쿨링팬:총4개/LED팬:4개/후면:120mm LED x1/전면:120mm LED x3/[크기]/너비(W):218mm/깊이(D):470mm/높이(H):454mm/[호환성]/지원파워규격:표준-ATX/파워 장착 길이:260mm/파워 위치:하단후면/[부가기능]/LED 색상:RGB",https://img.danuri.io/catalog-image/578/187/092/13631001f4c84c25a7da51aa4f42b14b.jpg?shrink=80:80,False,
2026-08-23,케이스,"darkFlash,앱코",80464100,darkFlash DB460M MESH RGB (블랙),42340,"M-ATX 케이스/지원보드규격:M-ATX,M-ITX/VGA 길이:420mm/CPU쿨러 높이:174mm/미니타워/[패널]/전면 패널 타입:메쉬/측면 패널 타입:강화유리/[쿨러/튜닝]/쿨링팬:총3개/LED팬:3개/후면:120mm LED x1/전면:120mm LED x2/[크기]/너비(W):220mm/깊이(D):469mm/높이(H):408mm/[호환성]/지원파워규격:표준-ATX/파워 장착 길이:240mm/파워 위치:하단후면/[부가기능]/LED 색상:RGB",https://img.danuri.io/catalog-image/100/464/080/b334e1703d8e4f89ab1ff10cabf53dab.jpg?shrink=80:80,False,
2026-08-23,케이스,"darkFlash,앱코",76946687,darkFlash DF4100 MESH ARGB BTF (화이트),83990,"ATX 케이스/지원보드규격:E-ATX,ATX,ATX (후면커넥터),M-ATX,M-ATX (후면커넥터),ITX/VGA 길이:435mm/CPU쿨러 높이:185mm/수직 PCI형태:슬롯변경형/[패널]/전면 패널 타입:메쉬/측면 패널 타입:강화유리/[쿨러/튜닝]/쿨링팬:총4개/LED팬:4개/후면:140mm LED x1/전면:140mm LED x3/[크기]/너비(W):235mm/깊이(D):485mm/높이(H):505mm/[호환성]/지원파워규격:표준-ATX/파워 장착 길이:250mm/파워 위치:하단후면/[부가기능]/RGB 컨트롤/LED 색상:ARGB",https://img.danuri.io/catalog-image/687/946/076/b0ac9844007141ef9eebdd7c1d789bb8.jpg?shrink=80:80,False,
2026-08-23,케이스,"darkFlash,앱코",64392029,앱코 U40M 웨일샤크 ARGB BTF (블랙),56320,"M-ATX 케이스/지원보드규격:M-ATX,M-ATX (후면커넥터),M-ITX/VGA 길이:410mm/CPU쿨러 높이:160mm/미니타워/[패널]/전면 패널 타입:강화유리/측면 패널 타입:강화유리/측면 개폐 방식:버튼/[쿨러/튜닝]/쿨링팬:총3개/LED팬:3개/후면:120mm LED x1/내부 측면:120mm LED x2/[크기]/너비(W):218mm/깊이(D):420mm/높이(H):395mm/[호환성]/지원파워규격:표준-ATX/파워 장착 길이:240mm/파워 위치:하단후면/[부가기능]/LED 색상:ARGB",https://img.danuri.io/catalog-image/029/392/064/9dca9f2d2962473594c03e9ad552edc8.jpg?shrink=80:80,False,
2026-08-23,케이스,"darkFlash,앱코",94088744,앱코 G26 메가플로우 MESH (화이트),46420,"ATX 케이스/지원보드규격:ATX,M-ATX,M-ITX/VGA 길이:400mm/CPU쿨러 높이:165mm/미들타워/[패널]/전면 패널 타입:메쉬/측면 패널 타입:강화유리/[쿨러/튜닝]/쿨링팬:총3개/LED팬:3개/후면:120mm LED x1/전면:140mm LED x2/[크기]/너비(W):212mm/깊이(D):420mm/높이(H):485mm/[호환성]/지원파워규격:표준-ATX/파워 장착 길이:200mm/파워 위치:하단후면/[부가기능]/LED 색상:RGB",https://img.danuri.io/catalog-image/744/088/094/0b9c4c9f7d1149d580feea53842d2fc2.jpg?shrink=80:80,False,
2026-08-23,케이스,"darkFlash,앱코",60321833,darkFlash DS900M RGB 강화유리 (블랙),47300,"M-ATX 케이스/지원보드규격:M-ATX,M-ITX/VGA 길이:425mm/CPU쿨러 높이:170mm/미니타워/[패널]/전면 패널 타입:강화유리/측면 패널 타입:강화유리/[쿨러/튜닝]/쿨링팬:총3개/LED팬:3개/후면:120mm LED x1/내부 측면:120mm LED x2/[크기]/너비(W):218mm/깊이(D):434mm/높이(H):414mm/[호환성]/지원파워규격:표준-ATX/파워 장착 길이:260mm/파워 위치:하단후면/[부가기능]/LED 색상:RGB",https://img.danuri.io/catalog-image/833/321/060/24e23ad947f34b41bb7b1e1fa355f7e0.jpg?shrink=80:80,False,
2026-08-23,케이스,"darkFlash,앱코",99735608,darkFlash DY460 ARGB BTF (화이트),98260,"ATX 케이스/지원보드규격:ATX,ATX (후면커넥터),M-ATX,M-ATX (후면커넥터),ITX/VGA 길이:410mm/CPU쿨러 높이:175mm/미들타워/[패널]/전면 패널 타입:강화유리/측면 패널 타입:강화유리/[쿨러/튜닝]/쿨링팬:총4개/LED팬:4개/후면:120mm LED x1/전면:120mm LED x3/[크기]/너비(W):238mm/깊이(D):452mm/높이(H):541mm/지원파워규격:표준-ATX/파워 장착 길이:260mm/파워 위치:하단후면/[부가기능]/LED 색상:ARGB",https://img.danuri.io/catalog-image/608/735/099/ef8d438845a84e7c8484689caebbd49c.jpg?shrink=80:80,False,
2026-08-23,케이스,"darkFlash,앱코",101013590,darkFlash DS500M RGB (블랙),42460,"M-ATX 케이스/지원보드규격:M-ATX,ITX/VGA 길이:405mm/CPU쿨러 높이:165mm/미니타워/[패널]/전면 패널 타입:강화유리/측면 패널 타입:강화유리/[쿨러/튜닝]/쿨링팬:총3개/LED팬:3개/후면:120mm LED x1/내부 측면:120mm LED x2/[크기]/너비(W):210mm/깊이(D):413mm/높이(H):450mm/[호환성]/지원파워규격:표준-ATX/파워 장착 길이:230mm/파워 위치:하단후면/[부가기능]/LED 색상:RGB",https://img.danuri.io/catalog-image/590/013/101/6eb2f492975c43de8a751732a5aa3c17.jpg?shrink=80:80,False,
2026-08-23,케이스,"darkFlash,앱코",91348970,앱코 UD20M 미니웨일 (블랙),25850,"M-ATX 케이스/지원보드규격:M-ATX,M-ITX/VGA 길이:325mm/CPU쿨러 높이:155mm/미니타워/[패널]/전면 패널 타입:강화유리/측면 패널 타입:강화유리/[쿨러/튜닝]/쿨링팬:총3개/LED팬:3개/후면:120mm LED  x1/하단:120mm LED x2/[크기]/너비(W):335mm/깊이(D):275mm/높이(H):353mm/[호환성]/지원파워규격:표준-ATX/파워 장착 길이:210mm/파워 위치:하단후면/[부가기능]/LED 색상:RGB",https://img.danuri.io/catalog-image/970/348/091/3ee04a03650e4167941e291ff12389c8.jpg?shrink=80:80,False,
2026-08-23,케이스,"darkFlash,앱코",9376491,darkFlash DLM21 RGB MESH 강화유리 (화이트),58540,"M-ATX 케이스/지원보드규격:M-ATX,M-ITX/VGA 길이:330mm/CPU쿨러 높이:160mm/미니타워/[패널]/전면 패널 타입:메쉬/측면 패널 타입:강화유리/측면 개폐 방식:스윙도어/[쿨러/튜닝]/쿨링팬:총4개/LED팬:4개/후면:120mm LED x1/전면:120mm LED x3/[크기]/너비(W):208mm/깊이(D):376mm/높이(H):425mm/[호환성]/지원파워규격:표준-ATX/파워 장착 길이:210mm/파워 위치:하단후면/[부가기능]/RGB 컨트롤/LED 색상:RGB/[변경사항]/24년 7월 전면팬 120mm LED x2 → x3 으로 변경 / 후면팬 C6M → C6AM 변경",https://img.danuri.io/catalog-image/491/376/009/b47f6f813e56433f844704f19c759f2c.jpg?shrink=80:80,False,
2026-08-23,케이스,"darkFlash,앱코",13381634,darkFlash DK200 RGB 강화유리 (화이트),44740,"ATX 케이스/지원보드규격:ATX,M-ATX,M-ITX/VGA 길이:320mm/CPU쿨러 높이:160mm/미들타워/[패널]/전면 패널 타입:메쉬/측면 패널 타입:강화유리/[쿨러/튜닝]/쿨링팬:총6개/LED팬:4개/후면:120mm LED x1/전면:120mm LED x3/상단:120mm x2/[크기]/너비(W):200mm/깊이(D):365mm/높이(H):441mm/[호환성]/지원파워규격:표준-ATX/파워 장착 길이:185mm/파워 위치:하단후면/[부가기능]/LED 색상:RGB/[변경사항]/24년 6월 팬 LED ON/OFF 버튼 추가",https://img.danuri.io/catalog-image/634/381/013/07ce7a2802a34ec2a0a2212d8ab7cdf8.jpg?shrink=80:80,False,
2026-08-23,케이스,"darkFlash,앱코",94088714,앱코 G26 메가플로우 MESH (블랙),40370,"ATX 케이스/지원보드규격:ATX,M-ATX,M-ITX/VGA 길이:400mm/CPU쿨러 높이:165mm/미들타워/[패널]/전면 패널 타입:메쉬/측면 패널 타입:강화유리/[쿨러/튜닝]/쿨링팬:총3개/LED팬:3개/후면:120mm LED x1/전면:140mm LED x2/[크기]/너비(W):212mm/깊이(D):420mm/높이(H):485mm/[호환성]/지원파워규격:표준-ATX/파워 장착 길이:200mm/파워 위치:하단후면/[부가기능]/LED 색상:RGB",https://img.danuri.io/catalog-image/714/088/094/99219179c3764cc793456fb10b76b248.jpg?shrink=80:80,False,
2026-08-23,케이스,"darkFlash,앱코",49645922,darkFlash DRX90 MESH RGB 강화유리 (블랙),58210,"ATX 케이스/지원보드규격:ATX,M-ATX,M-ITX/VGA 길이:395mm/CPU쿨러 높이:185mm/미들타워/[패널]/전면 패널 타입:메쉬/측면 패널 타입:강화유리/[쿨러/튜닝]/쿨링팬:총4개/LED팬:4개/후면:120mm LED X1/전면:120mm LED X3/[크기]/너비(W):230mm /깊이(D):465mm/높이(H):460mm/[호환성]/지원파워규격:표준-ATX/파워 장착 길이:280mm/파워 위치:하단후면/[부가기능]/LED 색상:RGB",https://img.danuri.io/catalog-image/922/645/049/efa2c6f593234876b4ada74a781e81e9.jpg?shrink=80:80,False,
2026-08-23,케이스,"darkFlash,앱코",2932047,앱코 NCORE NBOX 탱고,0,"M-ATX 케이스/지원보드규격:M-ATX,M-ITX/VGA 길이:최대 250mm/CPU쿨러 높이:최대 135mm/미니타워/[패널]/측면 패널 타입:통풍구/후면:80mm/[크기]/너비(W):167mm/깊이(D):300mm/높이(H):352mm/[호환성]/지원파워규격:표준-ATX/파워 위치:상단/[변경사항]/2020년 2월 내부 섀시 변경",https://img.danuri.io/catalog-image/047/932/002/7ef0fec93d634270ba5882d234af575b.jpg?shrink=80:80,True,가격정보없음(판매준비/판매중지)
2026-08-23,케이스,"darkFlash,앱코",15894449,앱코 SUITMASTER H2000 스마트 쿨링 (화이트),78650,"ATX 케이스/지원보드규격:ATX,M-ATX/VGA 길이:410mm/CPU쿨러 높이:180mm/미들타워/수직 PCI형태:기본형/[패널]/측면 패널 타입:통풍구/[쿨러/튜닝]/쿨링팬:총4개/후면:140mm x1/전면:140mm x3/[크기]/너비(W):230mm/깊이(D):480mm/높이(H):485mm/[호환성]/지원파워규격:표준-ATX/파워 장착 길이:230mm/파워 위치:하단후면",https://img.danuri.io/catalog-image/449/894/015/807fe592a21e46b0beb95ddab51a53ec.jpg?shrink=80:80,False,
2026-08-23,케이스,"darkFlash,앱코",101632598,앱코 U10M 큐빅 라이트 (화이트),22770,"M-ATX 케이스/지원보드규격:M-ATX,M-ITX/VGA 길이:300mm/CPU쿨러 높이:160mm/미니타워/[패널]/전면 패널 타입:강화유리/측면 패널 타입:강화유리/[쿨러/튜닝]/쿨링팬:총1개/LED팬:1개/후면:120mm LED x1/[크기]/너비(W):195mm/깊이(D):310mm/높이(H):422mm/[호환성]/지원파워규격:표준-ATX/파워 위치:하단후면/[부가기능]/LED 색상:RGB",https://img.danuri.io/catalog-image/598/632/101/1a2f430540dc40bcbce790aea209a21f.jpg?shrink=80:80,False,
2026-08-23,케이스,"darkFlash,앱코",72723299,darkFlash DQX80 ARGB BTF (블랙),87760,"ATX 케이스/지원보드규격:ATX,ATX (후면커넥터),M-ATX,M-ATX (후면커넥터),ITX/VGA 길이:415mm/CPU쿨러 높이:160mm/미들타워/[패널]/전면 패널 타입:강화유리/측면 패널 타입:강화유리/[쿨러/튜닝]/쿨링팬:총4개/LED팬:4개/후면:120mm/내부 측면:120mm/[크기]/너비(W):285mm/깊이(D):426mm/높이(H):448mm/[호환성]/지원파워규격:표준-ATX/파워 장착 길이:220mm/파워 위치:상단/[부가기능]/LED 색상:RGB",https://img.danuri.io/catalog-image/299/723/072/b5f1abca276c483e967930dc42161da5.jpg?shrink=80:80,False,
2026-08-23,케이스,"darkFlash,앱코",27922328,앱코 O20M 오피스 (블랙),23870,"M-ATX 케이스/지원보드규격:M-ATX,M-ITX/VGA 길이:260mm/CPU쿨러 높이:145mm/미니타워/[패널]/측면 패널 타입:통풍구/[쿨러/튜닝]/쿨링팬:총1개/후면:92mm x1/[크기]/너비(W):165mm/깊이(D):280mm/높이(H):350mm/[호환성]/지원파워규격:표준-ATX/파워 장착 길이:140~275mm/파워 위치:상단",https://img.danuri.io/catalog-image/328/922/027/a7639444f5984e42b84c8fd675b92a4a.jpg?shrink=80:80,False,
2026-08-23,케이스,"darkFlash,앱코",17525405,darkFlash DLX200 MESH RGB 강화유리 (화이트),0,"ATX 케이스/지원보드규격:E-ATX,ATX,M-ATX,ITX/VGA 길이:395mm/CPU쿨러 높이:180mm/미들타워/[패널]/전면 패널 타입:메쉬/측면 패널 타입:강화유리/측면 개폐 방식:스윙도어/[쿨러/튜닝]/쿨링팬:총4개/LED팬:4개/후면:140mm LED x1/전면:140mm LED x3/[크기]/너비(W):233mm/깊이(D):468mm/높이(H):495mm/[호환성]/지원파워규격:표준-ATX/파워 장착 길이:240mm/파워 위치:하단후면/[부가기능]/외부LED 컨트롤/LED 색상:RGB",https://img.danuri.io/catalog-image/405/525/017/de6348f4a99d49688d7d4877a5474893.jpg?shrink=80:80,True,가격정보없음(판매준비/판매중지)
2026-08-23,케이스,"darkFlash,앱코",91497431,darkFlash DY570 ARGB BTF (화이트),224610,"ATX 케이스/지원보드규격:ATX,ATX (후면커넥터),M-ATX,ITX/VGA 길이:400mm/CPU쿨러 높이:180mm/미들타워/수직 PCI형태:슬롯변경형/[패널]/전면 패널 타입:강화유리/측면 패널 타입:강화유리/[쿨러/튜닝]/쿨링팬:총4개/LED팬:4개/후면:120mm LED x1/내부 측면:120mm LED x3/[크기]/너비(W):30mm/깊이(D):479mm/높이(H):466mm/[호환성]/지원파워규격:표준-ATX/파워 장착 길이:200mm/파워 위치:상단/[부가기능]/팬 컨트롤/RGB 컨트롤/LED 색상:ARGB",https://img.danuri.io/catalog-image/431/497/091/7846a92f932740669a6e20b4358c0c37.jpg?shrink=80:80,False,
2026-08-23,케이스,"darkFlash,앱코",76160312,앱코 UH40 킬러웨일 ARGB (블랙),64900,"ATX 케이스/지원보드규격:ATX,M-ATX,M-ITX/VGA 길이:410mm/CPU쿨러 높이:165mm/미들타워/[패널]/전면 패널 타입:강화유리/측면 패널 타입:강화유리/[쿨러/튜닝]/쿨링팬:총5개/LED팬:5개/후면:120mm LED x1/하단:120mm LED x1/내부 측면:120mm LED x3/[크기]/너비(W):212mm/깊이(D):435mm/높이(H):490mm/[호환성]/지원파워규격:표준-ATX/파워 장착 길이:180mm/파워 위치:하단후면/[부가기능]/LED 색상:ARGB",https://img.danuri.io/catalog-image/312/160/076/e3d39b25ddd44376a122aec9e620b730.jpg?shrink=80:80,False,
2026-08-23,케이스,"darkFlash,앱코",93804113,darkFlash DS900G ARGB (블랙),82700,"ATX 케이스/지원보드규격:ATX,M-ATX,ITX/VGA 길이:425mm/CPU쿨러 높이:170mm/미들타워/[패널]/전면 패널 타입:강화유리/측면 패널 타입:강화유리/[쿨러/튜닝]/쿨링팬:총4개/LED팬:4개/후면:120mm LED x1/내부 측면:120mm LED x3/[크기]/너비(W):218mm/깊이(D):434mm/높이(H):454mm/[호환성]/지원파워규격:표준-ATX/파워 장착 길이:260mm/파워 위치:하단후면/[부가기능]/LED 색상:ARGB",https://img.danuri.io/catalog-image/113/804/093/5c0af5984d4e494c9df42a74451dedd3.jpg?shrink=80:80,False,
2026-08-23,케이스,"darkFlash,앱코",89861651,darkFlash DCM33 RGB (화이트),38830,"M-ATX 케이스/지원보드규격:M-ATX,ITX/VGA 길이:325mm/CPU쿨러 높이:155mm/미니타워/[패널]/전면 패널 타입:강화유리/측면 패널 타입:강화유리/[쿨러/튜닝]/쿨링팬:총3개/LED팬:3개/후면:120mm LED x1/내부 측면:120mm LED x2/[크기]/너비(W):275mm/깊이(D):335mm/높이(H):327mm/[호환성]/지원파워규격:표준-ATX/파워 장착 길이:160mm/파워 위치:하단후면/[부가기능]/LED 색상:RGB",https://img.danuri.io/catalog-image/651/861/089/323c25acfa164417a5198189c94546ce.jpg?shrink=80:80,False,
2026-08-23,케이스,"darkFlash,앱코",13381619,darkFlash DK200 RGB 강화유리 (블랙),42090,"ATX 케이스/지원보드규격:ATX,M-ATX,M-ITX/VGA 길이:320mm/CPU쿨러 높이:160mm/미들타워/[패널]/전면 패널 타입:메쉬/측면 패널 타입:강화유리/[쿨러/튜닝]/쿨링팬:총6개/LED팬:4개/후면:120mm LED x1/전면:120mm LED x3/상단:120mm x2/[크기]/너비(W):200mm/깊이(D):365mm/높이(H):441mm/[호환성]/지원파워규격:표준-ATX/파워 장착 길이:185mm/파워 위치:하단후면/[부가기능]/LED 색상:RGB/[변경사항]/24년 6월 팬 LED ON/OFF 버튼 추가",https://img.danuri.io/catalog-image/619/381/013/103ae32ce4e04852a3ecdc1ed828fab7.jpg?shrink=80:80,False,
2026-08-23,케이스,"darkFlash,앱코",92187584,darkFlash DW500 우드 MESH RGB (화이트),73630,"ATX 케이스/지원보드규격:ATX,M-ATX,ITX/VGA 길이:425mm/CPU쿨러 높이:170mm/미들타워/[패널]/전면 패널 타입:메쉬/측면 패널 타입:강화유리/[쿨러/튜닝]/쿨링팬:총4개/LED팬:4개/후면:120mm LED x1/전면:120mm LED x3/[크기]/너비(W):218mm/깊이(D):470mm/높이(H):454mm/[호환성]/지원파워규격:표준-ATX/파워 장착 길이:260mm/파워 위치:하단후면/[부가기능]/LED 색상:RGB",https://img.danuri.io/catalog-image/584/187/092/23949fccbf19454fbb7236cec89cc6bc.jpg?shrink=80:80,False,
2026-08-23,케이스,"darkFlash,앱코",71904638,darkFlash DP430 MESH RGB 강화유리 (화이트),48550,"ATX 케이스/지원보드규격:ATX,M-ATX,M-ITX/VGA 길이:395mm/CPU쿨러 높이:180mm/미들타워/[패널]/전면 패널 타입:메쉬/측면 패널 타입:강화유리/측면 개폐 방식:스윙도어/[쿨러/튜닝]/쿨링팬:총4개/LED팬:4개/후면:120mm LED x1/전면:120mm LED x3/[크기]/너비(W):230mm/깊이(D):460mm/높이(H):456mm/[호환성]/지원파워규격:표준-ATX/파워 장착 길이:280mm/파워 위치:하단후면/[부가기능]/LED 색상:RGB",https://img.danuri.io/catalog-image/638/904/071/c9b84c970ba04ddd950c01bf91f34013.jpg?shrink=80:80,False,
2026-08-23,케이스,"darkFlash,앱코",122617825,darkFlash DLX ULTRA MESH (화이트),146180,"ATX 케이스/지원보드규격:E-ATX,ATX,ATX (후면커넥터),M-ATX,M-ATX (후면커넥터),ITX/VGA 길이:480mm/CPU쿨러 높이:190mm/빅타워/수직 PCI형태:슬롯변경형/[패널]/전면 패널 타입:메쉬/측면 패널 타입:통풍구/[쿨러/튜닝]/쿨링팬:총4개/후면:140mm x1/전면:140mm x3/[크기]/너비(W):249mm/높이(H):535mm/깊이(D):560mm/[호환성]/지원파워규격:표준-ATX/파워 장착 길이:260mm/파워 위치:하단후면",https://img.danuri.io/catalog-image/825/617/122/257bb02dbc02486aba0503c38f1bac91.jpeg?shrink=80:80,False,
2026-08-23,케이스,"darkFlash,앱코",72723506,darkFlash DCM30 RGB 강화유리 (화이트),38830,"ATX 케이스/지원보드규격:M-ATX,M-ITX/VGA 길이:325mm/CPU쿨러 높이:155mm/미니타워/[패널]/전면 패널 타입:강화유리/측면 패널 타입:강화유리/[쿨러/튜닝]/쿨링팬:총3개/LED팬:3개/후면:120mm/내부 측면:120mm/[크기]/너비(W):275mm/깊이(D):333mm/높이(H):323mm/[호환성]/지원파워규격:표준-ATX/파워 장착 길이:160mm/파워 위치:하단후면/[부가기능]/LED 색상:RGB",https://img.danuri.io/catalog-image/506/723/072/084aa3917b7146559b5175e2441d6c26.jpg?shrink=80:80,False,
2026-08-23,케이스,"darkFlash,앱코",15063971,앱코 NCORE G30 트루포스 (화이트),45100,"ATX 케이스/지원보드규격:ATX,M-ATX,M-ITX/VGA 길이:340mm/CPU쿨러 높이:175mm/미들타워/[패널]/전면 패널 타입:메쉬/측면 패널 타입:강화유리/[쿨러/튜닝]/쿨링팬:총6개/LED팬:4개/후면:120mm LED x1/전면:120mm LED x3/상단:120mm x2/[크기]/너비(W):225mm/깊이(D):385mm/높이(H):485mm/[호환성]/지원파워규격:표준-ATX/파워 장착 길이:345mm/파워 위치:하단후면",https://img.danuri.io/catalog-image/971/063/015/41bc9ec32492446390378580c6d8add5.jpg?shrink=80:80,False,
2026-08-23,케이스,"darkFlash,앱코",91497413,darkFlash DY570 ARGB BTF (블랙),220870,"ATX 케이스/지원보드규격:ATX,ATX (후면커넥터),M-ATX,ITX/VGA 길이:400mm/CPU쿨러 높이:180mm/미들타워/수직 PCI형태:슬롯변경형/[패널]/전면 패널 타입:강화유리/측면 패널 타입:강화유리/[쿨러/튜닝]/쿨링팬:총4개/LED팬:4개/후면:120mm LED x1/내부 측면:120mm LED x3/[크기]/너비(W):30mm/깊이(D):479mm/높이(H):466mm/[호환성]/지원파워규격:표준-ATX/파워 장착 길이:200mm/파워 위치:상단/[부가기능]/팬 컨트롤/RGB 컨트롤/LED 색상:ARGB",https://img.danuri.io/catalog-image/413/497/091/14461fd29a3646e19845f377bc930222.jpg?shrink=80:80,False,
2026-08-23,케이스,"darkFlash,앱코",94880948,darkFlash DS900XL 우드 ARGB (블랙),97720,"ATX 케이스/지원보드규격:ATX,ATX (후면커넥터),M-ATX,M-ATX (후면커넥터),ITX/VGA 길이:420mm/CPU쿨러 높이:180mm/미들타워/수직 PCI형태:슬롯변경형/[패널]/전면 패널 타입:강화유리/측면 패널 타입:강화유리/[쿨러/튜닝]/쿨링팬:총4개/LED팬:4개/후면:140mm LED x1/내부 측면:140mm LED x3/[크기]/너비(W):258mm/깊이(D):450m/높이(H):491mm/[호환성]/지원파워규격:표준-ATX/파워 장착 길이:280mm/파워 위치:하단후면/[부가기능]/RGB 컨트롤/LED 색상:ARGB",https://img.danuri.io/catalog-image/948/880/094/6f042022bcce45ebacc38331a1571499.jpg?shrink=80:80,False,
2026-08-23,케이스,"darkFlash,앱코",18190991,darkFlash DS5000 MESH 강화유리 (화이트),130230,"ATX 케이스/지원보드규격:E-ATX,ATX,M-ATX,M-ITX/VGA 길이:340mm/CPU쿨러 높이:185mm/미들타워/수직 PCI형태:슬롯변경형/[패널]/전면 패널 타입:메쉬/측면 패널 타입:강화유리/[쿨러/튜닝]/쿨링팬:총5개/후면:140mm x1/하단:120mm x4/[크기]/너비(W):245mm/깊이(D):538mm/높이(H):415mm/[호환성]/지원파워규격:표준-ATX/파워 장착 길이:200mm/파워 위치:측면/우측면 에어홀",https://img.danuri.io/catalog-image/991/190/018/87a65c40af2548b3a524bcd56d231f53.jpg?shrink=80:80,False,
2026-08-23,케이스,"darkFlash,앱코",80468717,darkFlash DB460M MESH RGB (화이트),45890,"M-ATX 케이스/지원보드규격:M-ATX,M-ITX/VGA 길이:420mm/CPU쿨러 높이:174mm/미니타워/[패널]/전면 패널 타입:메쉬/측면 패널 타입:강화유리/[쿨러/튜닝]/쿨링팬:총3개/LED팬:3개/후면:120mm LED x1/전면:120mm LED x2/[크기]/너비(W):220mm/깊이(D):469mm/높이(H):408mm/[호환성]/지원파워규격:표준-ATX/파워 장착 길이:240mm/파워 위치:하단후면/[부가기능]/LED 색상:RGB",https://img.danuri.io/catalog-image/717/468/080/4523128f93404dacbb15c83b711486d0.jpg?shrink=80:80,False,
2026-08-23,케이스,"darkFlash,앱코",57307040,darkFlash DPW90M ARGB 강화유리 (블랙),65450,"M-ATX 케이스/지원보드규격:M-ATX,M-ITX/VGA 길이:445mm/CPU쿨러 높이:160mm/미니타워/[패널]/전면 패널 타입:강화유리/측면 패널 타입:강화유리/[쿨러/튜닝]/쿨링팬:총3개/LED팬:3개/후면:120mm LED x1/내부 측면:120mm LED x2/[크기]/너비(W):285mm/깊이(D):460mm/높이(H):370mm/[호환성]/지원파워규격:표준-ATX/파워 장착 길이:248mm/파워 위치:하단후면/[부가기능]/LED 색상:ARGB",https://img.danuri.io/catalog-image/040/307/057/fc4787859f0e4f1793d76fc6c2a6a6c9.jpg?shrink=80:80,False,
2026-08-23,케이스,"darkFlash,앱코",96308750,앱코 C10M 컴팩트 (블랙),0,"M-ATX 케이스/지원보드규격:M-ATX,M-ITX/VGA 길이:230mm/CPU쿨러 높이:145mm/미니타워/[패널]/전면 패널 타입:일반(솔리드)/측면 패널 타입:통풍구/[쿨러/튜닝]/쿨링팬:총1개/후면:80mm x1/[크기]/너비(W):168mm/높이(H):340mm/깊이(D):258mm/[호환성]/지원파워규격:표준-ATX/파워 장착 길이:160mm/파워 위치:상단",https://img.danuri.io/catalog-image/750/308/096/cd36892bc6c64d558efb4a6c74d3a79e.jpg?shrink=80:80,True,가격정보없음(판매준비/판매중지)
2026-08-23,케이스,"darkFlash,앱코",68440847,darkFlash DY470 ARGB 강화유리 (블랙),123200,"ATX 케이스/지원보드규격:ATX,ATX (후면커넥터),M-ATX,M-ITX/VGA 길이:410mm/CPU쿨러 높이:175mm/미들타워/[패널]/전면 패널 타입:강화유리/측면 패널 타입:강화유리/[쿨러/튜닝]/쿨링팬:총4개/LED팬:4개/후면:120mm LED x1/내부 측면:120mm LED x3/[크기]/너비(W):298mm/깊이(D):473mm/높이(H):497mm/[호환성]/지원파워규격:표준-ATX/[부가기능]/LED 색상:ARGB",https://img.danuri.io/catalog-image/847/440/068/4d043e209e7c45aba6adc875181ad00b.jpg?shrink=80:80,False,
2026-08-23,케이스,"darkFlash,앱코",17783147,darkFlash DK360 MESH RGB 강화유리 (화이트),52150,"ATX 케이스/지원보드규격:ATX,M-ATX,M-ITX/VGA 길이:350mm/CPU쿨러 높이:160mm/미들타워/[패널]/전면 패널 타입:메쉬/측면 패널 타입:강화유리/[쿨러/튜닝]/쿨링팬:총3개/LED팬:3개/후면:120mm LED x1/전면:185mm LED x2/[크기]/너비(W):210mm/깊이(D):405mm/높이(H):475mm/[호환성]/지원파워규격:표준-ATX/파워 장착 길이:210~360mm/파워 위치:하단후면/[부가기능]/외부LED 컨트롤/LED 색상:RGB",https://img.danuri.io/catalog-image/147/783/017/d5153467b1954d61ad1b62c00d1587da.jpg?shrink=80:80,False,
2026-08-23,케이스,"darkFlash,앱코",9376470,darkFlash DLM21 RGB MESH 강화유리 (블랙),58320,"M-ATX 케이스/지원보드규격:M-ATX,M-ITX/VGA 길이:330mm/CPU쿨러 높이:160mm/미니타워/[패널]/전면 패널 타입:메쉬/측면 패널 타입:강화유리/측면 개폐 방식:스윙도어/[쿨러/튜닝]/쿨링팬:총4개/LED팬:4개/후면:120mm LED x1/전면:120mm LED x3/[크기]/너비(W):208mm/깊이(D):376mm/높이(H):425mm/[호환성]/지원파워규격:표준-ATX/파워 장착 길이:210mm/파워 위치:하단후면/[부가기능]/RGB 컨트롤/LED 색상:RGB/[변경사항]/24년 7월 전면팬 120mm LED x2 → x3 으로 변경 / 후면팬 C6M → C6AM 변경",https://img.danuri.io/catalog-image/470/376/009/557778246ee348b78716373f7c45a751.jpg?shrink=80:80,False,
2026-08-23,케이스,"darkFlash,앱코",15050393,앱코 SUITMASTER P1000 강화유리 (화이트),59400,"ATX 케이스/지원보드규격:ATX,M-ATX,M-ITX/VGA 길이:340mm/CPU쿨러 높이:185mm/미들타워/수직 PCI형태:기본형/[패널]/전면 패널 타입:메쉬/측면 패널 타입:강화유리/측면 개폐 방식:스윙도어/[쿨러/튜닝]/쿨링팬:총4개/후면:140mm x1/전면:140mm x3/[크기]/너비(W):230mm/깊이(D):400mm/높이(H):460mm/[호환성]/지원파워규격:표준-ATX/파워 장착 길이:200 mm/파워 위치:하단후면",https://img.danuri.io/catalog-image/393/050/015/85c720dd98544b89aa06e0ce460a66c7.jpg?shrink=80:80,False,
2026-08-23,케이스,"darkFlash,앱코",30140324,앱코 NCORE R320 SYNC,99000,"ATX 케이스/지원보드규격:E-ATX,ATX,M-ATX,ITX/VGA 길이:315mm/CPU쿨러 높이:190mm/빅타워/[패널]/전면 패널 타입:일반(솔리드)/측면 패널 타입:강화유리/[쿨러/튜닝]/쿨링팬:총6개/후면:120mm x2/하단:120mm x2/내부 상단:120mm x2/[크기]/너비(W):262mm/깊이(D):370mm/높이(H):567mm/[호환성]/지원파워규격:표준-ATX/파워 장착 길이:300mm/파워 위치:상단/[부가기능]/팬 컨트롤/RGB 컨트롤/LED 색상:ARGB/[변경사항]/24년 5월 팬키트 리모컨 비포함으로 변경",https://img.danuri.io/catalog-image/324/140/030/886d5e096cd64885b49397249fac9700.jpg?shrink=80:80,False,
2026-08-23,케이스,"darkFlash,앱코",18053684,darkFlash DK200 RGB ADVANCED 강화유리 (블랙),37400,"M-ATX 케이스/지원보드규격:M-ATX,M-ITX/VGA 길이:235~320mm/CPU쿨러 높이:160mm/미니타워/[패널]/전면 패널 타입:메쉬/측면 패널 타입:강화유리/[쿨러/튜닝]/쿨링팬:총4개/LED팬:4개/후면:120mm LED x1/전면:120mm LED x3/[크기]/너비(W):200mm/깊이(D):365mm/높이(H):441mm/[호환성]/지원파워규격:표준-ATX/파워 장착 길이:160~185mm/파워 위치:하단후면/[부가기능]/LED 색상:RGB",https://img.danuri.io/catalog-image/684/053/018/0ec2c0213f3f46b7af3a97c973153084.jpg?shrink=80:80,False,
2026-08-23,케이스,"darkFlash,앱코",105967808,앱코 G31 오메가포스 세븐팬 (화이트),57200,"ATX 케이스/지원보드규격:ATX,M-ATX,M-ITX/VGA 길이:400mm/CPU쿨러 높이:165mm/미들타워/[패널]/전면 패널 타입:메쉬/측면 패널 타입:강화유리/[쿨러/튜닝]/쿨링팬:총7개/LED팬:7개/후면:120mm LED x1/전면:140mm LED x3/상단:120mm LED x3/[크기]/너비(W):212mm/높이(H):490mm/깊이(D):460mm/[호환성]/지원파워규격:표준-ATX/파워 장착 길이:200mm/파워 위치:하단후면/[부가기능]/RGB 컨트롤/LED 색상:RGB/[변경사항]/G31 오메가포스 → G31 오메가포스 세븐팬 으로 상품명 변경",https://img.danuri.io/catalog-image/808/967/105/2bdc8f4f0b4247ec966d34bf56b57569.jpg?shrink=80:80,False,
2026-08-23,케이스,"darkFlash,앱코",53417006,darkFlash DPX90 ARGB 강화유리 (화이트),69380,"ATX 케이스/지원보드규격:ATX,M-ATX,M-ITX/VGA 길이:425mm/CPU쿨러 높이:185mm/미들타워/[패널]/전면 패널 타입:강화유리/측면 패널 타입:강화유리/[쿨러/튜닝]/쿨링팬:총3개/LED팬:3개/후면:120mm LED x1/내부 측면:120mm LED x2/[크기]/너비(W):240mm/깊이(D):550mm/높이(H):465mm/[호환성]/지원파워규격:표준-ATX/파워 장착 길이:280mm/파워 위치:하단후면/[부가기능]/LED 색상:ARGB",https://img.danuri.io/catalog-image/006/417/053/0fe6022846dc4689aa56add82fbda700.jpg?shrink=80:80,False,
2026-08-23,케이스,"darkFlash,앱코",18053717,darkFlash DK200 RGB ADVANCED 강화유리 (화이트),43450,"M-ATX 케이스/지원보드규격:M-ATX,M-ITX/VGA 길이:235~320mm/CPU쿨러 높이:160mm/미니타워/[패널]/전면 패널 타입:메쉬/측면 패널 타입:강화유리/[쿨러/튜닝]/쿨링팬:총4개/LED팬:4개/후면:120mm LED x1/전면:120mm LED x3/[크기]/너비(W):200mm/깊이(D):365mm/높이(H):441mm/[호환성]/지원파워규격:표준-ATX/파워 장착 길이:160~185mm/파워 위치:하단후면/[부가기능]/LED 색상:RGB",https://img.danuri.io/catalog-image/717/053/018/c193cbf3a9b44d64b7da598eaeaf571d.jpg?shrink=80:80,False,
2026-08-23,케이스,"darkFlash,앱코",18412487,앱코 SUITMASTER U1000 ONE ARGB (화이트),79200,"M-ATX 케이스/지원보드규격:M-ATX,M-ITX/VGA 길이:320mm/CPU쿨러 높이:165mm/미니타워/[패널]/전면 패널 타입:메쉬/측면 패널 타입:강화유리/측면 개폐 방식:스윙도어/[쿨러/튜닝]/쿨링팬:총2개/LED팬:2개/후면:120mm LED x1/전면:200mm LED x1/[크기]/너비(W):282mm/깊이(D):390mm/높이(H):325mm/[호환성]/지원파워규격:표준-ATX/파워 장착 길이:230~320mm/파워 위치:하단후면/[부가기능]/LED 색상:ARGB",https://img.danuri.io/catalog-image/487/412/018/d37d387fb5cf4969a79cef7c8eb52047.jpg?shrink=80:80,False,
2026-08-23,케이스,"darkFlash,앱코",11626910,앱코 NCORE 커넬 강화유리,35750,"ATX 케이스/지원보드규격:ATX,M-ATX,M-ITX/VGA 길이:290mm/CPU쿨러 높이:160mm/미들타워/[패널]/전면 패널 타입:메쉬/측면 패널 타입:강화유리/[쿨러/튜닝]/쿨링팬:총4개/LED팬:1개/후면:120mm LED x1/전면:120mm x3/[크기]/너비(W):205mm/깊이(D):360mm/높이(H):445mm/[호환성]/지원파워규격:표준-ATX/파워 장착 길이:170mm/파워 위치:하단후면/[부가기능]/LED 색상:RGB",https://img.danuri.io/catalog-image/910/626/011/af67979e9c764cc49e43990006ec6ef2.jpg?shrink=80:80,False,
2026-08-23,케이스,"darkFlash,앱코",74338778,darkFlash DK370 MESH RGB 강화유리 (화이트),46200,"ATX 케이스/지원보드규격:ATX,M-ATX,M-ITX/VGA 길이:340mm/CPU쿨러 높이:160mm/미들타워/[패널]/전면 패널 타입:메쉬/측면 패널 타입:강화유리/[쿨러/튜닝]/쿨링팬:총4개/LED팬:4개/후면:120mm LED x1/전면:140mm LED x3/[크기]/너비(W):210mm/깊이(D):385mm/높이(H):485mm/[호환성]/지원파워규격:표준-ATX/파워 장착 길이:220mm/파워 위치:하단후면/[부가기능]/LED 색상:RGB",https://img.danuri.io/catalog-image/778/338/074/9b8ad1c8a4dd4581ba6b181ecfcea072.jpg?shrink=80:80,False,
2026-08-23,케이스,"darkFlash,앱코",29905487,앱코 SUITMASTER M2000 NOVA ARGB 강화유리 (화이트),60500,"ATX 케이스/지원보드규격:ATX,M-ATX,ITX/VGA 길이:385mm/CPU쿨러 높이:190mm/미들타워/[패널]/전면 패널 타입:메쉬/측면 패널 타입:강화유리/[쿨러/튜닝]/쿨링팬:총4개/LED팬:4개/후면:140mm LED x1/전면:140mm LED x 3/[크기]/너비(W):250mm/깊이(D):487mm/높이(H):495mm/[호환성]/지원파워규격:표준-ATX/파워 장착 길이:145~250mm/파워 위치:하단후면/[부가기능]/LED 색상:ARGB",https://img.danuri.io/catalog-image/487/905/029/3c77aa6218934af0a08ccda2a68ad3f1.jpg?shrink=80:80,False,
2026-08-23,케이스,"darkFlash,앱코",94812776,앱코 U30P 마린+ 디스플레이 (블랙),53350,"ATX 케이스/지원보드규격:E-ATX,ATX,M-ATX,M-ITX/VGA 길이:400mm/CPU쿨러 높이:165mm/미들타워/[패널]/전면 패널 타입:강화유리/측면 패널 타입:강화유리/후면:120mm LED x1/내부 측면:120mm LED x2/[크기]/너비(W):212mm/깊이(D):420mm/높이(H):485mm/[호환성]/지원파워규격:표준-ATX/파워 장착 길이:200mm/파워 위치:하단후면/[부가기능]/LED 색상:RGB",https://img.danuri.io/catalog-image/776/812/094/de8a0068c673468f852a564cc95fd423.jpg?shrink=80:80,False,
2026-08-23,케이스,"darkFlash,앱코",73885538,darkFlash DB330X RGB 강화유리 (화이트),44550,"ATX 케이스/지원보드규격:ATX,M-ATX,M-ITX/VGA 길이:360mm/CPU쿨러 높이:185mm/미들타워/[패널]/전면 패널 타입:강화유리/측면 패널 타입:강화유리/측면 개폐 방식:버튼/[쿨러/튜닝]/쿨링팬:총3개/LED팬:3개/후면:120mm LED x1/내부 측면:120mm LED x2/[크기]/너비(W):230mm/깊이(D):360mm/높이(H):436mm/[호환성]/지원파워규격:표준-ATX/파워 장착 길이:205mm/파워 위치:하단후면/[부가기능]/LED 색상:RGB",https://img.danuri.io/catalog-image/538/885/073/5d0ad677b7f44cf8b233e91fd29c6fc4.jpg?shrink=80:80,False,
2026-08-23,케이스,"darkFlash,앱코",18922775,darkFlash DNM600 MESH RGB (화이트),50050,"M-ATX 케이스/지원보드규격:M-ATX,M-ITX/VGA 길이:360mm/CPU쿨러 높이:165mm/미니타워/[패널]/전면 패널 타입:메쉬/측면 패널 타입:강화유리/측면 개폐 방식:스윙도어/[쿨러/튜닝]/쿨링팬:총3개/LED팬:3개/후면:120mm LED x1/전면:140mm LED x2/[크기]/너비(W):210mm/깊이(D):417mm/높이(H):451mm/[호환성]/지원파워규격:표준-ATX/파워 장착 길이:190~360mm/파워 위치:하단후면/[부가기능]/RGB 컨트롤/LED 색상:RGB",https://img.danuri.io/catalog-image/775/922/018/b419394fbd0c4434b068f0f080f6d083.jpg?shrink=80:80,False,
2026-08-23,케이스,"darkFlash,앱코",31646423,앱코 G20 에픽 강화유리 (블랙),38720,"ATX 케이스/지원보드규격:ATX,M-ATX,M-ITX/VGA 길이:325mm/CPU쿨러 높이:160mm/미들타워/[패널]/전면 패널 타입:메쉬/측면 패널 타입:강화유리/[쿨러/튜닝]/쿨링팬:총6개/LED팬:4개/후면:120mm LED x1/전면:120mm LED x3/상단:120mm x2/[크기]/너비(W):200mm/깊이(D):375mm/높이(H):453mm/[호환성]/지원파워규격:표준-ATX/[부가기능]/LED 색상:RGB",https://img.danuri.io/catalog-image/423/646/031/c1e0db5df3ae43eba8f75416cbb97afd.jpg?shrink=80:80,False,
2026-08-23,케이스,"darkFlash,앱코",94880963,darkFlash DS900XL 우드 ARGB (화이트),103440,"ATX 케이스/지원보드규격:ATX,ATX (후면커넥터),M-ATX,M-ATX (후면커넥터),ITX/VGA 길이:420mm/CPU쿨러 높이:180mm/미들타워/수직 PCI형태:슬롯변경형/[패널]/전면 패널 타입:강화유리/측면 패널 타입:강화유리/[쿨러/튜닝]/쿨링팬:총4개/LED팬:4개/후면:140mm LED x1/내부 측면:140mm LED x3/[크기]/너비(W):258mm/깊이(D):450mm/높이(H):491mm/[호환성]/지원파워규격:표준-ATX/파워 장착 길이:280mm/파워 위치:하단후면/[부가기능]/RGB 컨트롤/LED 색상:ARGB",https://img.danuri.io/catalog-image/963/880/094/c679d151f8a141638380419e14478816.jpg?shrink=80:80,False,
2026-08-23,케이스,"darkFlash,앱코",16676309,darkFlash DK210 그래피티 ARGB 강화유리,63830,"ATX 케이스/지원보드규격:E-ATX,ATX,M-ATX,M-ITX/VGA 길이:360mm/CPU쿨러 높이:160mm/미들타워/수직 PCI형태:슬롯변경형/[패널]/전면 패널 타입:강화유리/측면 패널 타입:강화유리/[쿨러/튜닝]/쿨링팬:총1개/LED팬:1개/후면:120mm LED x1/[크기]/너비(W):210mm/깊이(D):410mm/높이(H):480mm/[호환성]/지원파워규격:표준-ATX/파워 장착 길이:200mm/파워 위치:하단후면/[부가기능]/외부LED 컨트롤/LED 색상:ARGB",https://img.danuri.io/catalog-image/309/676/016/7c266a9d85024c82928af66d8cd6a658.jpg?shrink=80:80,False,
2026-08-23,케이스,"darkFlash,앱코",4088685,앱코 NCORE 알리,0,"M-ATX 케이스/지원보드규격:M-ATX,M-ITX/VGA 길이:최대 280mm/CPU쿨러 높이:최대 145mm/미니타워/[패널]/전면 패널 타입:일반(솔리드)/측면 패널 타입:통풍구/후면:80mm/[크기]/너비(W):190mm/깊이(D):367mm/높이(H):360mm/[호환성]/지원파워규격:표준-ATX/파워 위치:상단",https://img.danuri.io/catalog-image/685/088/004/0eb11257090946b79a68ecfe576bb739.jpg?shrink=80:80,True,가격정보없음(판매준비/판매중지)
2026-08-23,케이스,"darkFlash,앱코",18769988,darkFlash DNX700 MESH RGB (화이트),74300,"ATX 케이스/지원보드규격:E-ATX,ATX,M-ATX,M-ITX/VGA 길이:340~375mm/CPU쿨러 높이:165mm/미들타워/[패널]/전면 패널 타입:메쉬/측면 패널 타입:강화유리/측면 개폐 방식:스윙도어/후면:120mm LED x1/전면:140mm LED x3/[크기]/너비(W):214mm/깊이(D):441mm/높이(H):471mm/[호환성]/지원파워규격:표준-ATX/파워 장착 길이:245~368mm/파워 위치:하단후면/[부가기능]/LED 색상:RGB/[변경사항]/23년 5월 GPU 장착 크기 325~385mm → 340~375mm로 변경",https://img.danuri.io/catalog-image/988/769/018/ad3c4c31799b4aa1a0314030fd4aa9b3.jpg?shrink=80:80,False,
2026-08-23,케이스,"darkFlash,앱코",93804134,darkFlash DS900G ARGB (화이트),87760,"ATX 케이스/지원보드규격:ATX,M-ATX,ITX/VGA 길이:425mm/CPU쿨러 높이:170mm/미들타워/[패널]/전면 패널 타입:강화유리/측면 패널 타입:강화유리/[쿨러/튜닝]/쿨링팬:총4개/LED팬:4개/후면:120mm LED x1/내부 측면:120mm LED x3/[크기]/너비(W):218mm/깊이(D):434mm/높이(H):454mm/[호환성]/지원파워규격:표준-ATX/파워 장착 길이:260mm/파워 위치:하단후면/[부가기능]/LED 색상:ARGB",https://img.danuri.io/catalog-image/134/804/093/efc136e4b8544d95a3c592d3d76aa144.jpg?shrink=80:80,False,
2026-08-23,케이스,"darkFlash,앱코",29309942,앱코 G15 세이퍼 아크릴 (화이트),44000,"ATX 케이스/지원보드규격:ATX,M-ATX,M-ITX/VGA 길이:300mm/CPU쿨러 높이:160mm/미들타워/[패널]/전면 패널 타입:메쉬/측면 패널 타입:아크릴/[쿨러/튜닝]/쿨링팬:총4개/LED팬:4개/후면:120mm LED X1/전면:120mm LED X3/[크기]/너비(W):205mm/깊이(D):350mm/높이(H):445mm/[호환성]/지원파워규격:표준-ATX/파워 장착 길이:140~150mm/파워 위치:하단후면",https://img.danuri.io/catalog-image/942/309/029/677457b2df314e669cb8c9c0731cc7d6.jpg?shrink=80:80,False,
2026-08-23,케이스,"darkFlash,앱코",31412546,앱코 O10M 오피스 라이트 (화이트),22330,"M-ATX 케이스/지원보드규격:M-ATX,M-ITX/VGA 길이:260mm/CPU쿨러 높이:135mm/미니타워/[패널]/전면 패널 타입:일반(솔리드)/측면 패널 타입:통풍구/[쿨러/튜닝]/쿨링팬:총1개/후면:80mm x1/[크기]/너비(W):160mm/깊이(D):284mm/높이(H):350mm/[호환성]/지원파워규격:표준-ATX/파워 장착 길이:250mm/파워 위치:상단",https://img.danuri.io/catalog-image/546/412/031/e1aac09e330843b3955385e226a625ef.jpg?shrink=80:80,False,
2026-08-23,케이스,"darkFlash,앱코",16604054,앱코 SUITMASTER V2000 베놈 ARGB (화이트),49500,"ATX 케이스/지원보드규격:E-ATX,ATX,M-ATX,ITX/VGA 길이:405mm/CPU쿨러 높이:180mm/미들타워/수직 PCI형태:기본형/[패널]/전면 패널 타입:메쉬/측면 패널 타입:강화유리/측면 개폐 방식:스윙도어/[쿨러/튜닝]/쿨링팬:총4개/LED팬:4개/후면:140mm LED x1/전면:140mm LED x3/[크기]/너비(W):228mm/깊이(D):470mm/높이(H):495mm/[호환성]/파워 장착 길이:225mm/파워 위치:하단후면/[부가기능]/외부LED 컨트롤/LED 색상:ARGB",https://img.danuri.io/catalog-image/054/604/016/67f4d3d9a79843509420edc8e29ce471.jpg?shrink=80:80,False,
2026-08-23,케이스,"darkFlash,앱코",95424734,앱코 U20MP 큐빅 미니+ 디스플레이 (화이트),45760,"M-ATX 케이스/지원보드규격:M-ATX,M-ITX/VGA 길이:350mm/CPU쿨러 높이:165mm/미니타워/[패널]/전면 패널 타입:강화유리/측면 패널 타입:강화유리/[쿨러/튜닝]/쿨링팬:총3개/LED팬:3개/후면:120mm LED x1/내부 측면:120mm LED x2/[크기]/너비(W):212mm/깊이(D):360mm/높이(H):453mm/[호환성]/지원파워규격:표준-ATX/파워 장착 길이:180mm/파워 위치:하단후면/[부가기능]/LED 색상:RGB",https://img.danuri.io/catalog-image/734/424/095/d0072911f0eb4231934d965c6f19a285.jpg?shrink=80:80,False,
2026-08-23,케이스,"darkFlash,앱코",31646468,앱코 G20 에픽 강화유리 (화이트),40150,"ATX 케이스/지원보드규격:ATX,M-ATX,M-ITX/VGA 길이:325mm/CPU쿨러 높이:160mm/미들타워/[패널]/전면 패널 타입:메쉬/측면 패널 타입:강화유리/[쿨러/튜닝]/쿨링팬:총6개/LED팬:4개/후면:120mm LED x1/전면:120mm LED x3/상단:120mm x2/[크기]/너비(W):200mm/깊이(D):375mm/높이(H):453mm/[호환성]/지원파워규격:표준-ATX/[부가기능]/LED 색상:RGB",https://img.danuri.io/catalog-image/468/646/031/3fe5f48e170243d5aa6cb9cd05e0e5d8.jpg?shrink=80:80,False,
2026-08-23,케이스,"darkFlash,앱코",12996623,darkFlash DLH21 (핑크),103400,미니ITX/지원보드규격:M-ITX/VGA 길이:320mm/CPU쿨러 높이:134mm/미니ITX(리틀밸리)/지원파워규격:M-ATX(SFX)/수직 PCI형태:기본형/[패널]/전면 패널 타입:메쉬/[쿨러/튜닝]/쿨링팬:총1개/상단:92mm/[크기]/너비(W):175mm/높이(H):412mm/깊이(D):238mm/[호환성]/파워 장착 길이:125mm/파워 위치:하단후면/[부가기능]/외부 LED/LED 색상:RGB,https://img.danuri.io/catalog-image/623/996/012/2e6d34515894434797a29949bfb3980f.jpg?shrink=80:80,False,
2026-08-23,케이스,"darkFlash,앱코",68574686,앱코 UD50 블루웨일 ARGB BTF (화이트),70400,"ATX 케이스/지원보드규격:ATX,ATX (후면커넥터),M-ATX,M-ATX (후면커넥터),M-ITX/VGA 길이:418mm/CPU쿨러 높이:160mm/미들타워/[패널]/전면 패널 타입:강화유리/측면 패널 타입:강화유리/[쿨러/튜닝]/쿨링팬:총4개/LED팬:4개/후면:120mm LED X1/내부 측면:120mm LED X3/[크기]/너비(W):285mm/깊이(D):426mm/높이(H):400mm/[호환성]/지원파워규격:표준-ATX/[부가기능]/LED 색상:ARGB",https://img.danuri.io/catalog-image/686/574/068/9634c71dd0b244c781ee5d05aef23aa9.jpg?shrink=80:80,False,
2026-08-23,케이스,"darkFlash,앱코",12985601,darkFlash DLH21 (블랙),99000,미니ITX/지원보드규격:M-ITX/VGA 길이:320mm/CPU쿨러 높이:134mm/미니ITX(리틀밸리)/지원파워규격:M-ATX(SFX)/수직 PCI형태:기본형/[패널]/전면 패널 타입:메쉬/[쿨러/튜닝]/쿨링팬:총1개/상단:92mm/[크기]/너비(W):175mm/높이(H):412mm/깊이(D):238mm/[호환성]/파워 장착 길이:125mm/파워 위치:하단후면/[부가기능]/외부 LED/LED 색상:RGB,https://img.danuri.io/catalog-image/601/985/012/bad27429d10c47479e3af30939109b0e.jpg?shrink=80:80,False,
2026-08-23,케이스,"darkFlash,앱코",76160333,앱코 UH40 킬러웨일 ARGB (화이트),69080,"ATX 케이스/지원보드규격:ATX,M-ATX,M-ITX/VGA 길이:410mm/CPU쿨러 높이:165mm/미들타워/[패널]/전면 패널 타입:강화유리/측면 패널 타입:강화유리/[쿨러/튜닝]/쿨링팬:총5개/LED팬:5개/후면:120mm LED x1/하단:120mm LED x1/내부 측면:120mm LED x3/[크기]/너비(W):212mm/깊이(D):435mm/높이(H):490mm/[호환성]/지원파워규격:표준-ATX/파워 장착 길이:180mm/파워 위치:하단후면/[부가기능]/LED 색상:ARGB",https://img.danuri.io/catalog-image/333/160/076/d3f38f1a67824c8b9e1e757304914d82.jpg?shrink=80:80,False,
2026-08-23,케이스,"darkFlash,앱코",27922283,앱코 O20M 오피스 (화이트),25190,"M-ATX 케이스/지원보드규격:M-ATX,M-ITX/VGA 길이:260mm/CPU쿨러 높이:145mm/미니타워/[패널]/측면 패널 타입:통풍구/[쿨러/튜닝]/쿨링팬:총1개/후면:92mm x1/[크기]/너비(W):165mm/깊이(D):280mm/높이(H):350mm/[호환성]/지원파워규격:표준-ATX/파워 장착 길이:140~275mm/파워 위치:상단",https://img.danuri.io/catalog-image/283/922/027/cc7fbed1e1ab48ca81756188117eb03a.jpg?shrink=80:80,False,
2026-08-23,케이스,"darkFlash,앱코",95424719,앱코 U20MP 큐빅 미니+ 디스플레이 (블랙),40150,"M-ATX 케이스/지원보드규격:M-ATX,M-ITX/VGA 길이:350mm/CPU쿨러 높이:165mm/미니타워/[패널]/전면 패널 타입:강화유리/측면 패널 타입:강화유리/[쿨러/튜닝]/쿨링팬:총3개/LED팬:3개/후면:120mm LED x1/내부 측면:120mm LED x2/[크기]/너비(W):212mm/깊이(D):360mm/높이(H):453mm/[호환성]/지원파워규격:표준-ATX/파워 장착 길이:180mm/파워 위치:하단후면/[부가기능]/LED 색상:RGB",https://img.danuri.io/catalog-image/719/424/095/61d56cf9de8b4a4e92cc7e3c1a118b3c.jpg?shrink=80:80,False,
2026-08-23,케이스,"darkFlash,앱코",17989952,darkFlash LP20 ARGB PANEL (화이트),14850,액세서리/커버/먼지필터/5V Addressable RGB 동기화 지원 / DS2000 MESH 시리즈 호환 / 케이블 길이: 500mm + 120mm,https://img.danuri.io/catalog-image/952/989/017/8051ae099ff44d27b8569d29531d09fe.jpg?shrink=80:80,True,액세서리(대상부품아님)
2026-08-23,케이스,"darkFlash,앱코",60063428,darkFlash PCIe 4.0 라이저 케이블 (160mm),39600,액세서리/라이저 케이블,https://img.danuri.io/catalog-image/428/063/060/3dcd661fa9e947ffa4806442aed761f0.jpg?shrink=80:80,True,액세서리(대상부품아님)
2026-08-23,케이스,"darkFlash,앱코",27762230,앱코 G21M 니트,52250,"M-ATX 케이스/지원보드규격:M-ATX,M-ITX/VGA 길이:325mm/CPU쿨러 높이:157mm/미니타워/[패널]/전면 패널 타입:메쉬/측면 패널 타입:강화유리/측면 개폐 방식:스윙도어/[쿨러/튜닝]/쿨링팬:총3개/LED팬:3개/후면:120mm LED x1/전면:140mm LED x2/[크기]/너비(W):200mm/깊이(D):370mm/높이(H):425mm/[호환성]/지원파워규격:표준-ATX/파워 장착 길이:140~200mm/파워 위치:하단후면",https://img.danuri.io/catalog-image/230/762/027/25244dbaa97b4e28af281d173eaf1535.jpg?shrink=80:80,False,
2026-08-23,케이스,"darkFlash,앱코",68577197,darkFlash GCB470 라이저 케이블 지지대 KIT (블랙),37950,액세서리/라이저 케이블/darkFlash DY470 전용 / PCI-E 4.0x16 / 길이: 160mm,https://img.danuri.io/catalog-image/197/577/068/fb99ef57e95548bfb315f6aba651c7f5.jpg?shrink=80:80,True,액세서리(대상부품아님)
2026-08-23,케이스,"darkFlash,앱코",56138012,앱코 U20M 큐빅 미니 (화이트),49930,"M-ATX 케이스/지원보드규격:M-ATX,M-ITX/VGA 길이:350mm/CPU쿨러 높이:165mm/미니타워/[패널]/전면 패널 타입:강화유리/측면 패널 타입:강화유리/측면 개폐 방식:버튼/[쿨러/튜닝]/쿨링팬:총3개/LED팬:3개/후면:120mm LED x1/내부 측면:120mm LED x2/[크기]/너비(W):212mm/깊이(D):360mm/높이(H):435mm/[호환성]/지원파워규격:표준-ATX/파워 장착 길이:350mm/파워 위치:하단후면/[부가기능]/LED 색상:RGB",https://img.danuri.io/catalog-image/012/138/056/781b9bc8cb7549219f63bbd9ca8c27da.jpg?shrink=80:80,False,
2026-08-23,케이스,"darkFlash,앱코",17989919,darkFlash LP20 ARGB PANEL (블랙),14850,액세서리/커버/먼지필터/5V Addressable RGB 동기화 지원 / DS2000 MESH 시리즈 호환 / 케이블 길이: 500mm + 120mm,https://img.danuri.io/catalog-image/919/989/017/de3b67a8b2164498906b6920277ac9e6.jpg?shrink=80:80,True,액세서리(대상부품아님)
2026-08-23,케이스,"darkFlash,앱코",17954255,darkFlash DS2000 MESH 강화유리 (화이트),83030,"ATX 케이스/지원보드규격:ATX,M-ATX,M-ITX/VGA 길이:332mm/CPU쿨러 높이:165mm/미들타워/수직 PCI형태:슬롯변경형/[패널]/전면 패널 타입:메쉬/측면 패널 타입:강화유리/측면 개폐 방식:스윙도어/[쿨러/튜닝]/쿨링팬:총4개/후면:120mm x1/하단:120mm x3/[크기]/너비(W):220mm/깊이(D):450mm/높이(H):408mm/[호환성]/지원파워규격:표준-ATX/파워 장착 길이:200mm/파워 위치:상단전면",https://img.danuri.io/catalog-image/255/954/017/6a5486b0c077439483c868f165e10ec6.jpg?shrink=80:80,False,
2026-08-23,케이스,"darkFlash,앱코",94812809,앱코 U30P 마린+ 디스플레이 (화이트),58850,"ATX 케이스/지원보드규격:E-ATX,ATX,M-ATX,M-ITX/VGA 길이:400mm/CPU쿨러 높이:165mm/미들타워/[패널]/전면 패널 타입:강화유리/측면 패널 타입:강화유리/후면:120mm LED x1/내부 측면:120mm LED x2/[크기]/너비(W):212mm/깊이(D):420mm/높이(H):485mm/[호환성]/지원파워규격:표준-ATX/파워 장착 길이:200mm/파워 위치:하단후면/[부가기능]/LED 색상:RGB",https://img.danuri.io/catalog-image/809/812/094/ccbd6440a89849f7af582da0164ef864.jpg?shrink=80:80,False,
2026-08-23,케이스,"darkFlash,앱코",64392059,앱코 U40M 웨일샤크 ARGB BTF (블랙화이트),61870,"M-ATX 케이스/지원보드규격:M-ATX,M-ATX (후면커넥터),M-ITX/VGA 길이:410mm/CPU쿨러 높이:160mm/미니타워/[패널]/전면 패널 타입:강화유리/측면 패널 타입:강화유리/측면 개폐 방식:버튼/[쿨러/튜닝]/쿨링팬:총3개/LED팬:3개/후면:120mm LED x1/내부 측면:120mm LED x2/[크기]/너비(W):218mm/깊이(D):420mm/높이(H):395mm/[호환성]/지원파워규격:표준-ATX/파워 장착 길이:240mm/파워 위치:하단후면/[부가기능]/LED 색상:ARGB",https://img.danuri.io/catalog-image/059/392/064/32c2d2f0ed8e43c0bbbce11df5bbdcee.jpg?shrink=80:80,False,
2026-08-23,케이스,"darkFlash,앱코",21583046,앱코 SUITMASTER U3000 갤러리 ARGB 강화유리 (화이트),66550,"ATX 케이스/지원보드규격:ATX,M-ATX,M-ITX/VGA 길이:245~410mm/CPU쿨러 높이:185mm/미들타워/[패널]/전면 패널 타입:강화유리/측면 패널 타입:강화유리/[쿨러/튜닝]/쿨링팬:총1개/LED팬:1개/후면:140mm LED x1/[크기]/너비(W):440mm/깊이(D):235mm/높이(H):517mm/[호환성]/파워 장착 길이:220~250mm/파워 위치:하단후면",https://img.danuri.io/catalog-image/046/583/021/eeb2c2ac43c94bcf9a7d786401d54479.jpg?shrink=80:80,False,
2026-08-23,케이스,"darkFlash,앱코",70874867,darkFlash DRX50 MESH RGB 강화유리 (블랙),0,"ATX 케이스/지원보드규격:ATX,M-ATX,M-ITX/VGA 길이:305mm/CPU쿨러 높이:180mm/미들타워/[패널]/전면 패널 타입:메쉬/측면 패널 타입:강화유리/[쿨러/튜닝]/쿨링팬:총6개/LED팬:4개/후면:120mm LED x1/전면:120mm LED x3/상단:120mm x2/[크기]/너비(W):218mm/깊이(D):330mm/높이(H):445mm/[호환성]/지원파워규격:표준-ATX/파워 위치:하단후면/[부가기능]/LED 색상:RGB",https://img.danuri.io/catalog-image/867/874/070/49267c81fe344b46956162c843c82a4c.jpg?shrink=80:80,True,가격정보없음(판매준비/판매중지)
2026-08-23,케이스,"darkFlash,앱코",17584163,darkFlash VB-X 4.0 라이저 케이블 지지대 KIT 215mm (블랙),68750,액세서리/라이저 케이블/길이: 215mm / PCIe 4.0x16 지원,https://img.danuri.io/catalog-image/163/584/017/8dddf19359974d6fa0185f85ceadb023.jpg?shrink=80:80,True,액세서리(대상부품아님)
2026-08-23,케이스,"darkFlash,앱코",18190976,darkFlash DS5000 MESH 강화유리 (블랙),126500,"ATX 케이스/지원보드규격:E-ATX,ATX,M-ATX,M-ITX/VGA 길이:340mm/CPU쿨러 높이:185mm/미들타워/수직 PCI형태:슬롯변경형/[패널]/전면 패널 타입:메쉬/측면 패널 타입:강화유리/[쿨러/튜닝]/쿨링팬:총5개/후면:140mm x1/하단:120mm x4/[크기]/너비(W):245mm/깊이(D):538mm/높이(H):415mm/[호환성]/지원파워규격:표준-ATX/파워 장착 길이:200mm/파워 위치:측면/우측면 에어홀",https://img.danuri.io/catalog-image/976/190/018/85f983d7625749f2af5129d927dd1130.jpg?shrink=80:80,False,
2026-08-23,케이스,"darkFlash,앱코",34336412,앱코 SUITMASTER U3000M 갤러리 미니 리버스 ARGB BTF (블랙),58150,"M-ATX 케이스/지원보드규격:M-ATX,M-ATX (후면커넥터),M-ITX/VGA 길이:390mm/CPU쿨러 높이:168mm/미니타워/[패널]/전면 패널 타입:강화유리/측면 패널 타입:강화유리/[쿨러/튜닝]/쿨링팬:총4개/LED팬:4개/후면:140mm LED x1/내부 측면:120mm LED x3/[크기]/너비(W):235mm/깊이(D):465mm/높이(H):430mm/[호환성]/지원파워규격:표준-ATX/파워 장착 길이:260mm/파워 위치:하단후면/[부가기능]/LED 색상:ARGB",https://img.danuri.io/catalog-image/412/336/034/3f4fb61bdb2148ea9d35a27ddb64273c.jpg?shrink=80:80,False,
2026-08-23,케이스,"darkFlash,앱코",73616621,앱코 SUITMASTER MF360 리얼우드 (화이트),77000,"ATX 케이스/지원보드규격:ATX,M-ATX,M-ITX/VGA 길이:410mm/CPU쿨러 높이:165mm/미들타워/[패널]/측면 패널 타입:강화유리/측면 개폐 방식:스윙도어/[쿨러/튜닝]/쿨링팬:총4개/후면:120mm x1/전면:140mm x3/[크기]/너비(W):210mm/깊이(D):465mm/높이(H):485mm/[호환성]/지원파워규격:표준-ATX/파워 장착 길이:250mm/파워 위치:하단후면",https://img.danuri.io/catalog-image/621/616/073/75e8073d4d694b55a358a29be0f95090.jpg?shrink=80:80,False,
2026-08-23,케이스,"darkFlash,앱코",10558761,앱코 SUITMASTER TA210 플라즈마 아크릴 LUNAR,54500,"튜닝 케이스/지원보드규격:ATX,M-ATX,M-ITX/VGA 길이:315mm/CPU쿨러 높이:150mm/미들타워/[패널]/측면 패널 타입:아크릴/[쿨러/튜닝]/쿨링팬:총1개/LED팬:1개/상단:200mm LED x1/[크기]/너비(W):355mm/높이(H):450mm/깊이(D):415mm/[호환성]/지원파워규격:표준-ATX/파워 장착 길이:170mm/파워 위치:하단후면/[부가기능]/외부 LED/RGB 컨트롤/LED 색상:RGB",https://img.danuri.io/catalog-image/761/558/010/655bc9155df448749c9aeea29544279e.jpg?shrink=80:80,False,
2026-08-23,케이스,"darkFlash,앱코",41495963,앱코 SUITMASTER M3000 뉴본 ARGB 강화유리 (화이트),105840,"ATX 케이스/지원보드규격:ATX,M-ATX,M-ITX/VGA 길이:410mm/CPU쿨러 높이:185mm/미들타워/[패널]/전면 패널 타입:메쉬/측면 패널 타입:강화유리/[쿨러/튜닝]/쿨링팬:총1개/LED팬:1개/후면:140mm LED x1/[크기]/너비(W):235mm/깊이(D):468mm/높이(H):517mm/[호환성]/지원파워규격:표준-ATX/파워 장착 길이:250mm/[부가기능]/LED 색상:ARGB/[변경사항]/24년 7월 전면 라디에이터 360 → 420mm 장착 가능으로 변경",https://img.danuri.io/catalog-image/963/495/041/92d59ffa9602459d992b15dee491fe8b.jpg?shrink=80:80,False,
2026-08-23,케이스,"darkFlash,앱코",31986053,앱코 G25 매그넘 강화유리 (화이트),48400,"ATX 케이스/지원보드규격:ATX,M-ATX,M-ITX/VGA 길이:360mm/CPU쿨러 높이:165mm/미들타워/[패널]/전면 패널 타입:메쉬/측면 패널 타입:강화유리/[쿨러/튜닝]/쿨링팬:총6개/LED팬:4개/후면:120mm LED x1/전면:120mm LED x3/상단:120mm x2/[크기]/너비(W):210mm/깊이(D):420mm/높이(H):450mm/[호환성]/지원파워규격:표준-ATX/파워 장착 길이:220mm/파워 위치:하단후면/[부가기능]/LED 색상:RGB",https://img.danuri.io/catalog-image/053/986/031/8785d1c6baf14d66ab1b2bab2cd09656.jpg?shrink=80:80,False,
2026-08-23,케이스,"darkFlash,앱코",21583037,앱코 SUITMASTER U3000 갤러리 ARGB 강화유리 (블랙),66550,"ATX 케이스/지원보드규격:ATX,M-ATX,M-ITX/VGA 길이:245~410mm/CPU쿨러 높이:185mm/미들타워/[패널]/전면 패널 타입:강화유리/측면 패널 타입:강화유리/[쿨러/튜닝]/쿨링팬:총1개/LED팬:1개/후면:140mm LED x1/[크기]/너비(W):440mm/깊이(D):235mm/높이(H):517mm/[호환성]/파워 장착 길이:220~250mm/파워 위치:하단후면",https://img.danuri.io/catalog-image/037/583/021/bd22e85e76f24bb981372829501777b2.jpg?shrink=80:80,False,
2026-08-23,케이스,"darkFlash,앱코",37693031,darkFlash DF5000 VB-F 4.0 라이저 케이블 지지대 KIT (화이트),49500,액세서리/라이저 케이블/darkFlash DF5000 전용 / PCI-E 4.0x16 / 길이: 150mm,https://img.danuri.io/catalog-image/031/693/037/32183faf3ad347beb877e9ef80e5b037.jpg?shrink=80:80,True,액세서리(대상부품아님)
2026-08-23,케이스,"darkFlash,앱코",12648995,앱코 SUITMASTER AL300M 강화유리 (미드나잇블루),77000,"튜닝 케이스/지원보드규격:M-ATX,M-ITX/VGA 길이:310mm/CPU쿨러 높이:130mm/미니타워/[패널]/전면 패널 타입:강화유리/측면 패널 타입:강화유리/[쿨러/튜닝]/쿨링팬:총3개/LED팬:3개/전면:120mm LED x3/[크기]/너비(W):160mm/높이(H):500mm/깊이(D):390mm/[호환성]/지원파워규격:표준-ATX/파워 장착 길이:185mm/파워 위치:하단후면/[부가기능]/RGB 컨트롤/LED 색상:RGB",https://img.danuri.io/catalog-image/995/648/012/b16ba422918d4bc99d208e049fb22f97.jpg?shrink=80:80,False,
2026-08-23,케이스,"darkFlash,앱코",68577215,darkFlash GCB470 라이저 케이블 지지대 KIT (화이트),37950,액세서리/라이저 케이블/darkFlash DY470 전용 / PCI-E 4.0x16 / 길이: 160mm,https://img.danuri.io/catalog-image/215/577/068/2c24b745f73d4303abf09d7942beb075.jpg?shrink=80:80,True,액세서리(대상부품아님)
2026-08-23,케이스,"darkFlash,앱코",18515747,darkFlash DS5000 전면 강화유리 KIT (블랙),14850,액세서리/커버/먼지필터/DS5000 MESH 전용 / 전면 강화유리 + IO PORT 패널,https://img.danuri.io/catalog-image/747/515/018/456a588c8dbc40f897ba099e79ea1643.jpg?shrink=80:80,True,액세서리(대상부품아님)
2026-08-23,케이스,"darkFlash,앱코",18515759,darkFlash DS5000 전면 강화유리 KIT (화이트),14850,액세서리/커버/먼지필터/DS5000 MESH 전용 / 전면 강화유리 + IO PORT 패널,https://img.danuri.io/catalog-image/759/515/018/7707eeebc7a44d31a0bd3a2429e71e3d.jpg?shrink=80:80,True,액세서리(대상부품아님)
2026-08-23,케이스,"darkFlash,앱코",37690907,darkFlash DF5000 VB-F 4.0 라이저 케이블 지지대 KIT (블랙),49500,액세서리/라이저 케이블/darkFlash DF5000 전용 / PCI-E 4.0x16 / 길이: 150mm,https://img.danuri.io/catalog-image/907/690/037/72a5f6067cd64729abd1e6967803632e.jpg?shrink=80:80,True,액세서리(대상부품아님)
2026-08-23,케이스,"darkFlash,앱코",17584226,darkFlash VB-X 4.0 라이저 케이블 지지대 KIT 215mm (네오민트),68750,액세서리/라이저 케이블/길이: 215mm / PCIe 4.0x16 지원,https://img.danuri.io/catalog-image/226/584/017/9811f1e3c1b94882b8d4c7ef2a463228.jpg?shrink=80:80,True,액세서리(대상부품아님)
2026-08-23,케이스,"darkFlash,앱코",17584232,darkFlash VB-X 4.0 라이저 케이블 지지대 KIT 215mm (핑크),68750,액세서리/라이저 케이블/길이: 215mm / PCIe 4.0x16 지원,https://img.danuri.io/catalog-image/232/584/017/426c61e01b6349c4ae725cf1c9c31b93.jpg?shrink=80:80,True,액세서리(대상부품아님)
2026-08-23,케이스,"darkFlash,앱코",32865761,앱코 U20 큐빅 강화유리 (화이트),38280,"ATX 케이스/지원보드규격:ATX,M-ATX,M-ITX/VGA 길이:320mm/CPU쿨러 높이:160mm/미들타워/[패널]/전면 패널 타입:강화유리/측면 패널 타입:강화유리/[쿨러/튜닝]/쿨링팬:총3개/LED팬:3개/후면:120mm LED x1/상단:120mm LED x2/[크기]/너비(W):212mm/깊이(D):334mm/높이(H):485mm/[호환성]/지원파워규격:표준-ATX/파워 장착 길이:160mm/파워 위치:하단후면/[부가기능]/LED 색상:RGB",https://img.danuri.io/catalog-image/761/865/032/2e80b4f2742d49d09e8caae991cb62f2.jpg?shrink=80:80,False,
2026-08-23,케이스,"darkFlash,앱코",94088324,앱코 G26M 메가플로우 미니 MESH (블랙),0,"M-ATX 케이스/지원보드규격:M-ATX,M-ITX/VGA 길이:350mm/CPU쿨러 높이:165mm/미니타워/[패널]/전면 패널 타입:메쉬/측면 패널 타입:강화유리/[쿨러/튜닝]/쿨링팬:총3개/LED팬:3개/후면:120mm LED x1/전면:140mm LED x2/[크기]/너비(W):212mm/깊이(D):400mm/높이(H):437mm/[호환성]/지원파워규격:표준-ATX/파워 장착 길이:180mm/파워 위치:하단후면/[부가기능]/LED 색상:RGB",https://img.danuri.io/catalog-image/324/088/094/94f07d4bbc4444fd9756c72fa0cec9bc.jpg?shrink=80:80,True,가격정보없음(판매준비/판매중지)
2026-08-23,케이스,"darkFlash,앱코",9456939,앱코 SUITMASTER 322S 인테이커 강화유리 스펙트럼 Dualight (화이트),46870,"ATX 케이스/지원보드규격:ATX,M-ATX,M-ITX/VGA 길이:385mm/CPU쿨러 높이:175mm/미들타워/[패널]/측면 패널 타입:강화유리/[쿨러/튜닝]/쿨링팬:총4개/LED팬:4개/후면:120mm LED x1/전면:120mm LED x3/[크기]/너비(W):208mm/깊이(D):448mm/높이(H):469mm/[호환성]/파워 장착 길이:220mm/파워 위치:하단후면/[부가기능]/RGB 컨트롤/LED 색상:RGB",https://img.danuri.io/catalog-image/939/456/009/78578864dcbd46558c92b3b8324314f9.jpg?shrink=80:80,False,
2026-08-23,케이스,"darkFlash,앱코",64392077,앱코 U40M 웨일샤크 ARGB BTF (화이트),0,"M-ATX 케이스/지원보드규격:M-ATX,M-ATX (후면커넥터),M-ITX/VGA 길이:410mm/CPU쿨러 높이:160mm/미니타워/[패널]/전면 패널 타입:강화유리/측면 패널 타입:강화유리/측면 개폐 방식:버튼/[쿨러/튜닝]/쿨링팬:총3개/LED팬:3개/후면:120mm LED x1/내부 측면:120mm LED x2/[크기]/너비(W):218mm/깊이(D):420mm/높이(H):395mm/[호환성]/지원파워규격:표준-ATX/파워 장착 길이:240mm/파워 위치:하단후면/[부가기능]/LED 색상:ARGB",https://img.danuri.io/catalog-image/077/392/064/43c1b8d9af27453b8d7d20eb0ad2477b.jpg?shrink=80:80,True,가격정보없음(판매준비/판매중지)
2026-08-23,케이스,"darkFlash,앱코",17840990,darkFlash DLM200 MESH PERFORMANCE 강화유리 (화이트),0,"M-ATX 케이스/지원보드규격:M-ATX,M-ITX/VGA 길이:330mm/CPU쿨러 높이:160mm/미니타워/[패널]/전면 패널 타입:메쉬/측면 패널 타입:강화유리/측면 개폐 방식:스윙도어/[쿨러/튜닝]/쿨링팬:총4개/후면:120mm x1/전면:120mm x3/[크기]/너비(W):208mm/깊이(D):381mm/높이(H):425.5mm/[호환성]/지원파워규격:표준-ATX/파워 장착 길이:210mm/파워 위치:하단후면",https://img.danuri.io/catalog-image/990/840/017/12bf5d4eb9c842c0bd7d91ef8f64a4b9.jpg?shrink=80:80,True,가격정보없음(판매준비/판매중지)
2026-08-23,케이스,"darkFlash,앱코",86098598,darkFlash DS900 ARGB 강화유리 (화이트 우드),0,"ATX 케이스/지원보드규격:ATX,M-ATX,ITX/VGA 길이:425mm/CPU쿨러 높이:170mm/미들타워/[패널]/전면 패널 타입:강화유리/측면 패널 타입:강화유리/[쿨러/튜닝]/쿨링팬:총4개/LED팬:4개/후면:120mm LED x1/내부 측면:120mm LED x3/[크기]/너비(W):218mm/깊이(D):434mm/높이(H):454mm/[호환성]/지원파워규격:표준-ATX/파워 장착 길이:260mm/파워 위치:하단후면/[부가기능]/LED 색상:ARGB",https://img.danuri.io/catalog-image/598/098/086/797c44530efc4af09bd995589227415b.jpg?shrink=80:80,True,가격정보없음(판매준비/판매중지)
2026-08-23,케이스,"darkFlash,앱코",14799467,앱코 PUBG 배틀그라운드 하자드 에디션,60230,"ATX 케이스/지원보드규격:ATX,M-ATX,ITX/VGA 길이:370mm/CPU쿨러 높이:165mm/미들타워/[패널]/측면 패널 타입:강화유리/[쿨러/튜닝]/쿨링팬:총4개/LED팬:4개/후면:120mm LED x1/하단:120mm LED x3/[크기]/너비(W):205mm/깊이(D):502mm/높이(H):525mm/[호환성]/파워 장착 길이:200mm/파워 위치:하단후면/[부가기능]/LED 색상:오렌지",https://img.danuri.io/catalog-image/467/799/014/74ab4b0482c64e529dd0c210b3cac769.jpg?shrink=80:80,False,
2026-08-23,케이스,"darkFlash,앱코",34336442,앱코 SUITMASTER U3000M 갤러리 미니 리버스 ARGB BTF (화이트),0,"M-ATX 케이스/지원보드규격:M-ATX,M-ATX (후면커넥터),M-ITX/VGA 길이:390mm/CPU쿨러 높이:168mm/미니타워/[패널]/전면 패널 타입:강화유리/측면 패널 타입:강화유리/[쿨러/튜닝]/쿨링팬:총4개/LED팬:4개/후면:140mm LED x1/내부 측면:120mm LED x3/[크기]/너비(W):235mm/깊이(D):465mm/높이(H):430mm/[호환성]/지원파워규격:표준-ATX/파워 장착 길이:260mm/파워 위치:하단후면/[부가기능]/LED 색상:ARGB",https://img.danuri.io/catalog-image/442/336/034/557f88e9d8e34d3cae0be96c881af3a7.jpg?shrink=80:80,True,가격정보없음(판매준비/판매중지)
2026-08-23,케이스,"darkFlash,앱코",16687646,앱코 SUITMASTER V3000 베놈 ARGB (화이트),0,"ATX 케이스/지원보드규격:E-ATX,ATX,M-ATX,ITX/VGA 길이:405mm/CPU쿨러 높이:180mm/미들타워/수직 PCI형태:기본형/[패널]/전면 패널 타입:메쉬/측면 패널 타입:강화유리/측면 개폐 방식:스윙도어/[쿨러/튜닝]/쿨링팬:총4개/LED팬:4개/후면:140mm LED x1/전면:140mm LED x3/[크기]/너비(W):228mm/깊이(D):470mm/높이(H):495mm/[호환성]/지원파워규격:표준-ATX/파워 장착 길이:225mm/파워 위치:하단후면/[부가기능]/외부LED 컨트롤/LED 색상:ARGB",https://img.danuri.io/catalog-image/646/687/016/27d85792352c48b8b34632f5626a1a30.jpg?shrink=80:80,True,가격정보없음(판매준비/판매중지)
2026-08-23,케이스,"darkFlash,앱코",4033315,앱코 NCORE 픽셀,0,"ATX 케이스/지원보드규격:ATX,M-ATX,M-ITX/VGA 길이:최대 340mm/CPU쿨러 높이:최대 150mm/미들타워/[패널]/측면 패널 타입:통풍구/후면:80mm/[크기]/너비(W):195mm/깊이(D):400mm/높이(H):412mm/[호환성]/지원파워규격:표준-ATX/파워 위치:상단",https://img.danuri.io/catalog-image/315/033/004/0725d805c20846aab1f459e5fd47b5c7.jpg?shrink=80:80,True,가격정보없음(판매준비/판매중지)
2026-08-23,케이스,"darkFlash,앱코",9916125,앱코 SUITMASTER 760S 어트랙션 강화유리 스펙트럼 Duplex (화이트),54500,"ATX 케이스/지원보드규격:ATX,M-ATX,M-ITX/VGA 길이:350mm/CPU쿨러 높이:185mm/미들타워/수직 PCI형태:기본형/[패널]/전면 패널 타입:메쉬/측면 패널 타입:강화유리/[쿨러/튜닝]/쿨링팬:총3개/LED팬:3개/후면:120mm LED x1/전면:200mm LED x2/[크기]/너비(W):225mm/깊이(D):435mm/높이(H):470mm/[호환성]/지원파워규격:표준-ATX/파워 장착 길이:220mm/파워 위치:하단후면/[부가기능]/RGB 컨트롤/LED 색상:RGB",https://img.danuri.io/catalog-image/125/916/009/1a65eeb26c784b728184edea022f6687.jpg?shrink=80:80,False,
2026-08-23,케이스,"darkFlash,앱코",12649013,앱코 SUITMASTER AL300M 강화유리 (로즈골드),77000,"튜닝 케이스/지원보드규격:M-ATX,M-ITX/VGA 길이:310mm/CPU쿨러 높이:130mm/미니타워/[패널]/전면 패널 타입:강화유리/측면 패널 타입:강화유리/[쿨러/튜닝]/쿨링팬:총3개/LED팬:3개/전면:120mm LED x3/[크기]/너비(W):160mm/높이(H):500mm/깊이(D):390mm/[호환성]/지원파워규격:표준-ATX/파워 장착 길이:185mm/파워 위치:하단후면/[부가기능]/RGB 컨트롤/LED 색상:RGB",https://img.danuri.io/catalog-image/013/649/012/07678b88eb1c4190a3ce9741b4a007d8.jpg?shrink=80:80,False,
2026-08-23,케이스,"darkFlash,앱코",12689864,앱코 SUITMASTER AL1000 (레드와인),316100,"튜닝 케이스/지원보드규격:E-ATX,ATX,M-ATX,M-ITX/VGA 길이:420mm/CPU쿨러 높이:235mm/빅타워/[패널]/측면 패널 타입:강화유리/[쿨러/튜닝]/쿨링팬:총4개/LED팬:4개/후면:200mm LED x2/전면:200mm LED x2/[크기]/너비(W):365mm/높이(H):645mm/깊이(D):510mm/[호환성]/지원파워규격:표준-ATX/파워 장착 길이:350mm/파워 위치:하단/[부가기능]/리모컨/LED 색상:RGB",https://img.danuri.io/catalog-image/864/689/012/59f1155c11ad411ea0c194ca7fc49a09.jpg?shrink=80:80,False,
2026-08-23,케이스,"darkFlash,앱코",15319016,앱코 NCORE S10M 사일런티 II (화이트),0,"M-ATX 케이스/지원보드규격:M-ATX,ITX/VGA 길이:285mm/CPU쿨러 높이:165mm/미니타워/[패널]/전면 패널 타입:일반(솔리드)/[쿨러/튜닝]/쿨링팬:총1개/후면:120mm x1/[크기]/너비(W):210mm/깊이(D):360mm/높이(H):390mm/[호환성]/지원파워규격:표준-ATX/파워 장착 길이:185mm/파워 위치:하단후면/저소음",https://img.danuri.io/catalog-image/016/319/015/b7989b08ccb943ebb57da26147e523a7.jpg?shrink=80:80,True,가격정보없음(판매준비/판매중지)
2026-08-23,케이스,"darkFlash,앱코",5718431,앱코 SUITMASTER 361G 칼리스토 강화유리 DOUBLING (화이트),0,"ATX 케이스/지원보드규격:E-ATX,ATX,M-ATX,M-ITX/VGA 길이:최대 380mm/CPU쿨러 높이:최대 163mm/미들타워/[패널]/전면 패널 타입:강화유리/측면 패널 타입:강화유리/[쿨러/튜닝]/쿨링팬:총4개/LED팬:4개/후면:120mm 화이트 LED/전면:120mm 화이트 LED x3/[크기]/너비(W):216mm/깊이(D):469mm/높이(H):494mm/[호환성]/지원파워규격:표준-ATX/파워 장착 길이:최대 215mm/파워 위치:하단후면/[부가기능]/팬 컨트롤",https://img.danuri.io/catalog-image/431/718/005/4a65c8faeb374846b0e5ad1f03cde930.jpg?shrink=80:80,True,가격정보없음(판매준비/판매중지)
2026-08-23,케이스,"darkFlash,앱코",94088567,앱코 G26M 메가플로우 미니 MESH (화이트),0,"M-ATX 케이스/지원보드규격:M-ATX,M-ITX/VGA 길이:350mm/CPU쿨러 높이:165mm/미니타워/[패널]/전면 패널 타입:메쉬/측면 패널 타입:강화유리/[쿨러/튜닝]/쿨링팬:총3개/LED팬:3개/후면:120mm LED x1/전면:140mm LED x2/[크기]/너비(W):212mm/깊이(D):400mm/높이(H):437mm/[호환성]/지원파워규격:표준-ATX/파워 장착 길이:180mm/파워 위치:하단후면/[부가기능]/LED 색상:RGB",https://img.danuri.io/catalog-image/567/088/094/4461079d921145618afbe7af5d331320.jpg?shrink=80:80,True,가격정보없음(판매준비/판매중지)
2026-08-23,케이스,"darkFlash,앱코",16541294,darkFlash DK1000 MESH 강화유리 (화이트),0,"ATX 케이스/지원보드규격:E-ATX,ATX,M-ATX/VGA 길이:355mm/CPU쿨러 높이:165mm/미들타워/[패널]/전면 패널 타입:메쉬/측면 패널 타입:강화유리/[쿨러/튜닝]/쿨링팬:총4개/후면:120mm x1/전면:140mm x3/[크기]/너비(W):215mm/깊이(D):415mm/높이(H):470mm/[호환성]/지원파워규격:표준-ATX/파워 장착 길이:245mm/오픈도어",https://img.danuri.io/catalog-image/294/541/016/118a5e31b75e411ca9a9a9814a9e8364.jpg?shrink=80:80,True,가격정보없음(판매준비/판매중지)
2026-08-23,케이스,"darkFlash,앱코",53416976,darkFlash DPX90 ARGB 강화유리 (블랙),0,"ATX 케이스/지원보드규격:ATX,M-ATX,M-ITX/VGA 길이:425mm/CPU쿨러 높이:185mm/미들타워/[패널]/전면 패널 타입:강화유리/측면 패널 타입:강화유리/[쿨러/튜닝]/쿨링팬:총3개/LED팬:3개/후면:120mm LED x1/내부 측면:120mm LED x2/[크기]/너비(W):240mm/깊이(D):550mm/높이(H):465mm/[호환성]/지원파워규격:표준-ATX/파워 장착 길이:280mm/파워 위치:하단후면/[부가기능]/LED 색상:ARGB",https://img.danuri.io/catalog-image/976/416/053/4c8652f83664485f850de0f974f63578.jpg?shrink=80:80,True,가격정보없음(판매준비/판매중지)
2026-08-23,케이스,"darkFlash,앱코",18769955,darkFlash DNX700 MESH RGB (블랙),0,"ATX 케이스/지원보드규격:E-ATX,ATX,M-ATX,M-ITX/VGA 길이:340~375mm/CPU쿨러 높이:165mm/미들타워/[패널]/전면 패널 타입:메쉬/측면 패널 타입:강화유리/측면 개폐 방식:스윙도어/후면:120mm LED x1/전면:140mm LED x3/[크기]/너비(W):214mm/깊이(D):441mm/높이(H):471mm/[호환성]/지원파워규격:표준-ATX/파워 장착 길이:245~368mm/파워 위치:하단후면/[부가기능]/LED 색상:RGB/[변경사항]/23년 5월 GPU 장착 크기 325~385mm → 340~375mm로 변경",https://img.danuri.io/catalog-image/955/769/018/063a75615a7144f3ab722641f604b9c7.jpg?shrink=80:80,True,가격정보없음(판매준비/판매중지)
2026-08-23,케이스,"darkFlash,앱코",20255537,darkFlash DF2100 MESH RGB 강화유리 (화이트),0,"ATX 케이스/지원보드규격:E-ATX,ATX,M-ATX,M-ITX/VGA 길이:270~400mm/CPU쿨러 높이:165mm/미들타워/[패널]/전면 패널 타입:메쉬/측면 패널 타입:강화유리/측면 개폐 방식:스윙도어/[쿨러/튜닝]/쿨링팬:총4개/LED팬:4개/후면:120mm LED x1/전면:140mm LED x3/[크기]/너비(W):210mm/깊이(D):450mm/높이(H):482mm/[호환성]/파워 장착 길이:230~400mm/파워 위치:하단후면/[부가기능]/RGB 컨트롤",https://img.danuri.io/catalog-image/537/255/020/cad043657326421fbbb65953ef6b767f.jpg?shrink=80:80,True,가격정보없음(판매준비/판매중지)
2026-08-23,케이스,"darkFlash,앱코",36935618,darkFlash DK290 Air MESH RGB 강화유리 (블랙),0,"ATX 케이스/지원보드규격:ATX,M-ATX,M-ITX/VGA 길이:340mm/CPU쿨러 높이:165mm/미들타워/[패널]/전면 패널 타입:메쉬/측면 패널 타입:강화유리/[쿨러/튜닝]/쿨링팬:총6개/LED팬:4개/후면:120mm LED x1/전면:120mm LED x3/상단:120mm x2/[크기]/너비(W):223mm/깊이(D):400mm/높이(H):448mm/[호환성]/지원파워규격:표준-ATX/파워 장착 길이:180~340mm/파워 위치:하단후면/[부가기능]/LED 색상:RGB",https://img.danuri.io/catalog-image/618/935/036/8b93b77781be4262b04d4a98aab6f85a.jpg?shrink=80:80,True,가격정보없음(판매준비/판매중지)
2026-08-23,케이스,"darkFlash,앱코",74338760,darkFlash DK370 MESH RGB 강화유리 (블랙),43060,"ATX 케이스/지원보드규격:ATX,M-ATX,M-ITX/VGA 길이:340mm/CPU쿨러 높이:160mm/미들타워/[패널]/전면 패널 타입:메쉬/측면 패널 타입:강화유리/[쿨러/튜닝]/쿨링팬:총4개/LED팬:4개/후면:120mm LED x1/전면:140mm LED x3/[크기]/너비(W):210mm/깊이(D):385mm/높이(H):485mm/[호환성]/지원파워규격:표준-ATX/파워 장착 길이:220mm/파워 위치:하단후면/[부가기능]/LED 색상:RGB",https://img.danuri.io/catalog-image/760/338/074/2fef8022925b40e782194aab8055326f.jpg?shrink=80:80,False,
2026-08-23,케이스,"darkFlash,앱코",8577818,앱코 SUITMASTER 321X 듀얼리티 강화유리 스펙트럼 Dualight (블랙),0,"ATX 케이스/지원보드규격:ATX,M-ATX,M-ITX/VGA 길이:385mm/CPU쿨러 높이:175mm/미들타워/[패널]/전면 패널 타입:강화유리/측면 패널 타입:강화유리/[쿨러/튜닝]/쿨링팬:총4개/LED팬:4개/후면:120mm LED x1/전면:120mm LED x3/[크기]/너비(W):208mm/깊이(D):439mm/높이(H):469mm/[호환성]/지원파워규격:표준-ATX/파워 장착 길이:220mm/파워 위치:하단후면/[부가기능]/LED 색상:RGB",https://img.danuri.io/catalog-image/818/577/008/5c7a32f64f9749359901f3256714cd27.jpg?shrink=80:80,True,가격정보없음(판매준비/판매중지)
2026-08-23,케이스,"darkFlash,앱코",12985625,darkFlash DLH21 (화이트),0,미니ITX/지원보드규격:M-ITX/VGA 길이:320mm/CPU쿨러 높이:134mm/미니ITX(리틀밸리)/지원파워규격:M-ATX(SFX)/수직 PCI형태:기본형/[패널]/전면 패널 타입:메쉬/[쿨러/튜닝]/쿨링팬:총1개/상단:92mm/[크기]/너비(W):175mm/높이(H):412mm/깊이(D):238mm/[호환성]/파워 장착 길이:125mm/파워 위치:하단후면/[부가기능]/외부 LED/LED 색상:RGB,https://img.danuri.io/catalog-image/625/985/012/e1203f0636024ba7bf1d535367febb80.jpg?shrink=80:80,True,가격정보없음(판매준비/판매중지)
2026-08-23,케이스,"darkFlash,앱코",28212629,darkFlash DLM4000 GLASS (블랙),0,"M-ATX 케이스/지원보드규격:M-ATX,M-ITX/VGA 길이:405mm/CPU쿨러 높이:165mm/미니타워/[패널]/전면 패널 타입:강화유리/측면 패널 타입:강화유리/[쿨러/튜닝]/쿨링팬:총1개/LED팬:1개/후면:120mm LED x1/[크기]/너비(W):230mm/깊이(D):440mm/높이(H):456mm/[호환성]/지원파워규격:표준-ATX/파워 장착 길이:250mm/파워 위치:하단후면/[부가기능]/LED 색상:RGB",https://img.danuri.io/catalog-image/629/212/028/541622eb40df4bf99c15b7a17872f6bc.jpg?shrink=80:80,True,가격정보없음(판매준비/판매중지)
2026-08-23,케이스,"darkFlash,앱코",71904617,darkFlash DP430 MESH RGB 강화유리 (블랙),0,"ATX 케이스/지원보드규격:ATX,M-ATX,M-ITX/VGA 길이:395mm/CPU쿨러 높이:180mm/미들타워/[패널]/전면 패널 타입:메쉬/측면 패널 타입:강화유리/측면 개폐 방식:스윙도어/[쿨러/튜닝]/쿨링팬:총4개/LED팬:4개/후면:120mm LED x1/전면:120mm LED x3/[크기]/너비(W):230mm/깊이(D):460mm/높이(H):456mm/[호환성]/지원파워규격:표준-ATX/파워 장착 길이:280mm/파워 위치:하단후면/[부가기능]/LED 색상:RGB",https://img.danuri.io/catalog-image/617/904/071/e625b1f99374481a8aa25733e5079953.jpg?shrink=80:80,True,가격정보없음(판매준비/판매중지)
2026-08-23,케이스,"darkFlash,앱코",10487241,앱코 NCORE 미라클 강화유리 LUMIA (화이트),0,"ATX 케이스/지원보드규격:ATX,M-ATX,M-ITX/VGA 길이:385mm/CPU쿨러 높이:162mm/미들타워/[패널]/전면 패널 타입:메쉬/측면 패널 타입:강화유리/[쿨러/튜닝]/쿨링팬:총4개/LED팬:4개/후면:120mm LED x1/전면:120mm LED x3/[크기]/너비(W):206mm/깊이(D):434mm/높이(H):476mm/[호환성]/지원파워규격:표준-ATX/파워 장착 길이:200mm/파워 위치:하단후면/[부가기능]/LED 색상:RGB",https://img.danuri.io/catalog-image/241/487/010/800f6eb1202648b89c8e0397039cb588.jpg?shrink=80:80,True,가격정보없음(판매준비/판매중지)
2026-08-23,케이스,"darkFlash,앱코",28212656,darkFlash DLM4000 GLASS (화이트),0,"M-ATX 케이스/지원보드규격:M-ATX,M-ITX/VGA 길이:405mm/CPU쿨러 높이:165mm/미니타워/[패널]/전면 패널 타입:강화유리/측면 패널 타입:강화유리/[쿨러/튜닝]/쿨링팬:총1개/LED팬:1개/후면:120mm LED x1/[크기]/너비(W):230mm/깊이(D):440mm/높이(H):456mm/[호환성]/지원파워규격:표준-ATX/파워 장착 길이:250mm/파워 위치:하단후면/[부가기능]/LED 색상:RGB",https://img.danuri.io/catalog-image/656/212/028/bebc577498cb4c75ab95131e82f8618e.jpg?shrink=80:80,True,가격정보없음(판매준비/판매중지)
2026-08-23,케이스,"darkFlash,앱코",17669537,darkFlash DF7100 VB-F 4.0 라이저 케이블 지지대 KIT,0,액세서리/브라켓/가이드/※ darkFlash DF7100 전용 / PCI-E 4.0x16 / 길이: 285mm,https://img.danuri.io/catalog-image/537/669/017/681b345f8331456ca67654177a3dd5a4.jpg?shrink=80:80,True,"가격정보없음(판매준비/판매중지),액세서리(대상부품아님)"
2026-08-23,케이스,"darkFlash,앱코",12192491,darkFlash VB-X 라이저 케이블 지지대 KIT (네오민트),0,액세서리/라이저 케이블/길이: 220mm / PCIe 3.0x16 지원,https://img.danuri.io/catalog-image/491/192/012/3741adf407b94824827473124b4156b5.jpg?shrink=80:80,True,"가격정보없음(판매준비/판매중지),액세서리(대상부품아님)"
2026-08-23,케이스,"darkFlash,앱코",17396630,darkFlash V4.0 라이저 케이블 (215mm),0,액세서리/라이저 케이블/길이: 215mm / PCIe 4.0 x16 지원,https://img.danuri.io/catalog-image/630/396/017/43821f4e94484bd8bd41eecf9753c5f4.jpg?shrink=80:80,True,"가격정보없음(판매준비/판매중지),액세서리(대상부품아님)"
2026-08-23,케이스,"darkFlash,앱코",73885505,darkFlash DB330X RGB 강화유리 (블랙),0,"ATX 케이스/지원보드규격:ATX,M-ATX,M-ITX/VGA 길이:360mm/CPU쿨러 높이:185mm/미들타워/[패널]/전면 패널 타입:강화유리/측면 패널 타입:강화유리/측면 개폐 방식:버튼/[쿨러/튜닝]/쿨링팬:총3개/LED팬:3개/후면:120mm LED x1/내부 측면:120mm LED x2/[크기]/너비(W):230mm/깊이(D):360mm/높이(H):436mm/[호환성]/지원파워규격:표준-ATX/파워 장착 길이:205mm/파워 위치:하단후면/[부가기능]/LED 색상:RGB",https://img.danuri.io/catalog-image/505/885/073/5f6cd50ae232431fbb36115059dbb819.jpg?shrink=80:80,True,가격정보없음(판매준비/판매중지)
2026-08-23,케이스,"darkFlash,앱코",17954243,darkFlash DS2000 MESH 강화유리 (블랙),95820,"ATX 케이스/지원보드규격:ATX,M-ATX,M-ITX/VGA 길이:332mm/CPU쿨러 높이:165mm/미들타워/수직 PCI형태:슬롯변경형/[패널]/전면 패널 타입:메쉬/측면 패널 타입:강화유리/측면 개폐 방식:스윙도어/[쿨러/튜닝]/쿨링팬:총4개/후면:120mm x1/하단:120mm x3/[크기]/너비(W):220mm/깊이(D):450mm/높이(H):408mm/[호환성]/지원파워규격:표준-ATX/파워 장착 길이:200mm/파워 위치:상단전면",https://img.danuri.io/catalog-image/243/954/017/b07916aac2be4c2c988eb0912b5a1eed.jpg?shrink=80:80,False,
2026-08-23,케이스,"darkFlash,앱코",9514584,앱코 SUITMASTER 760S 어트랙션 강화유리 스펙트럼 Duplex (블랙),0,"ATX 케이스/지원보드규격:ATX,M-ATX,M-ITX/VGA 길이:350mm/CPU쿨러 높이:185mm/미들타워/수직 PCI형태:기본형/[패널]/전면 패널 타입:메쉬/측면 패널 타입:강화유리/[쿨러/튜닝]/쿨링팬:총3개/LED팬:3개/후면:120mm LED x1/전면:200mm LED x2/[크기]/너비(W):225mm/깊이(D):435mm/높이(H):470mm/[호환성]/지원파워규격:표준-ATX/파워 장착 길이:220mm/파워 위치:하단후면/[부가기능]/RGB 컨트롤/LED 색상:RGB",https://img.danuri.io/catalog-image/584/514/009/e2bb80e595304cd484b2e434d057e5d7.jpg?shrink=80:80,True,가격정보없음(판매준비/판매중지)
2026-08-23,케이스,"darkFlash,앱코",9295779,앱코 SUITMASTER 321X 듀얼리티 강화유리 스펙트럼 Dualight (화이트),0,"ATX 케이스/지원보드규격:ATX,M-ATX,M-ITX/VGA 길이:385mm/CPU쿨러 높이:175mm/미들타워/[패널]/측면 패널 타입:강화유리/[쿨러/튜닝]/쿨링팬:총4개/LED팬:4개/후면:120mm LED x1/전면:120mm LED x3/[크기]/너비(W):208mm/깊이(D):439mm/높이(H):469mm/[호환성]/지원파워규격:표준-ATX/파워 장착 길이:220mm/파워 위치:하단후면/[부가기능]/RGB 컨트롤/LED 색상:RGB",https://img.danuri.io/catalog-image/779/295/009/a25d731cbbd3490ab47dfda33b341a7a.jpg?shrink=80:80,True,가격정보없음(판매준비/판매중지)
2026-08-23,케이스,"darkFlash,앱코",123763386,앱코 NCORE 언더바 (리퍼비시),0,"ATX 케이스/지원보드규격:ATX,M-ATX,M-ITX/VGA 길이:310mm/CPU쿨러 높이:163mm/미들타워/[패널]/전면 패널 타입:일반(솔리드)/[쿨러/튜닝]/쿨링팬:총1개/후면:120mm x1/[크기]/너비(W):198mm/높이(H):413mm/깊이(D):375mm/[호환성]/지원파워규격:표준-ATX/파워 장착 길이:200mm/파워 위치:상단",https://img.danuri.io/catalog-image/386/763/123/83be0fa09a084c419f67a9d8b645196a.jpg?shrink=80:80,True,가격정보없음(판매준비/판매중지)
2026-08-23,케이스,"darkFlash,앱코",123763480,앱코 UD20M 미니웨일 (리퍼비시),0,"M-ATX 케이스/지원보드규격:M-ATX,M-ITX/VGA 길이:325mm/CPU쿨러 높이:155mm/미니타워/[패널]/전면 패널 타입:강화유리/측면 패널 타입:강화유리/[쿨러/튜닝]/쿨링팬:총3개/LED팬:3개/후면:120mm LED  x1/하단:120mm LED x2/[크기]/너비(W):335mm/높이(H):353mm/깊이(D):275mm/[호환성]/지원파워규격:표준-ATX/파워 장착 길이:210mm/파워 위치:하단후면/[부가기능]/LED 색상:RGB",https://img.danuri.io/catalog-image/480/763/123/501f193ac92f4d91a6f2aa28f662e84c.jpg?shrink=80:80,True,가격정보없음(판매준비/판매중지)
2026-08-23,케이스,"darkFlash,앱코",123763569,앱코 SUITMASTER U1000 ONE ARGB (리퍼비시),0,"M-ATX 케이스/지원보드규격:M-ATX,M-ITX/VGA 길이:320mm/CPU쿨러 높이:165mm/미니타워/[패널]/전면 패널 타입:메쉬/측면 패널 타입:강화유리/측면 개폐 방식:스윙도어/[쿨러/튜닝]/쿨링팬:총2개/LED팬:2개/후면:120mm LED x1/전면:200mm LED x1/[크기]/너비(W):282mm/높이(H):325mm/깊이(D):390mm/[호환성]/지원파워규격:표준-ATX/파워 장착 길이:230~320mm/파워 위치:하단후면/[부가기능]/LED 색상:ARGB",https://img.danuri.io/catalog-image/569/763/123/6d743c2fbf694fca980a04f770c234dc.jpg?shrink=80:80,True,가격정보없음(판매준비/판매중지)
2026-08-23,케이스,"darkFlash,앱코",123776286,앱코 UF40 에어로직 파노라믹 뷰 VGA쿨링 ARGB (블랙),0,"ATX 케이스/지원보드규격:ATX,M-ATX,ITX/VGA 길이:400mm/CPU쿨러 높이:175mm/미들타워/[패널]/전면 패널 타입:강화유리/측면 패널 타입:강화유리/[쿨러/튜닝]/쿨링팬:총5개/LED팬:5개/후면:140mm LED x1/하단:120mm LED x2/내부 측면:120mm LED x2/[크기]/너비(W):233mm/높이(H):478mm/깊이(D):446mm이하/[호환성]/지원파워규격:표준-ATX/파워 장착 길이:160mm/파워 위치:하단후면/[부가기능]/LED 색상:ARGB",https://img.danuri.io/catalog-image/286/776/123/43cd8789f33b4ad68a5fc40095b72a2f.jpeg?shrink=80:80,True,가격정보없음(판매준비/판매중지)
2026-08-23,케이스,"darkFlash,앱코",99889685,앱코 O31M 태스크 미니 (블랙),21010,"M-ATX 케이스/지원보드규격:M-ATX,M-ITX/VGA 길이:265mm/CPU쿨러 높이:160mm/미니타워/[패널]/전면 패널 타입:일반(솔리드)/측면 패널 타입:통풍구/[쿨러/튜닝]/쿨링팬:총1개/후면:120mm x1/[크기]/너비(W):185mm/깊이(D):318.75mm/높이(H):379mm/[호환성]/지원파워규격:표준-ATX/파워 장착 길이:160mm/파워 위치:하단후면",https://img.danuri.io/catalog-image/685/889/099/88188b5e7fcb450fbe0425f32bcdca96.jpg?shrink=80:80,False,
2026-08-23,케이스,"darkFlash,앱코",99889706,앱코 O31 태스크 (블랙),22110,"ATX 케이스/지원보드규격:ATX,M-ATX,M-ITX/VGA 길이:265mm/CPU쿨러 높이:160mm/미들타워/[패널]/전면 패널 타입:일반(솔리드)/측면 패널 타입:통풍구/[쿨러/튜닝]/쿨링팬:총1개/후면:120mm x1/[크기]/너비(W):185mm/깊이(D):318.75mm/높이(H):440mm/[호환성]/지원파워규격:표준-ATX/파워 장착 길이:160mm/파워 위치:하단후면",https://img.danuri.io/catalog-image/706/889/099/12a20de06ab84e3cacb1e91c5aa6fe60.jpg?shrink=80:80,False,
2026-08-23,케이스,"darkFlash,앱코",18631685,앱코 C11 배럭2,23100,"ATX 케이스/지원보드규격:ATX,M-ATX,M-ITX/VGA 길이:355mm/CPU쿨러 높이:150mm/미들타워/[패널]/측면 패널 타입:통풍구/[쿨러/튜닝]/쿨링팬:총1개/후면:120mm x1/[크기]/너비(W):180mm/깊이(D):410mm/높이(H):415mm/지원파워규격:표준-ATX",https://img.danuri.io/catalog-image/685/631/018/cf03d97a3b194d0797a2bc51794a9e10.jpg?shrink=80:80,False,
2026-08-23,케이스,"darkFlash,앱코",123763506,앱코 G26 메가플로우 MESH (리퍼비시),0,"ATX 케이스/지원보드규격:ATX,M-ATX,M-ITX/VGA 길이:400mm/CPU쿨러 높이:165mm/미들타워/[패널]/전면 패널 타입:메쉬/측면 패널 타입:강화유리/[쿨러/튜닝]/쿨링팬:총3개/LED팬:3개/후면:120mm LED x1/전면:140mm LED x2/[크기]/너비(W):212mm/높이(H):485mm/깊이(D):420mm/[호환성]/지원파워규격:표준-ATX/파워 장착 길이:200mm/파워 위치:하단후면/[부가기능]/LED 색상:RGB",https://img.danuri.io/catalog-image/506/763/123/83f96379c9664a6f966321323d227d4c.jpg?shrink=80:80,True,가격정보없음(판매준비/판매중지)
2026-08-23,케이스,"darkFlash,앱코",20164172,앱코 ABKONCORE R760 SYNC,187000,"ATX 케이스/지원보드규격:ATX,M-ATX,ITX/VGA 길이:380mm/CPU쿨러 높이:195mm/빅타워/[패널]/전면 패널 타입:일반(솔리드)/측면 패널 타입:강화유리/[쿨러/튜닝]/쿨링팬:총8개/후면:120mm x2/내부 측면:120mm x6/[크기]/너비(W):269mm/깊이(D):585mm/높이(H):562mm/[호환성]/파워 장착 길이:385mm/파워 위치:상단/[부가기능]/외부 LED/팬 컨트롤/RGB 컨트롤/리모컨",https://img.danuri.io/catalog-image/172/164/020/8c6e704d64834034b7998e5cb035a8a5.jpg?shrink=80:80,False,
2026-08-23,케이스,"darkFlash,앱코",26516222,앱코 ABKONCORE AL700 SYNC,91130,"ATX 케이스/지원보드규격:E-ATX,ATX,M-ATX,ITX/VGA 길이:405mm/CPU쿨러 높이:170mm/빅타워/[패널]/전면 패널 타입:일반(솔리드)/측면 패널 타입:강화유리/[쿨러/튜닝]/쿨링팬:총4개/후면:120mm x1/전면:120mm x3/[크기]/너비(W):232mm/깊이(D):510mm/높이(H):520mm/[호환성]/지원파워규격:표준-ATX/파워 장착 길이:260~400mm",https://img.danuri.io/catalog-image/222/516/026/00b6cd19075f40cb9a5ccd4e550ce051.jpg?shrink=80:80,False,
2026-08-23,케이스,"darkFlash,앱코",20162585,앱코 ABKONCORE C610S,36300,"ATX 케이스/지원보드규격:ATX,M-ATX,ITX/VGA 길이:395mm/CPU쿨러 높이:180mm/미들타워/[패널]/측면 패널 타입:아크릴/[쿨러/튜닝]/쿨링팬:총1개/후면:140mm x1/[크기]/너비(W):216mm/깊이(D):455mm/높이(H):470mm/[호환성]/파워 장착 길이:210mm/파워 위치:하단후면/[부가기능]/외부 LED",https://img.danuri.io/catalog-image/585/162/020/35ead5d220cd43b294a89d83acc26cbb.jpg?shrink=80:80,False,
2026-08-23,케이스,"darkFlash,앱코",123763376,앱코 G50 빅플로우 MESH ARGB BTF (리퍼비시),0,"ATX 케이스/지원보드규격:E-ATX,ATX,ATX (후면커넥터),M-ATX,M-ATX (후면커넥터),M-ITX/VGA 길이:408mm/CPU쿨러 높이:180mm/미들타워/[패널]/전면 패널 타입:메쉬/측면 패널 타입:강화유리/[쿨러/튜닝]/쿨링팬:총4개/LED팬:4개/후면:140mm LED x1/전면:140mm LED x3/[크기]/너비(W):238mm/높이(H):500mm/깊이(D):479mm/[호환성]/지원파워규격:표준-ATX/파워 장착 길이:240mm/파워 위치:하단후면/[부가기능]/팬 컨트롤/RGB 컨트롤/LED 색상:ARGB",https://img.danuri.io/catalog-image/376/763/123/0c47c71fa656478b9070f47975068778.jpg?shrink=80:80,True,가격정보없음(판매준비/판매중지)
2026-08-23,케이스,"darkFlash,앱코",20737172,앱코 ABKONCORE R850 SYNC,132000,"ATX 케이스/지원보드규격:E-ATX,ATX,M-ATX,ITX/VGA 길이:445mm/CPU쿨러 높이:190mm/빅타워/[패널]/전면 패널 타입:강화유리/측면 패널 타입:강화유리/[쿨러/튜닝]/쿨링팬:총4개/후면:120mm x2/전면:200mm x2/[크기]/너비(W):260mm/깊이(D):500mm/높이(H):548mm/[호환성]/지원파워규격:표준-ATX/파워 장착 길이:310mm/파워 위치:상단/[부가기능]/RGB 컨트롤",https://img.danuri.io/catalog-image/172/737/020/5f231b60f3fb45fbb0f4a1ddb2ca88dd.jpg?shrink=80:80,False,
2026-08-23,케이스,"darkFlash,앱코",36155537,앱코 ABKONCORE AL1000 SYNC 강화유리 (레드와인),131400,"튜닝 케이스/지원보드규격:E-ATX,ATX,M-ATX,M-ITX/VGA 길이:420mm/CPU쿨러 높이:235mm/빅타워/[패널]/측면 패널 타입:강화유리/[쿨러/튜닝]/쿨링팬:총4개/LED팬:4개/후면:200mm LED x2/전면:200mm LED x2/[크기]/너비(W):365mm/높이(H):645mm/깊이(D):510mm/[호환성]/지원파워규격:표준-ATX/파워 장착 길이:350mm/파워 위치:하단/[부가기능]/RGB 컨트롤/리모컨/LED 색상:RGB",https://img.danuri.io/catalog-image/537/155/036/bc45dcb938ec4828be5b0b5571fa2bb2.jpg?shrink=80:80,False,
2026-08-23,케이스,"darkFlash,앱코",123776306,앱코 UF40 에어로직 파노라믹 뷰 VGA쿨링 ARGB (화이트),0,"ATX 케이스/지원보드규격:ATX,M-ATX,ITX/VGA 길이:400mm/CPU쿨러 높이:175mm/미들타워/[패널]/전면 패널 타입:강화유리/측면 패널 타입:강화유리/[쿨러/튜닝]/쿨링팬:총5개/LED팬:5개/후면:140mm LED x1/하단:120mm LED x2/내부 측면:120mm LED x2/[크기]/너비(W):233mm/높이(H):478mm/깊이(D):446mm이하/[호환성]/지원파워규격:표준-ATX/파워 장착 길이:160mm/파워 위치:하단후면/[부가기능]/LED 색상:ARGB",https://img.danuri.io/catalog-image/306/776/123/456eaa7225144a97a2ca9030b6c32e4b.jpeg?shrink=80:80,True,가격정보없음(판매준비/판매중지)
2026-08-23,케이스,"darkFlash,앱코",123763533,앱코 UD50 블루웨일 ARGB BTF (리퍼비시),0,"ATX 케이스/지원보드규격:ATX,ATX (후면커넥터),M-ATX,M-ATX (후면커넥터),M-ITX/VGA 길이:418mm/CPU쿨러 높이:160mm/미들타워/[패널]/전면 패널 타입:강화유리/측면 패널 타입:강화유리/[쿨러/튜닝]/쿨링팬:총4개/LED팬:4개/후면:120mm LED X1/내부 측면:120mm LED X3/[크기]/너비(W):285mm/높이(H):400mm/깊이(D):426mm/[호환성]/지원파워규격:표준-ATX/[부가기능]/LED 색상:ARGB",https://img.danuri.io/catalog-image/533/763/123/8e446a9d709840d9a824a69e061d58c9.jpg?shrink=80:80,True,가격정보없음(판매준비/판매중지)
2026-08-23,케이스,"darkFlash,앱코",123763410,앱코 U30P 마린+ 디스플레이 (리퍼비시),0,"ATX 케이스/지원보드규격:E-ATX,ATX,M-ATX,M-ITX/VGA 길이:400mm/CPU쿨러 높이:165mm/미들타워/[패널]/전면 패널 타입:강화유리/측면 패널 타입:강화유리/후면:120mm LED x1/내부 측면:120mm LED x2/[크기]/너비(W):212mm/높이(H):485mm/깊이(D):420mm/[호환성]/지원파워규격:표준-ATX/파워 장착 길이:200mm/파워 위치:하단후면/[부가기능]/LED 색상:RGB",https://img.danuri.io/catalog-image/410/763/123/9cf92da508774a32b582102ddc4c73a8.jpg?shrink=80:80,True,가격정보없음(판매준비/판매중지)
2026-08-23,케이스,"darkFlash,앱코",36155810,앱코 ABKONCORE AL300M SYNC 강화유리 (로즈골드),76650,"튜닝 케이스/지원보드규격:M-ATX,M-ITX/VGA 길이:310mm/CPU쿨러 높이:130mm/미니타워/[패널]/전면 패널 타입:강화유리/측면 패널 타입:강화유리/[쿨러/튜닝]/쿨링팬:총3개/LED팬:3개/전면:120mm LED x3/[크기]/너비(W):160mm/높이(H):500mm/깊이(D):390mm/[호환성]/지원파워규격:표준-ATX/파워 장착 길이:185mm/파워 위치:하단후면/[부가기능]/RGB 컨트롤/리모컨/LED 색상:RGB",https://img.danuri.io/catalog-image/810/155/036/1b3abfa3b2f8488aa4ecd59f63a2d315.jpg?shrink=80:80,False,
2026-08-23,케이스,"darkFlash,앱코",123763461,앱코 UD50C 루시드 앰비언트 풀커브드 ARGB BTF (리퍼비시),0,"ATX 케이스/지원보드규격:ATX,ATX (후면커넥터),M-ATX,M-ATX (후면커넥터),M-ITX/VGA 길이:420mm/CPU쿨러 높이:160mm/미들타워/[패널]/전면 패널 타입:강화유리/측면 패널 타입:강화유리/[쿨러/튜닝]/쿨링팬:총4개/LED팬:4개/후면:120mm LED X1/내부 측면:120mm LED X3/[크기]/너비(W):285mm/높이(H):400mm/깊이(D):460mm/[호환성]/지원파워규격:표준-ATX/파워 장착 길이:210mmmm/파워 위치:상단/[부가기능]/외부 LED/팬 컨트롤/RGB 컨트롤/LED 색상:ARGB",https://img.danuri.io/catalog-image/461/763/123/138b599f1b5846ad9b4e63dd52940beb.jpg?shrink=80:80,True,가격정보없음(판매준비/판매중지)
2026-08-23,케이스,"darkFlash,앱코",56295353,darkFlash DLX30 NEO silent (블랙),0,"ATX 케이스/지원보드규격:E-ATX,ATX,M-ATX,M-ITX/VGA 길이:385mm/CPU쿨러 높이:165mm/미들타워/[패널]/전면 패널 타입:메쉬/측면 패널 타입:강화유리/측면 개폐 방식:스윙도어/[쿨러/튜닝]/쿨링팬:총4개/후면:120mm x1/전면:140mm x3/[크기]/너비(W):216mm/깊이(D):468mm/높이(H):490mm/[호환성]/지원파워규격:표준-ATX/파워 장착 길이:255mm/파워 위치:하단후면",https://img.danuri.io/catalog-image/353/295/056/a781427203ec47d8ac850fc0c4ee85b4.jpg?shrink=80:80,True,가격정보없음(판매준비/판매중지)
2026-08-23,케이스,"darkFlash,앱코",123763550,앱코 SUITMASTER U3000 갤러리 ARGB 강화유리 (리퍼비시),0,"ATX 케이스/지원보드규격:ATX,M-ATX,M-ITX/VGA 길이:245~410mm/CPU쿨러 높이:185mm/미들타워/[패널]/전면 패널 타입:강화유리/측면 패널 타입:강화유리/[쿨러/튜닝]/쿨링팬:총1개/LED팬:1개/후면:140mm LED x1/[크기]/너비(W):440mm/높이(H):517mm/깊이(D):235mm/[호환성]/파워 장착 길이:220~250mm/파워 위치:하단후면",https://img.danuri.io/catalog-image/550/763/123/8d937ce4dc034a3e877dd7ca5d733341.jpg?shrink=80:80,True,가격정보없음(판매준비/판매중지)
2026-08-23,케이스,"darkFlash,앱코",123763560,앱코 U30 마린 (리퍼비시),0,"ATX 케이스/지원보드규격:ATX,M-ATX,M-ITX/VGA 길이:400mm/CPU쿨러 높이:165mm/미들타워/[패널]/전면 패널 타입:강화유리/측면 패널 타입:강화유리/측면 개폐 방식:버튼/[쿨러/튜닝]/쿨링팬:총3개/LED팬:3개/후면:120mm LED x1/내부 측면:120mm LED x2/[크기]/너비(W):212mm/높이(H):485mm/깊이(D):420mm/[호환성]/지원파워규격:표준-ATX/파워 장착 길이:240mm/파워 위치:하단후면/[부가기능]/LED 색상:RGB",https://img.danuri.io/catalog-image/560/763/123/cda865c3ae9248bea0213c41ee2de3f8.jpg?shrink=80:80,True,가격정보없음(판매준비/판매중지)
2026-08-23,케이스,"darkFlash,앱코",36155783,앱코 ABKONCORE AL300M SYNC 강화유리 (미드나잇블루),76650,"튜닝 케이스/지원보드규격:M-ATX,M-ITX/VGA 길이:310mm/CPU쿨러 높이:130mm/미니타워/[패널]/전면 패널 타입:강화유리/측면 패널 타입:강화유리/[쿨러/튜닝]/쿨링팬:총3개/LED팬:3개/전면:120mm LED x3/[크기]/너비(W):160mm/높이(H):500mm/깊이(D):390mm/[호환성]/지원파워규격:표준-ATX/파워 장착 길이:185mm/파워 위치:하단후면/[부가기능]/RGB 컨트롤/리모컨/LED 색상:RGB",https://img.danuri.io/catalog-image/783/155/036/15428d53aa2544cea2e3014dbdf2ca4d.jpg?shrink=80:80,False,
2026-08-23,케이스,"darkFlash,앱코",20163113,앱코 ABKONCORE HELIOS H500G SYNC,0,"ATX 케이스/지원보드규격:ATX,M-ATX,ITX/VGA 길이:355mm/CPU쿨러 높이:178mm/미들타워/[쿨러/튜닝]/쿨링팬:총3개/후면:140mm x1/전면:200mm x2/[크기]/너비(W):255mm/깊이(D):440mm/높이(H):472mm/[호환성]/파워 장착 길이:195mm/파워 위치:하단후면/[부가기능]/외부 LED/RGB 컨트롤/리모컨",https://img.danuri.io/catalog-image/113/163/020/32109424e17544c283a7521a887912bc.jpg?shrink=80:80,True,가격정보없음(판매준비/판매중지)
2026-08-23,케이스,"darkFlash,앱코",123763474,앱코 U40M 웨일샤크 ARGB BTF (리퍼비시),0,"M-ATX 케이스/지원보드규격:M-ATX,M-ATX (후면커넥터),M-ITX/VGA 길이:410mm/CPU쿨러 높이:160mm/미니타워/[패널]/전면 패널 타입:강화유리/측면 패널 타입:강화유리/측면 개폐 방식:버튼/[쿨러/튜닝]/쿨링팬:총3개/LED팬:3개/후면:120mm LED x1/내부 측면:120mm LED x2/[크기]/너비(W):218mm/높이(H):395mm/깊이(D):420mm/[호환성]/지원파워규격:표준-ATX/파워 장착 길이:240mm/파워 위치:하단후면/[부가기능]/LED 색상:ARGB",https://img.danuri.io/catalog-image/474/763/123/5c9fee44435647a7a8184c989dcaa772.jpg?shrink=80:80,True,가격정보없음(판매준비/판매중지)
2026-08-23,케이스,"darkFlash,앱코",123763489,앱코 G31 오메가포스 세븐팬 (리퍼비시),0,"ATX 케이스/지원보드규격:ATX,M-ATX,M-ITX/VGA 길이:400mm/CPU쿨러 높이:165mm/미들타워/[패널]/전면 패널 타입:메쉬/측면 패널 타입:강화유리/[쿨러/튜닝]/쿨링팬:총7개/LED팬:7개/후면:120mm LED x1/전면:140mm LED x3/상단:120mm LED x3/[크기]/너비(W):212mm/높이(H):490mm/깊이(D):460mm/[호환성]/지원파워규격:표준-ATX/파워 장착 길이:200mm/파워 위치:하단후면/[부가기능]/RGB 컨트롤/LED 색상:RGB/[변경사항]/G31 오메가포스 → G31 오메가포스 세븐팬 으로 상품명 변경",https://img.danuri.io/catalog-image/489/763/123/5714abb167ef494cae135de110cc217a.jpg?shrink=80:80,True,가격정보없음(판매준비/판매중지)
2026-08-23,케이스,"darkFlash,앱코",123763565,앱코 SUITMASTER U3000M 갤러리 미니 리버스 ARGB BTF (리퍼비시),0,"M-ATX 케이스/지원보드규격:M-ATX,M-ATX (후면커넥터),M-ITX/VGA 길이:390mm/CPU쿨러 높이:168mm/미니타워/[패널]/전면 패널 타입:강화유리/측면 패널 타입:강화유리/[쿨러/튜닝]/쿨링팬:총4개/LED팬:4개/후면:140mm LED x1/내부 측면:120mm LED x3/[크기]/너비(W):235mm/높이(H):430mm/깊이(D):465mm/[호환성]/지원파워규격:표준-ATX/파워 장착 길이:260mm/파워 위치:하단후면/[부가기능]/LED 색상:ARGB",https://img.danuri.io/catalog-image/565/763/123/642b5255450c41be876f35694f0ce74c.jpg?shrink=80:80,True,가격정보없음(판매준비/판매중지)
2026-08-24,케이스,"darkFlash,앱코",78530048,darkFlash DS500 RGB (블랙),44690,"ATX 케이스/지원보드규격:ATX,M-ATX,M-ITX/VGA 길이:405mm/CPU쿨러 높이:165mm/미들타워/[패널]/전면 패널 타입:강화유리/측면 패널 타입:강화유리/[쿨러/튜닝]/쿨링팬:총3개/LED팬:3개/후면:120mm LED x1/내부 측면:120mm LED x2/[크기]/너비(W):210mm/높이(H):485mm/깊이(D):413mm/[호환성]/지원파워규격:표준-ATX/파워 장착 길이:170mm/파워 위치:하단후면/[부가기능]/LED 색상:RGB",https://img.danuri.io/catalog-image/048/530/078/c9b0ec9b4b9a4d6da953e1552be87570.jpeg?shrink=80:80,False,
2026-08-24,케이스,"darkFlash,앱코",105967793,앱코 G31 오메가포스 세븐팬 (블랙),48290,"ATX 케이스/지원보드규격:ATX,M-ATX,M-ITX/VGA 길이:400mm/CPU쿨러 높이:165mm/미들타워/[패널]/전면 패널 타입:메쉬/측면 패널 타입:강화유리/[쿨러/튜닝]/쿨링팬:총7개/LED팬:7개/후면:120mm LED x1/전면:140mm LED x3/상단:120mm LED x3/[크기]/너비(W):212mm/높이(H):490mm/깊이(D):460mm/[호환성]/지원파워규격:표준-ATX/파워 장착 길이:200mm/파워 위치:하단후면/[부가기능]/RGB 컨트롤/LED 색상:RGB/[변경사항]/G31 오메가포스 → G31 오메가포스 세븐팬 으로 상품명 변경",https://img.danuri.io/catalog-image/793/967/105/c3d11495e07b40f3b2d45efabc01bba9.jpg?shrink=80:80,False,
2026-08-24,케이스,"darkFlash,앱코",105968012,앱코 UD51 엑시드 ARGB BTF (블랙),99330,"ATX 케이스/지원보드규격:E-ATX,ATX,ATX (후면커넥터),M-ATX,M-ATX (후면커넥터),M-ITX/VGA 길이:400mm/CPU쿨러 높이:160mm/미들타워/수직 PCI형태:슬롯변경형/[패널]/전면 패널 타입:강화유리/측면 패널 타입:강화유리/[쿨러/튜닝]/쿨링팬:총4개/LED팬:4개/후면:120mm LED x1/내부 측면:120mm LED x3/[크기]/너비(W):277mm/높이(H):430mm/깊이(D):443mm/[호환성]/지원파워규격:표준-ATX/파워 장착 길이:240mm/파워 위치:상단/[부가기능]/RGB 컨트롤/LED 색상:ARGB",https://img.danuri.io/catalog-image/012/968/105/af09ee3e0ea64dcdbfeaac0c73edd4b9.jpg?shrink=80:80,False,
2026-08-24,케이스,"darkFlash,앱코",122617886,darkFlash DLX ULTRA MESH ARGB (블랙),152050,"ATX 케이스/지원보드규격:E-ATX,ATX,ATX (후면커넥터),M-ATX,M-ATX (후면커넥터),ITX/VGA 길이:480mm/CPU쿨러 높이:190mm/빅타워/수직 PCI형태:슬롯변경형/[패널]/전면 패널 타입:메쉬/측면 패널 타입:통풍구/[쿨러/튜닝]/쿨링팬:총4개/LED팬:4개/후면:140mm LED x1/전면:140mm LED x3/[크기]/너비(W):249mm/높이(H):535mm/깊이(D):560mm/[호환성]/지원파워규격:표준-ATX/파워 장착 길이:260mm/파워 위치:하단후면/[부가기능]/LED 색상:ARGB",https://img.danuri.io/catalog-image/886/617/122/de8ab5a780b545f6aa39e7f688511672.jpeg?shrink=80:80,False,
2026-08-24,케이스,"darkFlash,앱코",32861129,darkFlash DS900 ARGB 강화유리 (화이트),68270,"ATX 케이스/지원보드규격:ATX,M-ATX,M-ITX/VGA 길이:425mm/CPU쿨러 높이:170mm/미들타워/[패널]/전면 패널 타입:강화유리/측면 패널 타입:강화유리/[쿨러/튜닝]/쿨링팬:총4개/LED팬:4개/후면:120mm LED x1/내부 측면:120mm LED x3/[크기]/너비(W):218mm/높이(H):454mm/깊이(D):434mm/[호환성]/지원파워규격:표준-ATX/파워 장착 길이:260mm/파워 위치:하단후면/[부가기능]/LED 색상:ARGB/[변경사항]/24년 4월 장착쿨링팬 C6 ARGB → C7 ARGB으로 변경 / 24년 8월 상단 라디에이터 120, 140, 240, 280, 360 →120, 240, 360으로 변경",https://img.danuri.io/catalog-image/129/861/032/100a9aa65e564d06a8c46811a2a6d996.jpg?shrink=80:80,False,
2026-08-24,케이스,"darkFlash,앱코",53783243,앱코 U30 마린 (블랙),42240,"ATX 케이스/지원보드규격:ATX,M-ATX,M-ITX/VGA 길이:400mm/CPU쿨러 높이:165mm/미들타워/[패널]/전면 패널 타입:강화유리/측면 패널 타입:강화유리/측면 개폐 방식:버튼/[쿨러/튜닝]/쿨링팬:총3개/LED팬:3개/후면:120mm LED x1/내부 측면:120mm LED x2/[크기]/너비(W):212mm/깊이(D):420mm/높이(H):485mm/[호환성]/지원파워규격:표준-ATX/파워 장착 길이:240mm/파워 위치:하단후면/[부가기능]/LED 색상:RGB",https://img.danuri.io/catalog-image/243/783/053/12f41688da184122833ddac86ce8e160.jpg?shrink=80:80,False,
2026-08-24,케이스,"darkFlash,앱코",100271096,darkFlash DPF70 ARGB (화이트),68820,"ATX 케이스/지원보드규격:ATX,M-ATX,ITX/VGA 길이:410mm/CPU쿨러 높이:160mm/미들타워/[패널]/전면 패널 타입:강화유리/측면 패널 타입:강화유리/[쿨러/튜닝]/쿨링팬:총4개/LED팬:4개/후면:120mm LED x1/내부 측면:120mm LED x3/[크기]/너비(W):275mm/높이(H):398mm/깊이(D):425mm/[호환성]/지원파워규격:표준-ATX/파워 장착 길이:230mm/파워 위치:하단후면/[부가기능]/팬 컨트롤/RGB 컨트롤/LED 색상:ARGB",https://img.danuri.io/catalog-image/096/271/100/57a33ca47be14c69983d39fe55da57a5.jpg?shrink=80:80,False,
2026-08-24,케이스,"darkFlash,앱코",78530069,darkFlash DS500 RGB (화이트),48880,"ATX 케이스/지원보드규격:ATX,M-ATX,M-ITX/VGA 길이:405mm/CPU쿨러 높이:165mm/미들타워/[패널]/전면 패널 타입:강화유리/측면 패널 타입:강화유리/[쿨러/튜닝]/쿨링팬:총3개/LED팬:3개/후면:120mm LED x1/내부 측면:120mm LED x2/[크기]/너비(W):210mm/높이(H):485mm/깊이(D):413mm/[호환성]/지원파워규격:표준-ATX/파워 장착 길이:170mm/파워 위치:하단후면/[부가기능]/LED 색상:RGB",https://img.danuri.io/catalog-image/069/530/078/311f1f242ac04a14a14b0dca4f8e7c87.jpg?shrink=80:80,False,
2026-08-24,케이스,"darkFlash,앱코",62071772,darkFlash DMO11 (블랙),21750,"M-ATX 케이스/지원보드규격:M-ATX,M-ITX/VGA 길이:270mm/CPU쿨러 높이:165mm/미니타워/[패널]/측면 패널 타입:통풍구/[쿨러/튜닝]/쿨링팬:총1개/후면:120mm x1/[크기]/너비(W):180mm/깊이(D):300mm/높이(H):355mm/[호환성]/지원파워규격:표준-ATX/파워 위치:상단",https://img.danuri.io/catalog-image/772/071/062/2986f70412ae42678e3126e385321a6e.jpg?shrink=80:80,False,
2026-08-24,케이스,"darkFlash,앱코",122655434,darkFlash DPH70M ARGB (블랙),54620,"M-ATX 케이스/지원보드규격:M-ATX,ITX/VGA 길이:415mm/CPU쿨러 높이:160mm/미니타워/[패널]/전면 패널 타입:강화유리/측면 패널 타입:강화유리/[쿨러/튜닝]/쿨링팬:총3개/LED팬:3개/후면:120mm LED x1/내부 측면:120mm LED x2/[크기]/너비(W):275mm/높이(H):360mm/깊이(D):425mm/[호환성]/지원파워규격:표준-ATX/파워 장착 길이:180mm/파워 위치:하단후면/[부가기능]/LED 색상:ARGB",https://img.danuri.io/catalog-image/434/655/122/8168b64c66214f5d9c940e33a80fc523.jpeg?shrink=80:80,False,
2026-08-24,케이스,"darkFlash,앱코",11884168,darkFlash DLX21 RGB MESH 강화유리 (블랙),97130,"ATX 케이스/지원보드규격:E-ATX,ATX,M-ATX,M-ITX/VGA 길이:400mm/CPU쿨러 높이:180mm/미들타워/[패널]/측면 패널 타입:강화유리/측면 개폐 방식:스윙도어/[쿨러/튜닝]/쿨링팬:총4개/LED팬:4개/후면:140mm LED x1/전면:140mm LED x3/[크기]/너비(W):233mm/높이(H):493mm/깊이(D):448mm/[호환성]/지원파워규격:표준-ATX/파워 장착 길이:235mm/파워 위치:하단후면/[부가기능]/RGB 컨트롤/LED 색상:RGB",https://img.danuri.io/catalog-image/168/884/011/1661e70af5b443569fca29df23e60ac9.jpg?shrink=80:80,False,
2026-08-24,케이스,"darkFlash,앱코",53783246,앱코 U30 마린 (화이트),50270,"ATX 케이스/지원보드규격:ATX,M-ATX,M-ITX/VGA 길이:400mm/CPU쿨러 높이:165mm/미들타워/[패널]/전면 패널 타입:강화유리/측면 패널 타입:강화유리/측면 개폐 방식:버튼/[쿨러/튜닝]/쿨링팬:총3개/LED팬:3개/후면:120mm LED x1/내부 측면:120mm LED x2/[크기]/너비(W):212mm/깊이(D):420mm/높이(H):485mm/[호환성]/지원파워규격:표준-ATX/파워 장착 길이:240mm/파워 위치:하단후면/[부가기능]/LED 색상:RGB",https://img.danuri.io/catalog-image/246/783/053/8677929d32964e9d9f1e2b07476c0979.jpg?shrink=80:80,False,
2026-08-24,케이스,"darkFlash,앱코",99640949,앱코 G50 빅플로우 MESH ARGB BTF (블랙),107660,"ATX 케이스/지원보드규격:E-ATX,ATX,ATX (후면커넥터),M-ATX,M-ATX (후면커넥터),M-ITX/VGA 길이:408mm/CPU쿨러 높이:180mm/미들타워/[패널]/전면 패널 타입:메쉬/측면 패널 타입:강화유리/[쿨러/튜닝]/쿨링팬:총4개/LED팬:4개/후면:140mm LED x1/전면:140mm LED x3/[크기]/너비(W):238mm/깊이(D):479mm/높이(H):500mm/[호환성]/지원파워규격:표준-ATX/파워 장착 길이:240mm/파워 위치:하단후면/[부가기능]/팬 컨트롤/RGB 컨트롤/LED 색상:ARGB",https://img.danuri.io/catalog-image/949/640/099/876efec41be248468eb7e8007e4ce040.jpg?shrink=80:80,False,
2026-08-24,케이스,"darkFlash,앱코",93320456,앱코 UD50C 루시드 앰비언트 풀커브드 ARGB BTF (블랙),136400,"ATX 케이스/지원보드규격:ATX,ATX (후면커넥터),M-ATX,M-ATX (후면커넥터),M-ITX/VGA 길이:420mm/CPU쿨러 높이:160mm/미들타워/[패널]/전면 패널 타입:강화유리/측면 패널 타입:강화유리/[쿨러/튜닝]/쿨링팬:총4개/LED팬:4개/후면:120mm LED X1/내부 측면:120mm LED X3/[크기]/너비(W):285mm/깊이(D):460mm/높이(H):400mm/[호환성]/지원파워규격:표준-ATX/파워 장착 길이:210mmmm/파워 위치:상단/[부가기능]/외부 LED/팬 컨트롤/RGB 컨트롤/LED 색상:ARGB",https://img.danuri.io/catalog-image/456/320/093/43257e8431514ed5b649822011397da6.jpg?shrink=80:80,False,
2026-08-24,케이스,"darkFlash,앱코",122617905,darkFlash DLX ULTRA MESH ARGB (화이트),156000,"ATX 케이스/지원보드규격:E-ATX,ATX,ATX (후면커넥터),M-ATX,M-ATX (후면커넥터),ITX/VGA 길이:480mm/CPU쿨러 높이:190mm/빅타워/수직 PCI형태:슬롯변경형/[패널]/전면 패널 타입:메쉬/측면 패널 타입:통풍구/[쿨러/튜닝]/쿨링팬:총4개/LED팬:4개/후면:140mm LED x1/전면:140mm LED x3/[크기]/너비(W):249mm/높이(H):535mm/깊이(D):560mm/[호환성]/지원파워규격:표준-ATX/파워 장착 길이:260mm/파워 위치:하단후면/[부가기능]/LED 색상:ARGB",https://img.danuri.io/catalog-image/905/617/122/9c3118b4863d44c2abbe2e1b9904013f.jpeg?shrink=80:80,False,
2026-08-24,케이스,"darkFlash,앱코",122655451,darkFlash DPH70M ARGB (화이트),58950,"M-ATX 케이스/지원보드규격:M-ATX,ITX/VGA 길이:415mm/CPU쿨러 높이:160mm/미니타워/[패널]/전면 패널 타입:강화유리/측면 패널 타입:강화유리/[쿨러/튜닝]/쿨링팬:총3개/LED팬:3개/후면:120mm LED x1/내부 측면:120mm LED x2/[크기]/너비(W):275mm/높이(H):360mm/깊이(D):425mm/[호환성]/지원파워규격:표준-ATX/파워 장착 길이:180mm/파워 위치:하단후면/[부가기능]/LED 색상:ARGB",https://img.danuri.io/catalog-image/451/655/122/f8d3900254df4f5d8d142875f6d4ed55.jpeg?shrink=80:80,False,
2026-08-24,케이스,"darkFlash,앱코",56138000,앱코 U20M 큐빅 미니 (블랙),35310,"M-ATX 케이스/지원보드규격:M-ATX,M-ITX/VGA 길이:350mm/CPU쿨러 높이:165mm/미니타워/[패널]/전면 패널 타입:강화유리/측면 패널 타입:강화유리/측면 개폐 방식:버튼/[쿨러/튜닝]/쿨링팬:총3개/LED팬:3개/후면:120mm LED x1/내부 측면:120mm LED x2/[크기]/너비(W):212mm/깊이(D):360mm/높이(H):435mm/[호환성]/지원파워규격:표준-ATX/파워 장착 길이:350mm/파워 위치:하단후면/[부가기능]/LED 색상:RGB",https://img.danuri.io/catalog-image/000/138/056/5eb1a011accd4ab0a584e64ad86efc97.jpg?shrink=80:80,False,
2026-08-24,케이스,"darkFlash,앱코",123993804,darkFlash DMO21 (블랙),22430,"미니ITX/지원보드규격:M-ATX,ITX/VGA 길이:300mm/CPU쿨러 높이:160mm/미니타워/[패널]/전면 패널 타입:일반(솔리드)/측면 패널 타입:통풍구/[쿨러/튜닝]/쿨링팬:총1개/후면:120mm x1/[크기]/너비(W):195mm/높이(H):387mm/깊이(D):325mm/[호환성]/파워 장착 길이:160mm/파워 위치:하단후면",https://img.danuri.io/catalog-image/804/993/123/011248d53fda428683747bdaab3bdf7a.jpeg?shrink=80:80,False,
2026-08-24,케이스,"darkFlash,앱코",32861099,darkFlash DS900 ARGB 강화유리 (블랙),64160,"ATX 케이스/지원보드규격:ATX,M-ATX,M-ITX/VGA 길이:425mm/CPU쿨러 높이:170mm/미들타워/[패널]/전면 패널 타입:강화유리/측면 패널 타입:강화유리/[쿨러/튜닝]/쿨링팬:총4개/LED팬:4개/후면:120mm LED x1/내부 측면:120mm LED x3/[크기]/너비(W):218mm/깊이(D):434mm/높이(H):454mm/[호환성]/지원파워규격:표준-ATX/파워 장착 길이:260mm/파워 위치:하단후면/[부가기능]/LED 색상:ARGB/[변경사항]/24년 4월 장착쿨링팬 C6 ARGB → C7 ARGB으로 변경 / 24년 8월 상단 라디에이터 120, 140, 240, 280, 360 →120, 240, 360으로 변경",https://img.danuri.io/catalog-image/099/861/032/a8c00370c99644488731eb02fddb5328.jpg?shrink=80:80,False,
2026-08-24,케이스,"darkFlash,앱코",105968039,앱코 UD51 엑시드 ARGB BTF (화이트),105160,"ATX 케이스/지원보드규격:E-ATX,ATX,ATX (후면커넥터),M-ATX,M-ATX (후면커넥터),M-ITX/VGA 길이:400mm/CPU쿨러 높이:160mm/미들타워/수직 PCI형태:슬롯변경형/[패널]/전면 패널 타입:강화유리/측면 패널 타입:강화유리/[쿨러/튜닝]/쿨링팬:총4개/LED팬:4개/후면:120mm LED x1/내부 측면:120mm LED x3/[크기]/너비(W):277mm/높이(H):430mm/깊이(D):443mm/[호환성]/지원파워규격:표준-ATX/파워 장착 길이:240mm/파워 위치:상단/[부가기능]/RGB 컨트롤/LED 색상:ARGB",https://img.danuri.io/catalog-image/039/968/105/cbb75564224245bb9cfbc38be6d1c507.jpg?shrink=80:80,False,
2026-08-24,케이스,"darkFlash,앱코",105816371,darkFlash DS900 PRO ARGB (화이트),79030,"ATX 케이스/지원보드규격:ATX,M-ATX,ITX/VGA 길이:425mm/CPU쿨러 높이:170mm/미들타워/[패널]/전면 패널 타입:강화유리/측면 패널 타입:강화유리/[쿨러/튜닝]/쿨링팬:총4개/LED팬:4개/후면:120mm LED x1/내부 측면:120mm LED x3/[크기]/너비(W):218mm/깊이(D):434mm/높이(H):455mm/[호환성]/지원파워규격:표준-ATX/파워 장착 길이:260mm/파워 위치:하단후면/[부가기능]/팬 컨트롤/RGB 컨트롤/LED 색상:ARGB",https://img.danuri.io/catalog-image/371/816/105/ddf9777dfe5445b795ebe951aaf15686.jpg?shrink=80:80,False,
2026-08-24,케이스,"darkFlash,앱코",11884207,darkFlash DLX21 RGB MESH 강화유리 (화이트),102300,"ATX 케이스/지원보드규격:E-ATX,ATX,M-ATX,M-ITX/VGA 길이:400mm/CPU쿨러 높이:180mm/미들타워/[패널]/측면 패널 타입:강화유리/측면 개폐 방식:스윙도어/[쿨러/튜닝]/쿨링팬:총4개/LED팬:4개/후면:140mm LED x1/전면:140mm LED x3/[크기]/너비(W):233mm/깊이(D):448mm/높이(H):493mm/[호환성]/지원파워규격:표준-ATX/파워 장착 길이:235mm/파워 위치:하단후면/[부가기능]/RGB 컨트롤/LED 색상:RGB",https://img.danuri.io/catalog-image/207/884/011/e774353bdc4d45edb01e44a42641b88c.jpg?shrink=80:80,False,
2026-08-24,케이스,"darkFlash,앱코",122699730,darkFlash DK200 NEO MESH RGB 식스팬 (블랙),44820,"ATX 케이스/지원보드규격:ATX,M-ATX,M-ITX/VGA 길이:340mm/CPU쿨러 높이:165mm/미들타워/[패널]/전면 패널 타입:메쉬/측면 패널 타입:강화유리/[쿨러/튜닝]/쿨링팬:총6개/LED팬:6개/후면:120mm LED x1/전면:120mm LED x3/상단:120mm LED x2/[크기]/너비(W):218mm/높이(H):447mm/깊이(D):396mm/[호환성]/지원파워규격:표준-ATX/파워 장착 길이:200mm/파워 위치:하단전면/[부가기능]/RGB 컨트롤/LED 색상:RGB",https://img.danuri.io/catalog-image/730/699/122/914b893abd574b24ae210dd731b948d0.jpeg?shrink=80:80,False,
2026-08-24,케이스,"darkFlash,앱코",108390941,darkFlash DS950V ARGB 디스플레이 (블랙),97900,"ATX 케이스/지원보드규격:ATX,M-ATX,ITX/VGA 길이:400mm/CPU쿨러 높이:180mm/미들타워/[패널]/전면 패널 타입:강화유리/측면 패널 타입:강화유리/[쿨러/튜닝]/쿨링팬:총3개/LED팬:3개/후면:120mm LED x1/내부 측면:120mm LED x2/[크기]/너비(W):222mm/높이(H):465mm/깊이(D):450mm/[호환성]/지원파워규격:표준-ATX/파워 장착 길이:280mm/파워 위치:하단후면/[부가기능]/LED 색상:ARGB",https://img.danuri.io/catalog-image/941/390/108/26a19e26de884e41af0ca790478e696b.jpg?shrink=80:80,False,
2026-08-24,케이스,"darkFlash,앱코",122679640,darkFlash DRX90 AERO MESH RGB (블랙),59580,"ATX 케이스/지원보드규격:ATX,M-ATX,M-ITX/VGA 길이:395mm/CPU쿨러 높이:185mm/미들타워/[패널]/전면 패널 타입:메쉬/측면 패널 타입:통풍구/[쿨러/튜닝]/쿨링팬:총4개/LED팬:4개/후면:120mm LED x1/전면:120mm LED x3/[크기]/너비(W):230mm/높이(H):460mm/깊이(D):465mm/[호환성]/지원파워규격:표준-ATX/파워 장착 길이:280mm/파워 위치:하단후면/[부가기능]/LED 색상:RGB",https://img.danuri.io/catalog-image/640/679/122/a41512b6ec6d4d8a85475a3aaffc39da.jpeg?shrink=80:80,False,
2026-08-24,케이스,"darkFlash,앱코",16542008,darkFlash DK1000 MESH 강화유리 (블랙),68910,"ATX 케이스/지원보드규격:E-ATX,ATX,M-ATX/VGA 길이:355mm/CPU쿨러 높이:165mm/미들타워/[패널]/전면 패널 타입:메쉬/측면 패널 타입:강화유리/측면 개폐 방식:스윙도어/[쿨러/튜닝]/쿨링팬:총4개/후면:120mm x1/전면:140mm x3/[크기]/너비(W):215mm/깊이(D):415mm/높이(H):470mm/[호환성]/지원파워규격:표준-ATX/파워 장착 길이:245mm",https://img.danuri.io/catalog-image/008/542/016/1d7f04bad2764b2087c48c7ee01cf48a.jpg?shrink=80:80,False,
2026-08-24,케이스,"darkFlash,앱코",72723323,darkFlash DQX80 ARGB BTF (화이트),93680,"ATX 케이스/지원보드규격:ATX,ATX (후면커넥터),M-ATX,M-ATX (후면커넥터),ITX/VGA 길이:415mm/CPU쿨러 높이:160mm/미들타워/[패널]/전면 패널 타입:강화유리/측면 패널 타입:강화유리/[쿨러/튜닝]/쿨링팬:총4개/LED팬:4개/후면:120mm/내부 측면:120mm/[크기]/너비(W):285mm/깊이(D):426mm/높이(H):448mm/[호환성]/지원파워규격:표준-ATX/파워 장착 길이:220mm/파워 위치:상단/[부가기능]/LED 색상:RGB",https://img.danuri.io/catalog-image/323/723/072/c4c95dbd16cb41a08e15d73c3f77bd87.jpg?shrink=80:80,False,
2026-08-24,케이스,"darkFlash,앱코",62071802,darkFlash DMO11 (화이트),24750,"M-ATX 케이스/지원보드규격:M-ATX,M-ITX/VGA 길이:270mm/CPU쿨러 높이:165mm/미니타워/[패널]/측면 패널 타입:통풍구/[쿨러/튜닝]/쿨링팬:총1개/후면:120mm x1/[크기]/너비(W):180mm/깊이(D):300mm/높이(H):355mm/[호환성]/지원파워규격:표준-ATX/파워 위치:상단",https://img.danuri.io/catalog-image/802/071/062/db6c6156c83a44d6992e437694f0a4f6.jpg?shrink=80:80,False,
2026-08-24,케이스,"darkFlash,앱코",59762132,darkFlash DK301M RGB MESH 강화유리 (블랙),36850,"M-ATX 케이스/지원보드규격:M-ATX,M-ITX/VGA 길이:295mm/CPU쿨러 높이:160mm/미니타워/[패널]/전면 패널 타입:메쉬/측면 패널 타입:강화유리/[쿨러/튜닝]/쿨링팬:총3개/LED팬:3개/후면:120mm LED x1/전면:120mm LED x2/[크기]/너비(W):200mm/깊이(D):363mm/높이(H):385mm/[호환성]/지원파워규격:표준-ATX/파워 장착 길이:170mm/파워 위치:하단후면/[부가기능]/LED 색상:RGB",https://img.danuri.io/catalog-image/132/762/059/12b9e68a229a49e687950699f3c46a9c.jpg?shrink=80:80,False,
2026-08-24,케이스,"darkFlash,앱코",105816257,darkFlash DS900 PRO ARGB (블랙),74250,"ATX 케이스/지원보드규격:ATX,M-ATX,ITX/VGA 길이:425mm/CPU쿨러 높이:170mm/미들타워/[패널]/전면 패널 타입:강화유리/측면 패널 타입:강화유리/[쿨러/튜닝]/쿨링팬:총4개/LED팬:4개/후면:120mm LED x1/내부 측면:120mm LED x3/[크기]/너비(W):218mm/깊이(D):434mm/높이(H):455mm/[호환성]/지원파워규격:표준-ATX/파워 장착 길이:260mm/파워 위치:하단후면/[부가기능]/팬 컨트롤/RGB 컨트롤/LED 색상:ARGB",https://img.danuri.io/catalog-image/257/816/105/9058630d75604cf3974a98d4a23d3e92.jpg?shrink=80:80,False,
2026-08-24,케이스,"darkFlash,앱코",31413674,darkFlash DRX70 MESH RGB 강화유리 (블랙),54130,"ATX 케이스/지원보드규격:ATX,M-ATX,M-ITX/VGA 길이:355mm/CPU쿨러 높이:180mm/미들타워/[패널]/전면 패널 타입:메쉬/측면 패널 타입:강화유리/[쿨러/튜닝]/쿨링팬:총4개/LED팬:4개/후면:120mm LED x1/전면:120mm LED x3/[크기]/너비(W):230mm/깊이(D):396mm/높이(H):462mm/[호환성]/지원파워규격:표준-ATX/파워 장착 길이:220mm/[부가기능]/LED 색상:RGB",https://img.danuri.io/catalog-image/674/413/031/bb3568149db54ee3a41836994cce905e.jpg?shrink=80:80,False,
2026-08-24,케이스,"darkFlash,앱코",122679643,darkFlash DRX90 AERO MESH RGB (화이트),64880,"ATX 케이스/지원보드규격:ATX,M-ATX,M-ITX/VGA 길이:395mm/CPU쿨러 높이:185mm/미들타워/[패널]/전면 패널 타입:메쉬/측면 패널 타입:통풍구/[쿨러/튜닝]/쿨링팬:총4개/LED팬:4개/후면:120mm LED x1/전면:120mm LED x3/[크기]/너비(W):230mm/높이(H):460mm/깊이(D):465mm/[호환성]/지원파워규격:표준-ATX/파워 장착 길이:280mm/파워 위치:하단후면/[부가기능]/LED 색상:RGB",https://img.danuri.io/catalog-image/643/679/122/2e19b3fd3bf64b948c9e54e93f18c671.jpeg?shrink=80:80,False,
2026-08-24,케이스,"darkFlash,앱코",108390974,darkFlash DS950V ARGB 디스플레이 (화이트),103080,"ATX 케이스/지원보드규격:ATX,M-ATX,ITX/VGA 길이:400mm/CPU쿨러 높이:180mm/미들타워/[패널]/전면 패널 타입:강화유리/측면 패널 타입:강화유리/[쿨러/튜닝]/쿨링팬:총3개/LED팬:3개/후면:120mm LED x1/내부 측면:120mm LED x2/[크기]/너비(W):222mm/높이(H):465mm/깊이(D):450mm/[호환성]/지원파워규격:표준-ATX/파워 장착 길이:280mm/파워 위치:하단후면/[부가기능]/LED 색상:ARGB",https://img.danuri.io/catalog-image/974/390/108/f128a81d304543bba59e536755251d70.jpg?shrink=80:80,False,
2026-08-24,케이스,"darkFlash,앱코",122678036,앱코 UD51L 엑시드 LCD 강화유리 ARGB BTF (블랙),0,"ATX 케이스/지원보드규격:ATX,ATX (후면커넥터),M-ATX,M-ATX (후면커넥터),ITX/VGA 길이:345mm/CPU쿨러 높이:160mm/미들타워/수직 PCI형태:슬롯변경형/[패널]/전면 패널 타입:강화유리/측면 패널 타입:강화유리/[쿨러/튜닝]/쿨링팬:총4개/LED팬:4개/후면:120mm LED x1/내부 측면:120mm LED x3/[크기]/너비(W):277mm/높이(H):430mm/깊이(D):443mm/[호환성]/지원파워규격:표준-ATX/파워 장착 길이:240mm/파워 위치:상단/[부가기능]/LED 색상:ARGB",https://img.danuri.io/catalog-image/036/678/122/5349cc43a49f4e8da27e645e30ce6239.jpeg?shrink=80:80,True,가격정보없음(판매준비/판매중지)
2026-08-24,케이스,"darkFlash,앱코",122617755,darkFlash DLX ULTRA MESH (블랙),142880,"ATX 케이스/지원보드규격:E-ATX,ATX,ATX (후면커넥터),M-ATX,M-ATX (후면커넥터),ITX/VGA 길이:480mm/CPU쿨러 높이:190mm/빅타워/수직 PCI형태:슬롯변경형/[패널]/전면 패널 타입:메쉬/측면 패널 타입:통풍구/[쿨러/튜닝]/쿨링팬:총4개/후면:140mm x1/전면:140mm x3/[크기]/너비(W):249mm/높이(H):535mm/깊이(D):560mm/[호환성]/지원파워규격:표준-ATX/파워 장착 길이:260mm/파워 위치:하단후면",https://img.danuri.io/catalog-image/755/617/122/c27d979de0c54764bd03c4f7b5851445.jpeg?shrink=80:80,False,
2026-08-24,케이스,"darkFlash,앱코",17976938,darkFlash DK110,19800,"ATX 케이스/지원보드규격:ATX,M-ATX,M-ITX/VGA 길이:285mm/CPU쿨러 높이:160mm/미들타워/[패널]/측면 패널 타입:통풍구/[쿨러/튜닝]/쿨링팬:총1개/후면:120mm x1/[크기]/너비(W):190mm/깊이(D):344mm/높이(H):410mm/[호환성]/지원파워규격:표준-ATX/파워 위치:상단",https://img.danuri.io/catalog-image/938/976/017/d8d120bd27a945c28c80aac2389a1b1f.jpg?shrink=80:80,False,
2026-08-24,케이스,"darkFlash,앱코",91348985,앱코 UD20M 미니웨일 (화이트),0,"M-ATX 케이스/지원보드규격:M-ATX,M-ITX/VGA 길이:325mm/CPU쿨러 높이:155mm/미니타워/[패널]/전면 패널 타입:강화유리/측면 패널 타입:강화유리/[쿨러/튜닝]/쿨링팬:총3개/LED팬:3개/후면:120mm LED  x1/하단:120mm LED x2/[크기]/너비(W):335mm/깊이(D):275mm/높이(H):353mm/[호환성]/지원파워규격:표준-ATX/파워 장착 길이:210mm/파워 위치:하단후면/[부가기능]/LED 색상:RGB",https://img.danuri.io/catalog-image/985/348/091/6bb95b2963e14664976ea50be90c9843.jpg?shrink=80:80,True,가격정보없음(판매준비/판매중지)
2026-08-24,케이스,"darkFlash,앱코",122678063,앱코 UD51L 엑시드 LCD 강화유리 ARGB BTF (화이트),158500,"ATX 케이스/지원보드규격:ATX,ATX (후면커넥터),M-ATX,M-ATX (후면커넥터),ITX/VGA 길이:345mm/CPU쿨러 높이:160mm/미들타워/수직 PCI형태:슬롯변경형/[패널]/전면 패널 타입:강화유리/측면 패널 타입:강화유리/[쿨러/튜닝]/쿨링팬:총4개/LED팬:4개/후면:120mm LED x1/내부 측면:120mm LED x3/[크기]/너비(W):277mm/높이(H):430mm/깊이(D):443mm/[호환성]/지원파워규격:표준-ATX/파워 장착 길이:240mm/파워 위치:상단/[부가기능]/LED 색상:ARGB",https://img.danuri.io/catalog-image/063/678/122/a9931055705f4eb8bdf699e9bcf97305.jpeg?shrink=80:80,False,
2026-08-24,케이스,"darkFlash,앱코",101632583,앱코 U10M 큐빅 라이트 (블랙),20130,"M-ATX 케이스/지원보드규격:M-ATX,M-ITX/VGA 길이:300mm/CPU쿨러 높이:160mm/미니타워/[패널]/전면 패널 타입:강화유리/측면 패널 타입:강화유리/[쿨러/튜닝]/쿨링팬:총1개/LED팬:1개/후면:120mm LED x1/[크기]/너비(W):195mm/깊이(D):310mm/높이(H):422mm/[호환성]/지원파워규격:표준-ATX/파워 위치:하단후면/[부가기능]/LED 색상:RGB",https://img.danuri.io/catalog-image/583/632/101/e5bbdfc57c644866abe04a5286b7d594.jpg?shrink=80:80,False,
2026-08-24,케이스,"darkFlash,앱코",100271060,darkFlash DPF70 ARGB (블랙),64380,"ATX 케이스/지원보드규격:ATX,M-ATX,ITX/VGA 길이:410mm/CPU쿨러 높이:160mm/미들타워/[패널]/전면 패널 타입:강화유리/측면 패널 타입:강화유리/[쿨러/튜닝]/쿨링팬:총4개/LED팬:4개/후면:120mm LED x1/내부 측면:120mm LED x3/[크기]/너비(W):275mm/깊이(D):425mm/높이(H):398mm/[호환성]/지원파워규격:표준-ATX/파워 장착 길이:230mm/파워 위치:하단후면/[부가기능]/팬 컨트롤/RGB 컨트롤/LED 색상:ARGB",https://img.danuri.io/catalog-image/060/271/100/17c5b2e66116479f9781e26638026fbc.jpg?shrink=80:80,False,
2026-08-24,케이스,"darkFlash,앱코",8043859,앱코 NCORE 언더바,24090,"ATX 케이스/지원보드규격:ATX,M-ATX,M-ITX/VGA 길이:310mm/CPU쿨러 높이:163mm/미들타워/[패널]/전면 패널 타입:일반(솔리드)/[쿨러/튜닝]/쿨링팬:총1개/후면:120mm x1/[크기]/너비(W):198mm/깊이(D):375mm/높이(H):413mm/[호환성]/지원파워규격:표준-ATX/파워 장착 길이:200mm/파워 위치:상단",https://img.danuri.io/catalog-image/859/043/008/4823a889b5ed48c5b939b359841c7d09.jpg?shrink=80:80,False,
2026-08-24,케이스,"darkFlash,앱코",13818002,darkFlash DLH21 (민트),103400,미니ITX/지원보드규격:M-ITX/VGA 길이:320mm/CPU쿨러 높이:134mm/미니ITX(리틀밸리)/지원파워규격:M-ATX(SFX)/수직 PCI형태:기본형/[패널]/전면 패널 타입:메쉬/[쿨러/튜닝]/쿨링팬:총1개/상단:92mm/[크기]/너비(W):175mm/높이(H):412mm/깊이(D):238mm/[호환성]/파워 장착 길이:125mm/파워 위치:하단후면/[부가기능]/외부 LED/LED 색상:RGB,https://img.danuri.io/catalog-image/002/818/013/9d200a6ea7034f5483e495bd487a7785.jpg?shrink=80:80,False,
2026-08-24,케이스,"darkFlash,앱코",14705840,앱코 NCORE G30 트루포스 (블랙),49170,"ATX 케이스/지원보드규격:ATX,M-ATX,M-ITX/VGA 길이:340mm/CPU쿨러 높이:175mm/미들타워/[패널]/전면 패널 타입:메쉬/측면 패널 타입:강화유리/[쿨러/튜닝]/쿨링팬:총6개/LED팬:4개/후면:120mm LED x1/전면:120mm LED x3/상단:120mm x2/[크기]/너비(W):225mm/깊이(D):385mm/높이(H):485mm/[호환성]/지원파워규격:표준-ATX/파워 장착 길이:345mm/파워 위치:하단후면",https://img.danuri.io/catalog-image/840/705/014/dc9a6a43f70c49a3aae3fd06baef9968.jpg?shrink=80:80,False,
2026-08-24,케이스,"darkFlash,앱코",86098574,darkFlash DS900 ARGB 강화유리 (블랙 우드),64070,"ATX 케이스/지원보드규격:ATX,M-ATX,ITX/VGA 길이:425mm/CPU쿨러 높이:170mm/미들타워/[패널]/전면 패널 타입:강화유리/측면 패널 타입:강화유리/[쿨러/튜닝]/쿨링팬:총4개/LED팬:4개/후면:120mm LED x1/내부 측면:120mm LED x3/[크기]/너비(W):218mm/깊이(D):434mm/높이(H):454mm/[호환성]/지원파워규격:표준-ATX/파워 장착 길이:260mm/파워 위치:하단후면/[부가기능]/LED 색상:ARGB",https://img.danuri.io/catalog-image/574/098/086/69ff0e2f9f4d45618173511b85e80b3f.jpg?shrink=80:80,False,
2026-08-24,케이스,"darkFlash,앱코",71904299,darkFlash DP360 MESH RGB 강화유리 (블랙),46310,"ATX 케이스/지원보드규격:ATX,M-ATX,M-ITX/VGA 길이:350mm/CPU쿨러 높이:180mm/미들타워/[패널]/전면 패널 타입:메쉬/측면 패널 타입:강화유리/측면 개폐 방식:스윙도어/[쿨러/튜닝]/쿨링팬:총4개/LED팬:4개/후면:120mm LED x1/전면:120mm LED x3/[크기]/너비(W):230mm/깊이(D):390mm/높이(H):456mm/[호환성]/지원파워규격:표준-ATX/파워 장착 길이:215mm/파워 위치:하단후면/[부가기능]/LED 색상:RGB",https://img.danuri.io/catalog-image/299/904/071/af7e27aaefac45c298e6f304399df267.jpg?shrink=80:80,False,
2026-08-24,케이스,"darkFlash,앱코",17584208,darkFlash VB-X 4.0 라이저 케이블 지지대 KIT 215mm (화이트),0,액세서리/라이저 케이블/길이: 215mm / PCIe 4.0x16 지원,https://img.danuri.io/catalog-image/208/584/017/1eeb4e64fe1f44ceb8df4852c68ea3f3.jpg?shrink=80:80,True,"가격정보없음(판매준비/판매중지),액세서리(대상부품아님)"
2026-08-24,케이스,"darkFlash,앱코",31412510,앱코 O10M 오피스 라이트 (블랙),19980,"M-ATX 케이스/지원보드규격:M-ATX,M-ITX/VGA 길이:260mm/CPU쿨러 높이:135mm/미니타워/[패널]/전면 패널 타입:일반(솔리드)/측면 패널 타입:통풍구/[쿨러/튜닝]/쿨링팬:총1개/후면:80mm x1/[크기]/너비(W):160mm/깊이(D):284mm/높이(H):350mm/[호환성]/지원파워규격:표준-ATX/파워 장착 길이:250mm/파워 위치:상단",https://img.danuri.io/catalog-image/510/412/031/49556add4d2a4561b9d4211bd348fcc5.jpg?shrink=80:80,False,
2026-08-24,케이스,"darkFlash,앱코",68440877,darkFlash DY470 ARGB 강화유리 (화이트),127020,"ATX 케이스/지원보드규격:ATX,ATX (후면커넥터),M-ATX,M-ITX/VGA 길이:410mm/CPU쿨러 높이:175mm/미들타워/[패널]/전면 패널 타입:강화유리/측면 패널 타입:강화유리/[쿨러/튜닝]/쿨링팬:총4개/LED팬:4개/후면:120mm LED x1/내부 측면:120mm LED x3/[크기]/너비(W):298mm/깊이(D):473mm/높이(H):497mm/[호환성]/지원파워규격:표준-ATX/[부가기능]/LED 색상:ARGB",https://img.danuri.io/catalog-image/877/440/068/8b6c14fe4a074d0caf556c664fea293c.jpg?shrink=80:80,False,
2026-08-24,케이스,"darkFlash,앱코",99735548,darkFlash DY460 ARGB BTF (블랙),96910,"ATX 케이스/지원보드규격:ATX,ATX (후면커넥터),M-ATX,M-ATX (후면커넥터),ITX/VGA 길이:410mm/CPU쿨러 높이:175mm/미들타워/[패널]/전면 패널 타입:강화유리/측면 패널 타입:강화유리/[쿨러/튜닝]/쿨링팬:총4개/LED팬:4개/후면:120mm LED x1/전면:120mm LED x3/[크기]/너비(W):238mm/깊이(D):452mm/높이(H):541mm/지원파워규격:표준-ATX/파워 장착 길이:260mm/파워 위치:하단후면/[부가기능]/LED 색상:ARGB",https://img.danuri.io/catalog-image/548/735/099/82fd804d52c94aabbbbd51311d065bab.jpg?shrink=80:80,False,
2026-08-24,케이스,"darkFlash,앱코",71904314,darkFlash DP360 MESH RGB 강화유리 (화이트),46090,"ATX 케이스/지원보드규격:ATX,M-ATX,M-ITX/VGA 길이:350mm/CPU쿨러 높이:180mm/미들타워/[패널]/전면 패널 타입:메쉬/측면 패널 타입:강화유리/측면 개폐 방식:스윙도어/[쿨러/튜닝]/쿨링팬:총4개/LED팬:4개/후면:120mm LED x1/전면:120mm LED x3/[크기]/너비(W):230mm/깊이(D):390mm/높이(H):456mm/[호환성]/지원파워규격:표준-ATX/파워 장착 길이:215mm/파워 위치:하단후면/[부가기능]/LED 색상:RGB",https://img.danuri.io/catalog-image/314/904/071/fb4b073d2f6a4f93933a45c87cd84101.jpg?shrink=80:80,False,
2026-08-24,케이스,"darkFlash,앱코",101013629,darkFlash DS500M RGB (화이트),46200,"M-ATX 케이스/지원보드규격:M-ATX,ITX/VGA 길이:405mm/CPU쿨러 높이:165mm/미니타워/[패널]/전면 패널 타입:강화유리/측면 패널 타입:강화유리/[쿨러/튜닝]/쿨링팬:총3개/LED팬:3개/후면:120mm LED x1/내부 측면:120mm LED x2/[크기]/너비(W):210mm/깊이(D):413mm/높이(H):450mm/[호환성]/지원파워규격:표준-ATX/파워 장착 길이:230mm/파워 위치:하단후면/[부가기능]/LED 색상:RGB",https://img.danuri.io/catalog-image/629/013/101/7f1adc6202364e7498d74a316ecdbb01.jpg?shrink=80:80,False,
2026-08-24,케이스,"darkFlash,앱코",123134408,darkFlash FLOATRON F1 ARGB (블랙),125430,"ATX 케이스/지원보드규격:ATX,ATX (후면커넥터),M-ATX,M-ATX (후면커넥터),ITX/VGA 길이:415mm/CPU쿨러 높이:180mm/미들타워/[패널]/전면 패널 타입:강화유리/측면 패널 타입:강화유리/[크기]/너비(W):240mm/높이(H):464mm/깊이(D):452mm/[호환성]/지원파워규격:표준-ATX/파워 장착 길이:200mm/파워 위치:하단후면/[부가기능]/LED 색상:ARGB",https://img.danuri.io/catalog-image/408/134/123/c55c797ab0ec4c4383b1a5f259b59e1d.jpeg?shrink=80:80,False,
2026-08-24,케이스,"darkFlash,앱코",93320471,앱코 UD50C 루시드 앰비언트 풀커브드 ARGB BTF (화이트),136400,"ATX 케이스/지원보드규격:ATX,ATX (후면커넥터),M-ATX,M-ATX (후면커넥터),M-ITX/VGA 길이:420mm/CPU쿨러 높이:160mm/미들타워/[패널]/전면 패널 타입:강화유리/측면 패널 타입:강화유리/[쿨러/튜닝]/쿨링팬:총4개/LED팬:4개/후면:120mm LED X1/내부 측면:120mm LED X3/[크기]/너비(W):285mm/깊이(D):460mm/높이(H):400mm/[호환성]/지원파워규격:표준-ATX/파워 장착 길이:210mmmm/파워 위치:상단/[부가기능]/외부 LED/팬 컨트롤/RGB 컨트롤/LED 색상:ARGB",https://img.danuri.io/catalog-image/471/320/093/c4a0b143536c4efeabb015071ee90c51.jpg?shrink=80:80,False,
2026-08-24,케이스,"darkFlash,앱코",28058570,앱코 G15 세이퍼 아크릴 (블랙),38720,"ATX 케이스/지원보드규격:ATX,M-ATX,M-ITX/VGA 길이:300mm/CPU쿨러 높이:160mm/미들타워/[패널]/전면 패널 타입:메쉬/측면 패널 타입:아크릴/[쿨러/튜닝]/쿨링팬:총4개/LED팬:4개/후면:120mm LED X1/전면:120mm LED X3/[크기]/너비(W):205mm/깊이(D):350mm/높이(H):445mm/[호환성]/지원파워규격:표준-ATX/파워 장착 길이:140~150mm/파워 위치:하단후면/[변경사항]/23년 10월 ssd 최대 3개 장착 → 2개로 변경",https://img.danuri.io/catalog-image/570/058/028/002345b696a04f94a966e3e4b2afc12f.jpg?shrink=80:80,False,
2026-08-24,케이스,"darkFlash,앱코",31413680,darkFlash DRX70 MESH RGB 강화유리 (화이트),56880,"ATX 케이스/지원보드규격:ATX,M-ATX,M-ITX/VGA 길이:355mm/CPU쿨러 높이:180mm/미들타워/[패널]/전면 패널 타입:메쉬/측면 패널 타입:강화유리/[쿨러/튜닝]/쿨링팬:총4개/LED팬:4개/후면:120mm LED x1/전면:120mm LED x3/[크기]/너비(W):230mm/깊이(D):396mm/높이(H):462mm/[호환성]/지원파워규격:표준-ATX/파워 장착 길이:220mm/[부가기능]/LED 색상:RGB",https://img.danuri.io/catalog-image/680/413/031/3b2cf641d62a47b2a0c9578776cb2af7.jpg?shrink=80:80,False,
2026-08-24,케이스,"darkFlash,앱코",123134410,darkFlash FLOATRON F1 ARGB (화이트 블랙),125370,"ATX 케이스/지원보드규격:ATX,ATX (후면커넥터),M-ATX,M-ATX (후면커넥터),ITX/VGA 길이:415mm/CPU쿨러 높이:180mm/미들타워/[패널]/전면 패널 타입:강화유리/측면 패널 타입:강화유리/[크기]/너비(W):240mm/높이(H):464mm/깊이(D):452mm/[호환성]/지원파워규격:표준-ATX/파워 장착 길이:200mm/파워 위치:하단후면/[부가기능]/LED 색상:ARGB",https://img.danuri.io/catalog-image/410/134/123/4954c6616da64bd1a0f1eacd6efde3e0.jpeg?shrink=80:80,False,
2026-08-24,케이스,"darkFlash,앱코",68574671,앱코 UD50 블루웨일 ARGB BTF (블랙),66440,"ATX 케이스/지원보드규격:ATX,ATX (후면커넥터),M-ATX,M-ATX (후면커넥터),M-ITX/VGA 길이:418mm/CPU쿨러 높이:160mm/미들타워/[패널]/전면 패널 타입:강화유리/측면 패널 타입:강화유리/[쿨러/튜닝]/쿨링팬:총4개/LED팬:4개/후면:120mm LED X1/내부 측면:120mm LED X3/[크기]/너비(W):285mm/깊이(D):426mm/높이(H):400mm/[호환성]/지원파워규격:표준-ATX/[부가기능]/LED 색상:ARGB",https://img.danuri.io/catalog-image/671/574/068/19fc01361e8145a994b332372f94bb2a.jpg?shrink=80:80,False,
2026-08-24,케이스,"darkFlash,앱코",76946669,darkFlash DF4100 MESH ARGB BTF (블랙),78070,"ATX 케이스/지원보드규격:E-ATX,ATX,ATX (후면커넥터),M-ATX,M-ATX (후면커넥터),ITX/VGA 길이:435mm/CPU쿨러 높이:185mm/수직 PCI형태:슬롯변경형/[패널]/전면 패널 타입:메쉬/측면 패널 타입:강화유리/[쿨러/튜닝]/쿨링팬:총4개/LED팬:4개/후면:140mm LED x1/전면:140mm LED x3/[크기]/너비(W):235mm/깊이(D):485mm/높이(H):505mm/[호환성]/지원파워규격:표준-ATX/파워 장착 길이:250mm/파워 위치:하단후면/[부가기능]/RGB 컨트롤/LED 색상:ARGB",https://img.danuri.io/catalog-image/669/946/076/2692f842e18f44f597f93788328b77fa.jpg?shrink=80:80,False,
2026-08-24,케이스,"darkFlash,앱코",60321872,darkFlash DS900M RGB 강화유리 (화이트),48870,"M-ATX 케이스/지원보드규격:M-ATX,M-ITX/VGA 길이:425mm/CPU쿨러 높이:170mm/미니타워/[패널]/전면 패널 타입:강화유리/측면 패널 타입:강화유리/[쿨러/튜닝]/쿨링팬:총3개/LED팬:3개/후면:120mm LED x1/내부 측면:120mm LED x2/[크기]/너비(W):218mm/깊이(D):434mm/높이(H):414mm/[호환성]/지원파워규격:표준-ATX/파워 장착 길이:260mm/파워 위치:하단후면/[부가기능]/LED 색상:RGB",https://img.danuri.io/catalog-image/872/321/060/1d574bd49b9642d2871c24b87ecd58e3.jpg?shrink=80:80,False,
2026-08-24,케이스,"darkFlash,앱코",89861615,darkFlash DCM33 RGB (블랙),36300,"M-ATX 케이스/지원보드규격:M-ATX,ITX/VGA 길이:325mm/CPU쿨러 높이:155mm/미니타워/[패널]/전면 패널 타입:강화유리/측면 패널 타입:강화유리/[쿨러/튜닝]/쿨링팬:총3개/LED팬:3개/후면:120mm LED x1/내부 측면:120mm LED x2/[크기]/너비(W):275mm/깊이(D):335mm/높이(H):327mm/[호환성]/지원파워규격:표준-ATX/파워 장착 길이:160mm/파워 위치:하단후면/[부가기능]/LED 색상:RGB",https://img.danuri.io/catalog-image/615/861/089/f4a68143884d481a8edbae6c89f037c6.jpg?shrink=80:80,False,
2026-08-24,케이스,"darkFlash,앱코",72723491,darkFlash DCM30 RGB 강화유리 (블랙),34100,"ATX 케이스/지원보드규격:M-ATX,M-ITX/VGA 길이:325mm/CPU쿨러 높이:155mm/미니타워/[패널]/전면 패널 타입:강화유리/측면 패널 타입:강화유리/[쿨러/튜닝]/쿨링팬:총3개/LED팬:3개/후면:120mm/내부 측면:120mm/[크기]/너비(W):275mm/깊이(D):333mm/높이(H):323mm/[호환성]/지원파워규격:표준-ATX/파워 장착 길이:160mm/파워 위치:하단후면/[부가기능]/LED 색상:RGB",https://img.danuri.io/catalog-image/491/723/072/80bf43d0541b47c489d126b83bd3f92c.jpg?shrink=80:80,False,
2026-08-24,케이스,"darkFlash,앱코",80464100,darkFlash DB460M MESH RGB (블랙),42340,"M-ATX 케이스/지원보드규격:M-ATX,M-ITX/VGA 길이:420mm/CPU쿨러 높이:174mm/미니타워/[패널]/전면 패널 타입:메쉬/측면 패널 타입:강화유리/[쿨러/튜닝]/쿨링팬:총3개/LED팬:3개/후면:120mm LED x1/전면:120mm LED x2/[크기]/너비(W):220mm/깊이(D):469mm/높이(H):408mm/[호환성]/지원파워규격:표준-ATX/파워 장착 길이:240mm/파워 위치:하단후면/[부가기능]/LED 색상:RGB",https://img.danuri.io/catalog-image/100/464/080/b334e1703d8e4f89ab1ff10cabf53dab.jpg?shrink=80:80,False,
2026-08-24,케이스,"darkFlash,앱코",73616639,앱코 SUITMASTER MF360 리얼우드 (블랙),74250,"ATX 케이스/지원보드규격:ATX,M-ATX,M-ITX/VGA 길이:410mm/CPU쿨러 높이:165mm/미들타워/[패널]/측면 패널 타입:강화유리/측면 개폐 방식:스윙도어/[쿨러/튜닝]/쿨링팬:총4개/후면:120mm x1/전면:140mm x3/[크기]/너비(W):210mm/깊이(D):465mm/높이(H):485mm/[호환성]/지원파워규격:표준-ATX/파워 장착 길이:250mm/파워 위치:하단후면",https://img.danuri.io/catalog-image/639/616/073/7572ca1f9c884f2e9a6d83413e3823ee.jpg?shrink=80:80,False,
2026-08-24,케이스,"darkFlash,앱코",76946687,darkFlash DF4100 MESH ARGB BTF (화이트),83990,"ATX 케이스/지원보드규격:E-ATX,ATX,ATX (후면커넥터),M-ATX,M-ATX (후면커넥터),ITX/VGA 길이:435mm/CPU쿨러 높이:185mm/수직 PCI형태:슬롯변경형/[패널]/전면 패널 타입:메쉬/측면 패널 타입:강화유리/[쿨러/튜닝]/쿨링팬:총4개/LED팬:4개/후면:140mm LED x1/전면:140mm LED x3/[크기]/너비(W):235mm/깊이(D):485mm/높이(H):505mm/[호환성]/지원파워규격:표준-ATX/파워 장착 길이:250mm/파워 위치:하단후면/[부가기능]/RGB 컨트롤/LED 색상:ARGB",https://img.danuri.io/catalog-image/687/946/076/b0ac9844007141ef9eebdd7c1d789bb8.jpg?shrink=80:80,False,
2026-08-24,케이스,"darkFlash,앱코",91348970,앱코 UD20M 미니웨일 (블랙),25850,"M-ATX 케이스/지원보드규격:M-ATX,M-ITX/VGA 길이:325mm/CPU쿨러 높이:155mm/미니타워/[패널]/전면 패널 타입:강화유리/측면 패널 타입:강화유리/[쿨러/튜닝]/쿨링팬:총3개/LED팬:3개/후면:120mm LED  x1/하단:120mm LED x2/[크기]/너비(W):335mm/깊이(D):275mm/높이(H):353mm/[호환성]/지원파워규격:표준-ATX/파워 장착 길이:210mm/파워 위치:하단후면/[부가기능]/LED 색상:RGB",https://img.danuri.io/catalog-image/970/348/091/3ee04a03650e4167941e291ff12389c8.jpg?shrink=80:80,False,
2026-08-24,케이스,"darkFlash,앱코",92187578,darkFlash DW500 우드 MESH RGB (블랙),68290,"ATX 케이스/지원보드규격:ATX,M-ATX,ITX/VGA 길이:425mm/CPU쿨러 높이:170mm/미들타워/[패널]/전면 패널 타입:메쉬/측면 패널 타입:강화유리/[쿨러/튜닝]/쿨링팬:총4개/LED팬:4개/후면:120mm LED x1/전면:120mm LED x3/[크기]/너비(W):218mm/깊이(D):470mm/높이(H):454mm/[호환성]/지원파워규격:표준-ATX/파워 장착 길이:260mm/파워 위치:하단후면/[부가기능]/LED 색상:RGB",https://img.danuri.io/catalog-image/578/187/092/13631001f4c84c25a7da51aa4f42b14b.jpg?shrink=80:80,False,
2026-08-24,케이스,"darkFlash,앱코",18190976,darkFlash DS5000 MESH 강화유리 (블랙),126500,"ATX 케이스/지원보드규격:E-ATX,ATX,M-ATX,M-ITX/VGA 길이:340mm/CPU쿨러 높이:185mm/미들타워/수직 PCI형태:슬롯변경형/[패널]/전면 패널 타입:메쉬/측면 패널 타입:강화유리/[쿨러/튜닝]/쿨링팬:총5개/후면:140mm x1/하단:120mm x4/[크기]/너비(W):245mm/깊이(D):538mm/높이(H):415mm/[호환성]/지원파워규격:표준-ATX/파워 장착 길이:200mm/파워 위치:측면/우측면 에어홀",https://img.danuri.io/catalog-image/976/190/018/85f983d7625749f2af5129d927dd1130.jpg?shrink=80:80,False,
2026-08-24,케이스,"darkFlash,앱코",64392029,앱코 U40M 웨일샤크 ARGB BTF (블랙),56320,"M-ATX 케이스/지원보드규격:M-ATX,M-ATX (후면커넥터),M-ITX/VGA 길이:410mm/CPU쿨러 높이:160mm/미니타워/[패널]/전면 패널 타입:강화유리/측면 패널 타입:강화유리/측면 개폐 방식:버튼/[쿨러/튜닝]/쿨링팬:총3개/LED팬:3개/후면:120mm LED x1/내부 측면:120mm LED x2/[크기]/너비(W):218mm/깊이(D):420mm/높이(H):395mm/[호환성]/지원파워규격:표준-ATX/파워 장착 길이:240mm/파워 위치:하단후면/[부가기능]/LED 색상:ARGB",https://img.danuri.io/catalog-image/029/392/064/9dca9f2d2962473594c03e9ad552edc8.jpg?shrink=80:80,False,
2026-08-24,케이스,"darkFlash,앱코",101013590,darkFlash DS500M RGB (블랙),42460,"M-ATX 케이스/지원보드규격:M-ATX,ITX/VGA 길이:405mm/CPU쿨러 높이:165mm/미니타워/[패널]/전면 패널 타입:강화유리/측면 패널 타입:강화유리/[쿨러/튜닝]/쿨링팬:총3개/LED팬:3개/후면:120mm LED x1/내부 측면:120mm LED x2/[크기]/너비(W):210mm/깊이(D):413mm/높이(H):450mm/[호환성]/지원파워규격:표준-ATX/파워 장착 길이:230mm/파워 위치:하단후면/[부가기능]/LED 색상:RGB",https://img.danuri.io/catalog-image/590/013/101/6eb2f492975c43de8a751732a5aa3c17.jpg?shrink=80:80,False,
2026-08-24,케이스,"darkFlash,앱코",94088744,앱코 G26 메가플로우 MESH (화이트),46420,"ATX 케이스/지원보드규격:ATX,M-ATX,M-ITX/VGA 길이:400mm/CPU쿨러 높이:165mm/미들타워/[패널]/전면 패널 타입:메쉬/측면 패널 타입:강화유리/[쿨러/튜닝]/쿨링팬:총3개/LED팬:3개/후면:120mm LED x1/전면:140mm LED x2/[크기]/너비(W):212mm/깊이(D):420mm/높이(H):485mm/[호환성]/지원파워규격:표준-ATX/파워 장착 길이:200mm/파워 위치:하단후면/[부가기능]/LED 색상:RGB",https://img.danuri.io/catalog-image/744/088/094/0b9c4c9f7d1149d580feea53842d2fc2.jpg?shrink=80:80,False,
2026-08-24,케이스,"darkFlash,앱코",60321833,darkFlash DS900M RGB 강화유리 (블랙),47300,"M-ATX 케이스/지원보드규격:M-ATX,M-ITX/VGA 길이:425mm/CPU쿨러 높이:170mm/미니타워/[패널]/전면 패널 타입:강화유리/측면 패널 타입:강화유리/[쿨러/튜닝]/쿨링팬:총3개/LED팬:3개/후면:120mm LED x1/내부 측면:120mm LED x2/[크기]/너비(W):218mm/깊이(D):434mm/높이(H):414mm/[호환성]/지원파워규격:표준-ATX/파워 장착 길이:260mm/파워 위치:하단후면/[부가기능]/LED 색상:RGB",https://img.danuri.io/catalog-image/833/321/060/24e23ad947f34b41bb7b1e1fa355f7e0.jpg?shrink=80:80,False,
2026-08-24,케이스,"darkFlash,앱코",99735608,darkFlash DY460 ARGB BTF (화이트),98260,"ATX 케이스/지원보드규격:ATX,ATX (후면커넥터),M-ATX,M-ATX (후면커넥터),ITX/VGA 길이:410mm/CPU쿨러 높이:175mm/미들타워/[패널]/전면 패널 타입:강화유리/측면 패널 타입:강화유리/[쿨러/튜닝]/쿨링팬:총4개/LED팬:4개/후면:120mm LED x1/전면:120mm LED x3/[크기]/너비(W):238mm/깊이(D):452mm/높이(H):541mm/지원파워규격:표준-ATX/파워 장착 길이:260mm/파워 위치:하단후면/[부가기능]/LED 색상:ARGB",https://img.danuri.io/catalog-image/608/735/099/ef8d438845a84e7c8484689caebbd49c.jpg?shrink=80:80,False,
2026-08-24,케이스,"darkFlash,앱코",9376491,darkFlash DLM21 RGB MESH 강화유리 (화이트),58540,"M-ATX 케이스/지원보드규격:M-ATX,M-ITX/VGA 길이:330mm/CPU쿨러 높이:160mm/미니타워/[패널]/전면 패널 타입:메쉬/측면 패널 타입:강화유리/측면 개폐 방식:스윙도어/[쿨러/튜닝]/쿨링팬:총4개/LED팬:4개/후면:120mm LED x1/전면:120mm LED x3/[크기]/너비(W):208mm/깊이(D):376mm/높이(H):425mm/[호환성]/지원파워규격:표준-ATX/파워 장착 길이:210mm/파워 위치:하단후면/[부가기능]/RGB 컨트롤/LED 색상:RGB/[변경사항]/24년 7월 전면팬 120mm LED x2 → x3 으로 변경 / 후면팬 C6M → C6AM 변경",https://img.danuri.io/catalog-image/491/376/009/b47f6f813e56433f844704f19c759f2c.jpg?shrink=80:80,False,
2026-08-24,케이스,"darkFlash,앱코",17525405,darkFlash DLX200 MESH RGB 강화유리 (화이트),0,"ATX 케이스/지원보드규격:E-ATX,ATX,M-ATX,ITX/VGA 길이:395mm/CPU쿨러 높이:180mm/미들타워/[패널]/전면 패널 타입:메쉬/측면 패널 타입:강화유리/측면 개폐 방식:스윙도어/[쿨러/튜닝]/쿨링팬:총4개/LED팬:4개/후면:140mm LED x1/전면:140mm LED x3/[크기]/너비(W):233mm/깊이(D):468mm/높이(H):495mm/[호환성]/지원파워규격:표준-ATX/파워 장착 길이:240mm/파워 위치:하단후면/[부가기능]/외부LED 컨트롤/LED 색상:RGB",https://img.danuri.io/catalog-image/405/525/017/de6348f4a99d49688d7d4877a5474893.jpg?shrink=80:80,True,가격정보없음(판매준비/판매중지)
2026-08-24,케이스,"darkFlash,앱코",94088714,앱코 G26 메가플로우 MESH (블랙),40370,"ATX 케이스/지원보드규격:ATX,M-ATX,M-ITX/VGA 길이:400mm/CPU쿨러 높이:165mm/미들타워/[패널]/전면 패널 타입:메쉬/측면 패널 타입:강화유리/[쿨러/튜닝]/쿨링팬:총3개/LED팬:3개/후면:120mm LED x1/전면:140mm LED x2/[크기]/너비(W):212mm/깊이(D):420mm/높이(H):485mm/[호환성]/지원파워규격:표준-ATX/파워 장착 길이:200mm/파워 위치:하단후면/[부가기능]/LED 색상:RGB",https://img.danuri.io/catalog-image/714/088/094/99219179c3764cc793456fb10b76b248.jpg?shrink=80:80,False,
2026-08-24,케이스,"darkFlash,앱코",2932047,앱코 NCORE NBOX 탱고,0,"M-ATX 케이스/지원보드규격:M-ATX,M-ITX/VGA 길이:최대 250mm/CPU쿨러 높이:최대 135mm/미니타워/[패널]/측면 패널 타입:통풍구/후면:80mm/[크기]/너비(W):167mm/깊이(D):300mm/높이(H):352mm/[호환성]/지원파워규격:표준-ATX/파워 위치:상단/[변경사항]/2020년 2월 내부 섀시 변경",https://img.danuri.io/catalog-image/047/932/002/7ef0fec93d634270ba5882d234af575b.jpg?shrink=80:80,True,가격정보없음(판매준비/판매중지)
2026-08-24,케이스,"darkFlash,앱코",13381634,darkFlash DK200 RGB 강화유리 (화이트),44740,"ATX 케이스/지원보드규격:ATX,M-ATX,M-ITX/VGA 길이:320mm/CPU쿨러 높이:160mm/미들타워/[패널]/전면 패널 타입:메쉬/측면 패널 타입:강화유리/[쿨러/튜닝]/쿨링팬:총6개/LED팬:4개/후면:120mm LED x1/전면:120mm LED x3/상단:120mm x2/[크기]/너비(W):200mm/깊이(D):365mm/높이(H):441mm/[호환성]/지원파워규격:표준-ATX/파워 장착 길이:185mm/파워 위치:하단후면/[부가기능]/LED 색상:RGB/[변경사항]/24년 6월 팬 LED ON/OFF 버튼 추가",https://img.danuri.io/catalog-image/634/381/013/07ce7a2802a34ec2a0a2212d8ab7cdf8.jpg?shrink=80:80,False,
2026-08-24,케이스,"darkFlash,앱코",101632598,앱코 U10M 큐빅 라이트 (화이트),22770,"M-ATX 케이스/지원보드규격:M-ATX,M-ITX/VGA 길이:300mm/CPU쿨러 높이:160mm/미니타워/[패널]/전면 패널 타입:강화유리/측면 패널 타입:강화유리/[쿨러/튜닝]/쿨링팬:총1개/LED팬:1개/후면:120mm LED x1/[크기]/너비(W):195mm/깊이(D):310mm/높이(H):422mm/[호환성]/지원파워규격:표준-ATX/파워 위치:하단후면/[부가기능]/LED 색상:RGB",https://img.danuri.io/catalog-image/598/632/101/1a2f430540dc40bcbce790aea209a21f.jpg?shrink=80:80,False,
2026-08-24,케이스,"darkFlash,앱코",49645922,darkFlash DRX90 MESH RGB 강화유리 (블랙),58210,"ATX 케이스/지원보드규격:ATX,M-ATX,M-ITX/VGA 길이:395mm/CPU쿨러 높이:185mm/미들타워/[패널]/전면 패널 타입:메쉬/측면 패널 타입:강화유리/[쿨러/튜닝]/쿨링팬:총4개/LED팬:4개/후면:120mm LED X1/전면:120mm LED X3/[크기]/너비(W):230mm /깊이(D):465mm/높이(H):460mm/[호환성]/지원파워규격:표준-ATX/파워 장착 길이:280mm/파워 위치:하단후면/[부가기능]/LED 색상:RGB",https://img.danuri.io/catalog-image/922/645/049/efa2c6f593234876b4ada74a781e81e9.jpg?shrink=80:80,False,
2026-08-24,케이스,"darkFlash,앱코",91497431,darkFlash DY570 ARGB BTF (화이트),224610,"ATX 케이스/지원보드규격:ATX,ATX (후면커넥터),M-ATX,ITX/VGA 길이:400mm/CPU쿨러 높이:180mm/미들타워/수직 PCI형태:슬롯변경형/[패널]/전면 패널 타입:강화유리/측면 패널 타입:강화유리/[쿨러/튜닝]/쿨링팬:총4개/LED팬:4개/후면:120mm LED x1/내부 측면:120mm LED x3/[크기]/너비(W):30mm/깊이(D):479mm/높이(H):466mm/[호환성]/지원파워규격:표준-ATX/파워 장착 길이:200mm/파워 위치:상단/[부가기능]/팬 컨트롤/RGB 컨트롤/LED 색상:ARGB",https://img.danuri.io/catalog-image/431/497/091/7846a92f932740669a6e20b4358c0c37.jpg?shrink=80:80,False,
2026-08-24,케이스,"darkFlash,앱코",13381619,darkFlash DK200 RGB 강화유리 (블랙),42090,"ATX 케이스/지원보드규격:ATX,M-ATX,M-ITX/VGA 길이:320mm/CPU쿨러 높이:160mm/미들타워/[패널]/전면 패널 타입:메쉬/측면 패널 타입:강화유리/[쿨러/튜닝]/쿨링팬:총6개/LED팬:4개/후면:120mm LED x1/전면:120mm LED x3/상단:120mm x2/[크기]/너비(W):200mm/깊이(D):365mm/높이(H):441mm/[호환성]/지원파워규격:표준-ATX/파워 장착 길이:185mm/파워 위치:하단후면/[부가기능]/LED 색상:RGB/[변경사항]/24년 6월 팬 LED ON/OFF 버튼 추가",https://img.danuri.io/catalog-image/619/381/013/103ae32ce4e04852a3ecdc1ed828fab7.jpg?shrink=80:80,False,
2026-08-24,케이스,"darkFlash,앱코",72723299,darkFlash DQX80 ARGB BTF (블랙),87760,"ATX 케이스/지원보드규격:ATX,ATX (후면커넥터),M-ATX,M-ATX (후면커넥터),ITX/VGA 길이:415mm/CPU쿨러 높이:160mm/미들타워/[패널]/전면 패널 타입:강화유리/측면 패널 타입:강화유리/[쿨러/튜닝]/쿨링팬:총4개/LED팬:4개/후면:120mm/내부 측면:120mm/[크기]/너비(W):285mm/깊이(D):426mm/높이(H):448mm/[호환성]/지원파워규격:표준-ATX/파워 장착 길이:220mm/파워 위치:상단/[부가기능]/LED 색상:RGB",https://img.danuri.io/catalog-image/299/723/072/b5f1abca276c483e967930dc42161da5.jpg?shrink=80:80,False,
2026-08-24,케이스,"darkFlash,앱코",76160312,앱코 UH40 킬러웨일 ARGB (블랙),64900,"ATX 케이스/지원보드규격:ATX,M-ATX,M-ITX/VGA 길이:410mm/CPU쿨러 높이:165mm/미들타워/[패널]/전면 패널 타입:강화유리/측면 패널 타입:강화유리/[쿨러/튜닝]/쿨링팬:총5개/LED팬:5개/후면:120mm LED x1/하단:120mm LED x1/내부 측면:120mm LED x3/[크기]/너비(W):212mm/깊이(D):435mm/높이(H):490mm/[호환성]/지원파워규격:표준-ATX/파워 장착 길이:180mm/파워 위치:하단후면/[부가기능]/LED 색상:ARGB",https://img.danuri.io/catalog-image/312/160/076/e3d39b25ddd44376a122aec9e620b730.jpg?shrink=80:80,False,
2026-08-24,케이스,"darkFlash,앱코",89861651,darkFlash DCM33 RGB (화이트),38830,"M-ATX 케이스/지원보드규격:M-ATX,ITX/VGA 길이:325mm/CPU쿨러 높이:155mm/미니타워/[패널]/전면 패널 타입:강화유리/측면 패널 타입:강화유리/[쿨러/튜닝]/쿨링팬:총3개/LED팬:3개/후면:120mm LED x1/내부 측면:120mm LED x2/[크기]/너비(W):275mm/깊이(D):335mm/높이(H):327mm/[호환성]/지원파워규격:표준-ATX/파워 장착 길이:160mm/파워 위치:하단후면/[부가기능]/LED 색상:RGB",https://img.danuri.io/catalog-image/651/861/089/323c25acfa164417a5198189c94546ce.jpg?shrink=80:80,False,
2026-08-24,케이스,"darkFlash,앱코",27922328,앱코 O20M 오피스 (블랙),23870,"M-ATX 케이스/지원보드규격:M-ATX,M-ITX/VGA 길이:260mm/CPU쿨러 높이:145mm/미니타워/[패널]/측면 패널 타입:통풍구/[쿨러/튜닝]/쿨링팬:총1개/후면:92mm x1/[크기]/너비(W):165mm/깊이(D):280mm/높이(H):350mm/[호환성]/지원파워규격:표준-ATX/파워 장착 길이:140~275mm/파워 위치:상단",https://img.danuri.io/catalog-image/328/922/027/a7639444f5984e42b84c8fd675b92a4a.jpg?shrink=80:80,False,
2026-08-24,케이스,"darkFlash,앱코",15894449,앱코 SUITMASTER H2000 스마트 쿨링 (화이트),78650,"ATX 케이스/지원보드규격:ATX,M-ATX/VGA 길이:410mm/CPU쿨러 높이:180mm/미들타워/수직 PCI형태:기본형/[패널]/측면 패널 타입:통풍구/[쿨러/튜닝]/쿨링팬:총4개/후면:140mm x1/전면:140mm x3/[크기]/너비(W):230mm/깊이(D):480mm/높이(H):485mm/[호환성]/지원파워규격:표준-ATX/파워 장착 길이:230mm/파워 위치:하단후면",https://img.danuri.io/catalog-image/449/894/015/807fe592a21e46b0beb95ddab51a53ec.jpg?shrink=80:80,False,
2026-08-24,케이스,"darkFlash,앱코",93804113,darkFlash DS900G ARGB (블랙),82700,"ATX 케이스/지원보드규격:ATX,M-ATX,ITX/VGA 길이:425mm/CPU쿨러 높이:170mm/미들타워/[패널]/전면 패널 타입:강화유리/측면 패널 타입:강화유리/[쿨러/튜닝]/쿨링팬:총4개/LED팬:4개/후면:120mm LED x1/내부 측면:120mm LED x3/[크기]/너비(W):218mm/깊이(D):434mm/높이(H):454mm/[호환성]/지원파워규격:표준-ATX/파워 장착 길이:260mm/파워 위치:하단후면/[부가기능]/LED 색상:ARGB",https://img.danuri.io/catalog-image/113/804/093/5c0af5984d4e494c9df42a74451dedd3.jpg?shrink=80:80,False,
2026-08-24,케이스,"darkFlash,앱코",92187584,darkFlash DW500 우드 MESH RGB (화이트),73630,"ATX 케이스/지원보드규격:ATX,M-ATX,ITX/VGA 길이:425mm/CPU쿨러 높이:170mm/미들타워/[패널]/전면 패널 타입:메쉬/측면 패널 타입:강화유리/[쿨러/튜닝]/쿨링팬:총4개/LED팬:4개/후면:120mm LED x1/전면:120mm LED x3/[크기]/너비(W):218mm/깊이(D):470mm/높이(H):454mm/[호환성]/지원파워규격:표준-ATX/파워 장착 길이:260mm/파워 위치:하단후면/[부가기능]/LED 색상:RGB",https://img.danuri.io/catalog-image/584/187/092/23949fccbf19454fbb7236cec89cc6bc.jpg?shrink=80:80,False,
2026-08-24,케이스,"darkFlash,앱코",15063971,앱코 NCORE G30 트루포스 (화이트),45100,"ATX 케이스/지원보드규격:ATX,M-ATX,M-ITX/VGA 길이:340mm/CPU쿨러 높이:175mm/미들타워/[패널]/전면 패널 타입:메쉬/측면 패널 타입:강화유리/[쿨러/튜닝]/쿨링팬:총6개/LED팬:4개/후면:120mm LED x1/전면:120mm LED x3/상단:120mm x2/[크기]/너비(W):225mm/깊이(D):385mm/높이(H):485mm/[호환성]/지원파워규격:표준-ATX/파워 장착 길이:345mm/파워 위치:하단후면",https://img.danuri.io/catalog-image/971/063/015/41bc9ec32492446390378580c6d8add5.jpg?shrink=80:80,False,
2026-08-24,케이스,"darkFlash,앱코",71904638,darkFlash DP430 MESH RGB 강화유리 (화이트),48550,"ATX 케이스/지원보드규격:ATX,M-ATX,M-ITX/VGA 길이:395mm/CPU쿨러 높이:180mm/미들타워/[패널]/전면 패널 타입:메쉬/측면 패널 타입:강화유리/측면 개폐 방식:스윙도어/[쿨러/튜닝]/쿨링팬:총4개/LED팬:4개/후면:120mm LED x1/전면:120mm LED x3/[크기]/너비(W):230mm/깊이(D):460mm/높이(H):456mm/[호환성]/지원파워규격:표준-ATX/파워 장착 길이:280mm/파워 위치:하단후면/[부가기능]/LED 색상:RGB",https://img.danuri.io/catalog-image/638/904/071/c9b84c970ba04ddd950c01bf91f34013.jpg?shrink=80:80,False,
2026-08-24,케이스,"darkFlash,앱코",94880948,darkFlash DS900XL 우드 ARGB (블랙),97720,"ATX 케이스/지원보드규격:ATX,ATX (후면커넥터),M-ATX,M-ATX (후면커넥터),ITX/VGA 길이:420mm/CPU쿨러 높이:180mm/미들타워/수직 PCI형태:슬롯변경형/[패널]/전면 패널 타입:강화유리/측면 패널 타입:강화유리/[쿨러/튜닝]/쿨링팬:총4개/LED팬:4개/후면:140mm LED x1/내부 측면:140mm LED x3/[크기]/너비(W):258mm/깊이(D):450m/높이(H):491mm/[호환성]/지원파워규격:표준-ATX/파워 장착 길이:280mm/파워 위치:하단후면/[부가기능]/RGB 컨트롤/LED 색상:ARGB",https://img.danuri.io/catalog-image/948/880/094/6f042022bcce45ebacc38331a1571499.jpg?shrink=80:80,False,
2026-08-24,케이스,"darkFlash,앱코",91497413,darkFlash DY570 ARGB BTF (블랙),220870,"ATX 케이스/지원보드규격:ATX,ATX (후면커넥터),M-ATX,ITX/VGA 길이:400mm/CPU쿨러 높이:180mm/미들타워/수직 PCI형태:슬롯변경형/[패널]/전면 패널 타입:강화유리/측면 패널 타입:강화유리/[쿨러/튜닝]/쿨링팬:총4개/LED팬:4개/후면:120mm LED x1/내부 측면:120mm LED x3/[크기]/너비(W):30mm/깊이(D):479mm/높이(H):466mm/[호환성]/지원파워규격:표준-ATX/파워 장착 길이:200mm/파워 위치:상단/[부가기능]/팬 컨트롤/RGB 컨트롤/LED 색상:ARGB",https://img.danuri.io/catalog-image/413/497/091/14461fd29a3646e19845f377bc930222.jpg?shrink=80:80,False,
2026-08-24,케이스,"darkFlash,앱코",72723506,darkFlash DCM30 RGB 강화유리 (화이트),38830,"ATX 케이스/지원보드규격:M-ATX,M-ITX/VGA 길이:325mm/CPU쿨러 높이:155mm/미니타워/[패널]/전면 패널 타입:강화유리/측면 패널 타입:강화유리/[쿨러/튜닝]/쿨링팬:총3개/LED팬:3개/후면:120mm/내부 측면:120mm/[크기]/너비(W):275mm/깊이(D):333mm/높이(H):323mm/[호환성]/지원파워규격:표준-ATX/파워 장착 길이:160mm/파워 위치:하단후면/[부가기능]/LED 색상:RGB",https://img.danuri.io/catalog-image/506/723/072/084aa3917b7146559b5175e2441d6c26.jpg?shrink=80:80,False,
2026-08-24,케이스,"darkFlash,앱코",96308750,앱코 C10M 컴팩트 (블랙),0,"M-ATX 케이스/지원보드규격:M-ATX,M-ITX/VGA 길이:230mm/CPU쿨러 높이:145mm/미니타워/[패널]/전면 패널 타입:일반(솔리드)/측면 패널 타입:통풍구/[쿨러/튜닝]/쿨링팬:총1개/후면:80mm x1/[크기]/너비(W):168mm/높이(H):340mm/깊이(D):258mm/[호환성]/지원파워규격:표준-ATX/파워 장착 길이:160mm/파워 위치:상단",https://img.danuri.io/catalog-image/750/308/096/cd36892bc6c64d558efb4a6c74d3a79e.jpg?shrink=80:80,True,가격정보없음(판매준비/판매중지)
2026-08-24,케이스,"darkFlash,앱코",122617825,darkFlash DLX ULTRA MESH (화이트),146180,"ATX 케이스/지원보드규격:E-ATX,ATX,ATX (후면커넥터),M-ATX,M-ATX (후면커넥터),ITX/VGA 길이:480mm/CPU쿨러 높이:190mm/빅타워/수직 PCI형태:슬롯변경형/[패널]/전면 패널 타입:메쉬/측면 패널 타입:통풍구/[쿨러/튜닝]/쿨링팬:총4개/후면:140mm x1/전면:140mm x3/[크기]/너비(W):249mm/높이(H):535mm/깊이(D):560mm/[호환성]/지원파워규격:표준-ATX/파워 장착 길이:260mm/파워 위치:하단후면",https://img.danuri.io/catalog-image/825/617/122/257bb02dbc02486aba0503c38f1bac91.jpeg?shrink=80:80,False,
2026-08-24,케이스,"darkFlash,앱코",80468717,darkFlash DB460M MESH RGB (화이트),45890,"M-ATX 케이스/지원보드규격:M-ATX,M-ITX/VGA 길이:420mm/CPU쿨러 높이:174mm/미니타워/[패널]/전면 패널 타입:메쉬/측면 패널 타입:강화유리/[쿨러/튜닝]/쿨링팬:총3개/LED팬:3개/후면:120mm LED x1/전면:120mm LED x2/[크기]/너비(W):220mm/깊이(D):469mm/높이(H):408mm/[호환성]/지원파워규격:표준-ATX/파워 장착 길이:240mm/파워 위치:하단후면/[부가기능]/LED 색상:RGB",https://img.danuri.io/catalog-image/717/468/080/4523128f93404dacbb15c83b711486d0.jpg?shrink=80:80,False,
2026-08-24,케이스,"darkFlash,앱코",18053684,darkFlash DK200 RGB ADVANCED 강화유리 (블랙),37400,"M-ATX 케이스/지원보드규격:M-ATX,M-ITX/VGA 길이:235~320mm/CPU쿨러 높이:160mm/미니타워/[패널]/전면 패널 타입:메쉬/측면 패널 타입:강화유리/[쿨러/튜닝]/쿨링팬:총4개/LED팬:4개/후면:120mm LED x1/전면:120mm LED x3/[크기]/너비(W):200mm/깊이(D):365mm/높이(H):441mm/[호환성]/지원파워규격:표준-ATX/파워 장착 길이:160~185mm/파워 위치:하단후면/[부가기능]/LED 색상:RGB",https://img.danuri.io/catalog-image/684/053/018/0ec2c0213f3f46b7af3a97c973153084.jpg?shrink=80:80,False,
2026-08-24,케이스,"darkFlash,앱코",57307040,darkFlash DPW90M ARGB 강화유리 (블랙),65450,"M-ATX 케이스/지원보드규격:M-ATX,M-ITX/VGA 길이:445mm/CPU쿨러 높이:160mm/미니타워/[패널]/전면 패널 타입:강화유리/측면 패널 타입:강화유리/[쿨러/튜닝]/쿨링팬:총3개/LED팬:3개/후면:120mm LED x1/내부 측면:120mm LED x2/[크기]/너비(W):285mm/깊이(D):460mm/높이(H):370mm/[호환성]/지원파워규격:표준-ATX/파워 장착 길이:248mm/파워 위치:하단후면/[부가기능]/LED 색상:ARGB",https://img.danuri.io/catalog-image/040/307/057/fc4787859f0e4f1793d76fc6c2a6a6c9.jpg?shrink=80:80,False,
2026-08-24,케이스,"darkFlash,앱코",17783147,darkFlash DK360 MESH RGB 강화유리 (화이트),52150,"ATX 케이스/지원보드규격:ATX,M-ATX,M-ITX/VGA 길이:350mm/CPU쿨러 높이:160mm/미들타워/[패널]/전면 패널 타입:메쉬/측면 패널 타입:강화유리/[쿨러/튜닝]/쿨링팬:총3개/LED팬:3개/후면:120mm LED x1/전면:185mm LED x2/[크기]/너비(W):210mm/깊이(D):405mm/높이(H):475mm/[호환성]/지원파워규격:표준-ATX/파워 장착 길이:210~360mm/파워 위치:하단후면/[부가기능]/외부LED 컨트롤/LED 색상:RGB",https://img.danuri.io/catalog-image/147/783/017/d5153467b1954d61ad1b62c00d1587da.jpg?shrink=80:80,False,
2026-08-24,케이스,"darkFlash,앱코",53417006,darkFlash DPX90 ARGB 강화유리 (화이트),69380,"ATX 케이스/지원보드규격:ATX,M-ATX,M-ITX/VGA 길이:425mm/CPU쿨러 높이:185mm/미들타워/[패널]/전면 패널 타입:강화유리/측면 패널 타입:강화유리/[쿨러/튜닝]/쿨링팬:총3개/LED팬:3개/후면:120mm LED x1/내부 측면:120mm LED x2/[크기]/너비(W):240mm/깊이(D):550mm/높이(H):465mm/[호환성]/지원파워규격:표준-ATX/파워 장착 길이:280mm/파워 위치:하단후면/[부가기능]/LED 색상:ARGB",https://img.danuri.io/catalog-image/006/417/053/0fe6022846dc4689aa56add82fbda700.jpg?shrink=80:80,False,
2026-08-24,케이스,"darkFlash,앱코",105967808,앱코 G31 오메가포스 세븐팬 (화이트),57200,"ATX 케이스/지원보드규격:ATX,M-ATX,M-ITX/VGA 길이:400mm/CPU쿨러 높이:165mm/미들타워/[패널]/전면 패널 타입:메쉬/측면 패널 타입:강화유리/[쿨러/튜닝]/쿨링팬:총7개/LED팬:7개/후면:120mm LED x1/전면:140mm LED x3/상단:120mm LED x3/[크기]/너비(W):212mm/높이(H):490mm/깊이(D):460mm/[호환성]/지원파워규격:표준-ATX/파워 장착 길이:200mm/파워 위치:하단후면/[부가기능]/RGB 컨트롤/LED 색상:RGB/[변경사항]/G31 오메가포스 → G31 오메가포스 세븐팬 으로 상품명 변경",https://img.danuri.io/catalog-image/808/967/105/2bdc8f4f0b4247ec966d34bf56b57569.jpg?shrink=80:80,False,
2026-08-24,케이스,"darkFlash,앱코",68440847,darkFlash DY470 ARGB 강화유리 (블랙),123200,"ATX 케이스/지원보드규격:ATX,ATX (후면커넥터),M-ATX,M-ITX/VGA 길이:410mm/CPU쿨러 높이:175mm/미들타워/[패널]/전면 패널 타입:강화유리/측면 패널 타입:강화유리/[쿨러/튜닝]/쿨링팬:총4개/LED팬:4개/후면:120mm LED x1/내부 측면:120mm LED x3/[크기]/너비(W):298mm/깊이(D):473mm/높이(H):497mm/[호환성]/지원파워규격:표준-ATX/[부가기능]/LED 색상:ARGB",https://img.danuri.io/catalog-image/847/440/068/4d043e209e7c45aba6adc875181ad00b.jpg?shrink=80:80,False,
2026-08-24,케이스,"darkFlash,앱코",9376470,darkFlash DLM21 RGB MESH 강화유리 (블랙),58320,"M-ATX 케이스/지원보드규격:M-ATX,M-ITX/VGA 길이:330mm/CPU쿨러 높이:160mm/미니타워/[패널]/전면 패널 타입:메쉬/측면 패널 타입:강화유리/측면 개폐 방식:스윙도어/[쿨러/튜닝]/쿨링팬:총4개/LED팬:4개/후면:120mm LED x1/전면:120mm LED x3/[크기]/너비(W):208mm/깊이(D):376mm/높이(H):425mm/[호환성]/지원파워규격:표준-ATX/파워 장착 길이:210mm/파워 위치:하단후면/[부가기능]/RGB 컨트롤/LED 색상:RGB/[변경사항]/24년 7월 전면팬 120mm LED x2 → x3 으로 변경 / 후면팬 C6M → C6AM 변경",https://img.danuri.io/catalog-image/470/376/009/557778246ee348b78716373f7c45a751.jpg?shrink=80:80,False,
2026-08-24,케이스,"darkFlash,앱코",18190991,darkFlash DS5000 MESH 강화유리 (화이트),130230,"ATX 케이스/지원보드규격:E-ATX,ATX,M-ATX,M-ITX/VGA 길이:340mm/CPU쿨러 높이:185mm/미들타워/수직 PCI형태:슬롯변경형/[패널]/전면 패널 타입:메쉬/측면 패널 타입:강화유리/[쿨러/튜닝]/쿨링팬:총5개/후면:140mm x1/하단:120mm x4/[크기]/너비(W):245mm/깊이(D):538mm/높이(H):415mm/[호환성]/지원파워규격:표준-ATX/파워 장착 길이:200mm/파워 위치:측면/우측면 에어홀",https://img.danuri.io/catalog-image/991/190/018/87a65c40af2548b3a524bcd56d231f53.jpg?shrink=80:80,False,
2026-08-24,케이스,"darkFlash,앱코",18412487,앱코 SUITMASTER U1000 ONE ARGB (화이트),79200,"M-ATX 케이스/지원보드규격:M-ATX,M-ITX/VGA 길이:320mm/CPU쿨러 높이:165mm/미니타워/[패널]/전면 패널 타입:메쉬/측면 패널 타입:강화유리/측면 개폐 방식:스윙도어/[쿨러/튜닝]/쿨링팬:총2개/LED팬:2개/후면:120mm LED x1/전면:200mm LED x1/[크기]/너비(W):282mm/깊이(D):390mm/높이(H):325mm/[호환성]/지원파워규격:표준-ATX/파워 장착 길이:230~320mm/파워 위치:하단후면/[부가기능]/LED 색상:ARGB",https://img.danuri.io/catalog-image/487/412/018/d37d387fb5cf4969a79cef7c8eb52047.jpg?shrink=80:80,False,
2026-08-24,케이스,"darkFlash,앱코",15050393,앱코 SUITMASTER P1000 강화유리 (화이트),59400,"ATX 케이스/지원보드규격:ATX,M-ATX,M-ITX/VGA 길이:340mm/CPU쿨러 높이:185mm/미들타워/수직 PCI형태:기본형/[패널]/전면 패널 타입:메쉬/측면 패널 타입:강화유리/측면 개폐 방식:스윙도어/[쿨러/튜닝]/쿨링팬:총4개/후면:140mm x1/전면:140mm x3/[크기]/너비(W):230mm/깊이(D):400mm/높이(H):460mm/[호환성]/지원파워규격:표준-ATX/파워 장착 길이:200 mm/파워 위치:하단후면",https://img.danuri.io/catalog-image/393/050/015/85c720dd98544b89aa06e0ce460a66c7.jpg?shrink=80:80,False,
2026-08-24,케이스,"darkFlash,앱코",29905487,앱코 SUITMASTER M2000 NOVA ARGB 강화유리 (화이트),60500,"ATX 케이스/지원보드규격:ATX,M-ATX,ITX/VGA 길이:385mm/CPU쿨러 높이:190mm/미들타워/[패널]/전면 패널 타입:메쉬/측면 패널 타입:강화유리/[쿨러/튜닝]/쿨링팬:총4개/LED팬:4개/후면:140mm LED x1/전면:140mm LED x 3/[크기]/너비(W):250mm/깊이(D):487mm/높이(H):495mm/[호환성]/지원파워규격:표준-ATX/파워 장착 길이:145~250mm/파워 위치:하단후면/[부가기능]/LED 색상:ARGB",https://img.danuri.io/catalog-image/487/905/029/3c77aa6218934af0a08ccda2a68ad3f1.jpg?shrink=80:80,False,
2026-08-24,케이스,"darkFlash,앱코",30140324,앱코 NCORE R320 SYNC,99000,"ATX 케이스/지원보드규격:E-ATX,ATX,M-ATX,ITX/VGA 길이:315mm/CPU쿨러 높이:190mm/빅타워/[패널]/전면 패널 타입:일반(솔리드)/측면 패널 타입:강화유리/[쿨러/튜닝]/쿨링팬:총6개/후면:120mm x2/하단:120mm x2/내부 상단:120mm x2/[크기]/너비(W):262mm/깊이(D):370mm/높이(H):567mm/[호환성]/지원파워규격:표준-ATX/파워 장착 길이:300mm/파워 위치:상단/[부가기능]/팬 컨트롤/RGB 컨트롤/LED 색상:ARGB/[변경사항]/24년 5월 팬키트 리모컨 비포함으로 변경",https://img.danuri.io/catalog-image/324/140/030/886d5e096cd64885b49397249fac9700.jpg?shrink=80:80,False,
2026-08-24,케이스,"darkFlash,앱코",74338778,darkFlash DK370 MESH RGB 강화유리 (화이트),46200,"ATX 케이스/지원보드규격:ATX,M-ATX,M-ITX/VGA 길이:340mm/CPU쿨러 높이:160mm/미들타워/[패널]/전면 패널 타입:메쉬/측면 패널 타입:강화유리/[쿨러/튜닝]/쿨링팬:총4개/LED팬:4개/후면:120mm LED x1/전면:140mm LED x3/[크기]/너비(W):210mm/깊이(D):385mm/높이(H):485mm/[호환성]/지원파워규격:표준-ATX/파워 장착 길이:220mm/파워 위치:하단후면/[부가기능]/LED 색상:RGB",https://img.danuri.io/catalog-image/778/338/074/9b8ad1c8a4dd4581ba6b181ecfcea072.jpg?shrink=80:80,False,
2026-08-24,케이스,"darkFlash,앱코",18053717,darkFlash DK200 RGB ADVANCED 강화유리 (화이트),43450,"M-ATX 케이스/지원보드규격:M-ATX,M-ITX/VGA 길이:235~320mm/CPU쿨러 높이:160mm/미니타워/[패널]/전면 패널 타입:메쉬/측면 패널 타입:강화유리/[쿨러/튜닝]/쿨링팬:총4개/LED팬:4개/후면:120mm LED x1/전면:120mm LED x3/[크기]/너비(W):200mm/깊이(D):365mm/높이(H):441mm/[호환성]/지원파워규격:표준-ATX/파워 장착 길이:160~185mm/파워 위치:하단후면/[부가기능]/LED 색상:RGB",https://img.danuri.io/catalog-image/717/053/018/c193cbf3a9b44d64b7da598eaeaf571d.jpg?shrink=80:80,False,
2026-08-24,케이스,"darkFlash,앱코",18922775,darkFlash DNM600 MESH RGB (화이트),50050,"M-ATX 케이스/지원보드규격:M-ATX,M-ITX/VGA 길이:360mm/CPU쿨러 높이:165mm/미니타워/[패널]/전면 패널 타입:메쉬/측면 패널 타입:강화유리/측면 개폐 방식:스윙도어/[쿨러/튜닝]/쿨링팬:총3개/LED팬:3개/후면:120mm LED x1/전면:140mm LED x2/[크기]/너비(W):210mm/깊이(D):417mm/높이(H):451mm/[호환성]/지원파워규격:표준-ATX/파워 장착 길이:190~360mm/파워 위치:하단후면/[부가기능]/RGB 컨트롤/LED 색상:RGB",https://img.danuri.io/catalog-image/775/922/018/b419394fbd0c4434b068f0f080f6d083.jpg?shrink=80:80,False,
2026-08-24,케이스,"darkFlash,앱코",4088685,앱코 NCORE 알리,0,"M-ATX 케이스/지원보드규격:M-ATX,M-ITX/VGA 길이:최대 280mm/CPU쿨러 높이:최대 145mm/미니타워/[패널]/전면 패널 타입:일반(솔리드)/측면 패널 타입:통풍구/후면:80mm/[크기]/너비(W):190mm/깊이(D):367mm/높이(H):360mm/[호환성]/지원파워규격:표준-ATX/파워 위치:상단",https://img.danuri.io/catalog-image/685/088/004/0eb11257090946b79a68ecfe576bb739.jpg?shrink=80:80,True,가격정보없음(판매준비/판매중지)
2026-08-24,케이스,"darkFlash,앱코",11626910,앱코 NCORE 커넬 강화유리,35750,"ATX 케이스/지원보드규격:ATX,M-ATX,M-ITX/VGA 길이:290mm/CPU쿨러 높이:160mm/미들타워/[패널]/전면 패널 타입:메쉬/측면 패널 타입:강화유리/[쿨러/튜닝]/쿨링팬:총4개/LED팬:1개/후면:120mm LED x1/전면:120mm x3/[크기]/너비(W):205mm/깊이(D):360mm/높이(H):445mm/[호환성]/지원파워규격:표준-ATX/파워 장착 길이:170mm/파워 위치:하단후면/[부가기능]/LED 색상:RGB",https://img.danuri.io/catalog-image/910/626/011/af67979e9c764cc49e43990006ec6ef2.jpg?shrink=80:80,False,
2026-08-24,케이스,"darkFlash,앱코",31646423,앱코 G20 에픽 강화유리 (블랙),38720,"ATX 케이스/지원보드규격:ATX,M-ATX,M-ITX/VGA 길이:325mm/CPU쿨러 높이:160mm/미들타워/[패널]/전면 패널 타입:메쉬/측면 패널 타입:강화유리/[쿨러/튜닝]/쿨링팬:총6개/LED팬:4개/후면:120mm LED x1/전면:120mm LED x3/상단:120mm x2/[크기]/너비(W):200mm/깊이(D):375mm/높이(H):453mm/[호환성]/지원파워규격:표준-ATX/[부가기능]/LED 색상:RGB",https://img.danuri.io/catalog-image/423/646/031/c1e0db5df3ae43eba8f75416cbb97afd.jpg?shrink=80:80,False,
2026-08-24,케이스,"darkFlash,앱코",73885538,darkFlash DB330X RGB 강화유리 (화이트),44550,"ATX 케이스/지원보드규격:ATX,M-ATX,M-ITX/VGA 길이:360mm/CPU쿨러 높이:185mm/미들타워/[패널]/전면 패널 타입:강화유리/측면 패널 타입:강화유리/측면 개폐 방식:버튼/[쿨러/튜닝]/쿨링팬:총3개/LED팬:3개/후면:120mm LED x1/내부 측면:120mm LED x2/[크기]/너비(W):230mm/깊이(D):360mm/높이(H):436mm/[호환성]/지원파워규격:표준-ATX/파워 장착 길이:205mm/파워 위치:하단후면/[부가기능]/LED 색상:RGB",https://img.danuri.io/catalog-image/538/885/073/5d0ad677b7f44cf8b233e91fd29c6fc4.jpg?shrink=80:80,False,
2026-08-24,케이스,"darkFlash,앱코",94880963,darkFlash DS900XL 우드 ARGB (화이트),103440,"ATX 케이스/지원보드규격:ATX,ATX (후면커넥터),M-ATX,M-ATX (후면커넥터),ITX/VGA 길이:420mm/CPU쿨러 높이:180mm/미들타워/수직 PCI형태:슬롯변경형/[패널]/전면 패널 타입:강화유리/측면 패널 타입:강화유리/[쿨러/튜닝]/쿨링팬:총4개/LED팬:4개/후면:140mm LED x1/내부 측면:140mm LED x3/[크기]/너비(W):258mm/깊이(D):450mm/높이(H):491mm/[호환성]/지원파워규격:표준-ATX/파워 장착 길이:280mm/파워 위치:하단후면/[부가기능]/RGB 컨트롤/LED 색상:ARGB",https://img.danuri.io/catalog-image/963/880/094/c679d151f8a141638380419e14478816.jpg?shrink=80:80,False,
2026-08-24,케이스,"darkFlash,앱코",94812776,앱코 U30P 마린+ 디스플레이 (블랙),53350,"ATX 케이스/지원보드규격:E-ATX,ATX,M-ATX,M-ITX/VGA 길이:400mm/CPU쿨러 높이:165mm/미들타워/[패널]/전면 패널 타입:강화유리/측면 패널 타입:강화유리/후면:120mm LED x1/내부 측면:120mm LED x2/[크기]/너비(W):212mm/깊이(D):420mm/높이(H):485mm/[호환성]/지원파워규격:표준-ATX/파워 장착 길이:200mm/파워 위치:하단후면/[부가기능]/LED 색상:RGB",https://img.danuri.io/catalog-image/776/812/094/de8a0068c673468f852a564cc95fd423.jpg?shrink=80:80,False,
2026-08-24,케이스,"darkFlash,앱코",16676309,darkFlash DK210 그래피티 ARGB 강화유리,63830,"ATX 케이스/지원보드규격:E-ATX,ATX,M-ATX,M-ITX/VGA 길이:360mm/CPU쿨러 높이:160mm/미들타워/수직 PCI형태:슬롯변경형/[패널]/전면 패널 타입:강화유리/측면 패널 타입:강화유리/[쿨러/튜닝]/쿨링팬:총1개/LED팬:1개/후면:120mm LED x1/[크기]/너비(W):210mm/깊이(D):410mm/높이(H):480mm/[호환성]/지원파워규격:표준-ATX/파워 장착 길이:200mm/파워 위치:하단후면/[부가기능]/외부LED 컨트롤/LED 색상:ARGB",https://img.danuri.io/catalog-image/309/676/016/7c266a9d85024c82928af66d8cd6a658.jpg?shrink=80:80,False,
2026-08-24,케이스,"darkFlash,앱코",16604054,앱코 SUITMASTER V2000 베놈 ARGB (화이트),49500,"ATX 케이스/지원보드규격:E-ATX,ATX,M-ATX,ITX/VGA 길이:405mm/CPU쿨러 높이:180mm/미들타워/수직 PCI형태:기본형/[패널]/전면 패널 타입:메쉬/측면 패널 타입:강화유리/측면 개폐 방식:스윙도어/[쿨러/튜닝]/쿨링팬:총4개/LED팬:4개/후면:140mm LED x1/전면:140mm LED x3/[크기]/너비(W):228mm/깊이(D):470mm/높이(H):495mm/[호환성]/파워 장착 길이:225mm/파워 위치:하단후면/[부가기능]/외부LED 컨트롤/LED 색상:ARGB",https://img.danuri.io/catalog-image/054/604/016/67f4d3d9a79843509420edc8e29ce471.jpg?shrink=80:80,False,
2026-08-24,케이스,"darkFlash,앱코",29309942,앱코 G15 세이퍼 아크릴 (화이트),44000,"ATX 케이스/지원보드규격:ATX,M-ATX,M-ITX/VGA 길이:300mm/CPU쿨러 높이:160mm/미들타워/[패널]/전면 패널 타입:메쉬/측면 패널 타입:아크릴/[쿨러/튜닝]/쿨링팬:총4개/LED팬:4개/후면:120mm LED X1/전면:120mm LED X3/[크기]/너비(W):205mm/깊이(D):350mm/높이(H):445mm/[호환성]/지원파워규격:표준-ATX/파워 장착 길이:140~150mm/파워 위치:하단후면",https://img.danuri.io/catalog-image/942/309/029/677457b2df314e669cb8c9c0731cc7d6.jpg?shrink=80:80,False,
2026-08-24,케이스,"darkFlash,앱코",18769988,darkFlash DNX700 MESH RGB (화이트),74300,"ATX 케이스/지원보드규격:E-ATX,ATX,M-ATX,M-ITX/VGA 길이:340~375mm/CPU쿨러 높이:165mm/미들타워/[패널]/전면 패널 타입:메쉬/측면 패널 타입:강화유리/측면 개폐 방식:스윙도어/후면:120mm LED x1/전면:140mm LED x3/[크기]/너비(W):214mm/깊이(D):441mm/높이(H):471mm/[호환성]/지원파워규격:표준-ATX/파워 장착 길이:245~368mm/파워 위치:하단후면/[부가기능]/LED 색상:RGB/[변경사항]/23년 5월 GPU 장착 크기 325~385mm → 340~375mm로 변경",https://img.danuri.io/catalog-image/988/769/018/ad3c4c31799b4aa1a0314030fd4aa9b3.jpg?shrink=80:80,False,
2026-08-24,케이스,"darkFlash,앱코",95424734,앱코 U20MP 큐빅 미니+ 디스플레이 (화이트),45760,"M-ATX 케이스/지원보드규격:M-ATX,M-ITX/VGA 길이:350mm/CPU쿨러 높이:165mm/미니타워/[패널]/전면 패널 타입:강화유리/측면 패널 타입:강화유리/[쿨러/튜닝]/쿨링팬:총3개/LED팬:3개/후면:120mm LED x1/내부 측면:120mm LED x2/[크기]/너비(W):212mm/깊이(D):360mm/높이(H):453mm/[호환성]/지원파워규격:표준-ATX/파워 장착 길이:180mm/파워 위치:하단후면/[부가기능]/LED 색상:RGB",https://img.danuri.io/catalog-image/734/424/095/d0072911f0eb4231934d965c6f19a285.jpg?shrink=80:80,False,
2026-08-24,케이스,"darkFlash,앱코",93804134,darkFlash DS900G ARGB (화이트),87760,"ATX 케이스/지원보드규격:ATX,M-ATX,ITX/VGA 길이:425mm/CPU쿨러 높이:170mm/미들타워/[패널]/전면 패널 타입:강화유리/측면 패널 타입:강화유리/[쿨러/튜닝]/쿨링팬:총4개/LED팬:4개/후면:120mm LED x1/내부 측면:120mm LED x3/[크기]/너비(W):218mm/깊이(D):434mm/높이(H):454mm/[호환성]/지원파워규격:표준-ATX/파워 장착 길이:260mm/파워 위치:하단후면/[부가기능]/LED 색상:ARGB",https://img.danuri.io/catalog-image/134/804/093/efc136e4b8544d95a3c592d3d76aa144.jpg?shrink=80:80,False,
2026-08-24,케이스,"darkFlash,앱코",31412546,앱코 O10M 오피스 라이트 (화이트),22330,"M-ATX 케이스/지원보드규격:M-ATX,M-ITX/VGA 길이:260mm/CPU쿨러 높이:135mm/미니타워/[패널]/전면 패널 타입:일반(솔리드)/측면 패널 타입:통풍구/[쿨러/튜닝]/쿨링팬:총1개/후면:80mm x1/[크기]/너비(W):160mm/깊이(D):284mm/높이(H):350mm/[호환성]/지원파워규격:표준-ATX/파워 장착 길이:250mm/파워 위치:상단",https://img.danuri.io/catalog-image/546/412/031/e1aac09e330843b3955385e226a625ef.jpg?shrink=80:80,False,
2026-08-24,케이스,"darkFlash,앱코",68574686,앱코 UD50 블루웨일 ARGB BTF (화이트),70400,"ATX 케이스/지원보드규격:ATX,ATX (후면커넥터),M-ATX,M-ATX (후면커넥터),M-ITX/VGA 길이:418mm/CPU쿨러 높이:160mm/미들타워/[패널]/전면 패널 타입:강화유리/측면 패널 타입:강화유리/[쿨러/튜닝]/쿨링팬:총4개/LED팬:4개/후면:120mm LED X1/내부 측면:120mm LED X3/[크기]/너비(W):285mm/깊이(D):426mm/높이(H):400mm/[호환성]/지원파워규격:표준-ATX/[부가기능]/LED 색상:ARGB",https://img.danuri.io/catalog-image/686/574/068/9634c71dd0b244c781ee5d05aef23aa9.jpg?shrink=80:80,False,
2026-08-24,케이스,"darkFlash,앱코",31646468,앱코 G20 에픽 강화유리 (화이트),40150,"ATX 케이스/지원보드규격:ATX,M-ATX,M-ITX/VGA 길이:325mm/CPU쿨러 높이:160mm/미들타워/[패널]/전면 패널 타입:메쉬/측면 패널 타입:강화유리/[쿨러/튜닝]/쿨링팬:총6개/LED팬:4개/후면:120mm LED x1/전면:120mm LED x3/상단:120mm x2/[크기]/너비(W):200mm/깊이(D):375mm/높이(H):453mm/[호환성]/지원파워규격:표준-ATX/[부가기능]/LED 색상:RGB",https://img.danuri.io/catalog-image/468/646/031/3fe5f48e170243d5aa6cb9cd05e0e5d8.jpg?shrink=80:80,False,
2026-08-24,케이스,"darkFlash,앱코",99640955,앱코 G50 빅플로우 MESH ARGB BTF (화이트),108350,"ATX 케이스/지원보드규격:E-ATX,ATX,ATX (후면커넥터),M-ATX,M-ATX (후면커넥터),M-ITX/VGA 길이:408mm/CPU쿨러 높이:180mm/미들타워/[패널]/전면 패널 타입:메쉬/측면 패널 타입:강화유리/[쿨러/튜닝]/쿨링팬:총4개/LED팬:4개/후면:140mm LED x1/전면:140mm LED x3/[크기]/너비(W):238mm/깊이(D):479mm/높이(H):500mm/[호환성]/지원파워규격:표준-ATX/파워 장착 길이:240mm/파워 위치:하단후면/[부가기능]/팬 컨트롤/RGB 컨트롤/LED 색상:ARGB",https://img.danuri.io/catalog-image/955/640/099/a09c36d36f1140e480e46f6c64f16e43.jpg?shrink=80:80,False,
2026-08-24,케이스,"darkFlash,앱코",12985601,darkFlash DLH21 (블랙),99000,미니ITX/지원보드규격:M-ITX/VGA 길이:320mm/CPU쿨러 높이:134mm/미니ITX(리틀밸리)/지원파워규격:M-ATX(SFX)/수직 PCI형태:기본형/[패널]/전면 패널 타입:메쉬/[쿨러/튜닝]/쿨링팬:총1개/상단:92mm/[크기]/너비(W):175mm/높이(H):412mm/깊이(D):238mm/[호환성]/파워 장착 길이:125mm/파워 위치:하단후면/[부가기능]/외부 LED/LED 색상:RGB,https://img.danuri.io/catalog-image/601/985/012/bad27429d10c47479e3af30939109b0e.jpg?shrink=80:80,False,
2026-08-24,케이스,"darkFlash,앱코",76160333,앱코 UH40 킬러웨일 ARGB (화이트),69080,"ATX 케이스/지원보드규격:ATX,M-ATX,M-ITX/VGA 길이:410mm/CPU쿨러 높이:165mm/미들타워/[패널]/전면 패널 타입:강화유리/측면 패널 타입:강화유리/[쿨러/튜닝]/쿨링팬:총5개/LED팬:5개/후면:120mm LED x1/하단:120mm LED x1/내부 측면:120mm LED x3/[크기]/너비(W):212mm/깊이(D):435mm/높이(H):490mm/[호환성]/지원파워규격:표준-ATX/파워 장착 길이:180mm/파워 위치:하단후면/[부가기능]/LED 색상:ARGB",https://img.danuri.io/catalog-image/333/160/076/d3f38f1a67824c8b9e1e757304914d82.jpg?shrink=80:80,False,
2026-08-24,케이스,"darkFlash,앱코",12996623,darkFlash DLH21 (핑크),103400,미니ITX/지원보드규격:M-ITX/VGA 길이:320mm/CPU쿨러 높이:134mm/미니ITX(리틀밸리)/지원파워규격:M-ATX(SFX)/수직 PCI형태:기본형/[패널]/전면 패널 타입:메쉬/[쿨러/튜닝]/쿨링팬:총1개/상단:92mm/[크기]/너비(W):175mm/높이(H):412mm/깊이(D):238mm/[호환성]/파워 장착 길이:125mm/파워 위치:하단후면/[부가기능]/외부 LED/LED 색상:RGB,https://img.danuri.io/catalog-image/623/996/012/2e6d34515894434797a29949bfb3980f.jpg?shrink=80:80,False,
2026-08-24,케이스,"darkFlash,앱코",27922283,앱코 O20M 오피스 (화이트),25190,"M-ATX 케이스/지원보드규격:M-ATX,M-ITX/VGA 길이:260mm/CPU쿨러 높이:145mm/미니타워/[패널]/측면 패널 타입:통풍구/[쿨러/튜닝]/쿨링팬:총1개/후면:92mm x1/[크기]/너비(W):165mm/깊이(D):280mm/높이(H):350mm/[호환성]/지원파워규격:표준-ATX/파워 장착 길이:140~275mm/파워 위치:상단",https://img.danuri.io/catalog-image/283/922/027/cc7fbed1e1ab48ca81756188117eb03a.jpg?shrink=80:80,False,
2026-08-24,케이스,"darkFlash,앱코",95424719,앱코 U20MP 큐빅 미니+ 디스플레이 (블랙),40150,"M-ATX 케이스/지원보드규격:M-ATX,M-ITX/VGA 길이:350mm/CPU쿨러 높이:165mm/미니타워/[패널]/전면 패널 타입:강화유리/측면 패널 타입:강화유리/[쿨러/튜닝]/쿨링팬:총3개/LED팬:3개/후면:120mm LED x1/내부 측면:120mm LED x2/[크기]/너비(W):212mm/깊이(D):360mm/높이(H):453mm/[호환성]/지원파워규격:표준-ATX/파워 장착 길이:180mm/파워 위치:하단후면/[부가기능]/LED 색상:RGB",https://img.danuri.io/catalog-image/719/424/095/61d56cf9de8b4a4e92cc7e3c1a118b3c.jpg?shrink=80:80,False,
2026-08-24,케이스,"darkFlash,앱코",27762230,앱코 G21M 니트,52250,"M-ATX 케이스/지원보드규격:M-ATX,M-ITX/VGA 길이:325mm/CPU쿨러 높이:157mm/미니타워/[패널]/전면 패널 타입:메쉬/측면 패널 타입:강화유리/측면 개폐 방식:스윙도어/[쿨러/튜닝]/쿨링팬:총3개/LED팬:3개/후면:120mm LED x1/전면:140mm LED x2/[크기]/너비(W):200mm/깊이(D):370mm/높이(H):425mm/[호환성]/지원파워규격:표준-ATX/파워 장착 길이:140~200mm/파워 위치:하단후면",https://img.danuri.io/catalog-image/230/762/027/25244dbaa97b4e28af281d173eaf1535.jpg?shrink=80:80,False,
2026-08-24,케이스,"darkFlash,앱코",17989952,darkFlash LP20 ARGB PANEL (화이트),14850,액세서리/커버/먼지필터/5V Addressable RGB 동기화 지원 / DS2000 MESH 시리즈 호환 / 케이블 길이: 500mm + 120mm,https://img.danuri.io/catalog-image/952/989/017/8051ae099ff44d27b8569d29531d09fe.jpg?shrink=80:80,True,액세서리(대상부품아님)
2026-08-24,케이스,"darkFlash,앱코",56138012,앱코 U20M 큐빅 미니 (화이트),49930,"M-ATX 케이스/지원보드규격:M-ATX,M-ITX/VGA 길이:350mm/CPU쿨러 높이:165mm/미니타워/[패널]/전면 패널 타입:강화유리/측면 패널 타입:강화유리/측면 개폐 방식:버튼/[쿨러/튜닝]/쿨링팬:총3개/LED팬:3개/후면:120mm LED x1/내부 측면:120mm LED x2/[크기]/너비(W):212mm/깊이(D):360mm/높이(H):435mm/[호환성]/지원파워규격:표준-ATX/파워 장착 길이:350mm/파워 위치:하단후면/[부가기능]/LED 색상:RGB",https://img.danuri.io/catalog-image/012/138/056/781b9bc8cb7549219f63bbd9ca8c27da.jpg?shrink=80:80,False,
2026-08-24,케이스,"darkFlash,앱코",21583046,앱코 SUITMASTER U3000 갤러리 ARGB 강화유리 (화이트),66550,"ATX 케이스/지원보드규격:ATX,M-ATX,M-ITX/VGA 길이:245~410mm/CPU쿨러 높이:185mm/미들타워/[패널]/전면 패널 타입:강화유리/측면 패널 타입:강화유리/[쿨러/튜닝]/쿨링팬:총1개/LED팬:1개/후면:140mm LED x1/[크기]/너비(W):440mm/깊이(D):235mm/높이(H):517mm/[호환성]/파워 장착 길이:220~250mm/파워 위치:하단후면",https://img.danuri.io/catalog-image/046/583/021/eeb2c2ac43c94bcf9a7d786401d54479.jpg?shrink=80:80,False,
2026-08-24,케이스,"darkFlash,앱코",94812809,앱코 U30P 마린+ 디스플레이 (화이트),58850,"ATX 케이스/지원보드규격:E-ATX,ATX,M-ATX,M-ITX/VGA 길이:400mm/CPU쿨러 높이:165mm/미들타워/[패널]/전면 패널 타입:강화유리/측면 패널 타입:강화유리/후면:120mm LED x1/내부 측면:120mm LED x2/[크기]/너비(W):212mm/깊이(D):420mm/높이(H):485mm/[호환성]/지원파워규격:표준-ATX/파워 장착 길이:200mm/파워 위치:하단후면/[부가기능]/LED 색상:RGB",https://img.danuri.io/catalog-image/809/812/094/ccbd6440a89849f7af582da0164ef864.jpg?shrink=80:80,False,
2026-08-24,케이스,"darkFlash,앱코",17954255,darkFlash DS2000 MESH 강화유리 (화이트),83030,"ATX 케이스/지원보드규격:ATX,M-ATX,M-ITX/VGA 길이:332mm/CPU쿨러 높이:165mm/미들타워/수직 PCI형태:슬롯변경형/[패널]/전면 패널 타입:메쉬/측면 패널 타입:강화유리/측면 개폐 방식:스윙도어/[쿨러/튜닝]/쿨링팬:총4개/후면:120mm x1/하단:120mm x3/[크기]/너비(W):220mm/깊이(D):450mm/높이(H):408mm/[호환성]/지원파워규격:표준-ATX/파워 장착 길이:200mm/파워 위치:상단전면",https://img.danuri.io/catalog-image/255/954/017/6a5486b0c077439483c868f165e10ec6.jpg?shrink=80:80,False,
2026-08-24,케이스,"darkFlash,앱코",68577197,darkFlash GCB470 라이저 케이블 지지대 KIT (블랙),37950,액세서리/라이저 케이블/darkFlash DY470 전용 / PCI-E 4.0x16 / 길이: 160mm,https://img.danuri.io/catalog-image/197/577/068/fb99ef57e95548bfb315f6aba651c7f5.jpg?shrink=80:80,True,액세서리(대상부품아님)
2026-08-24,케이스,"darkFlash,앱코",64392059,앱코 U40M 웨일샤크 ARGB BTF (블랙화이트),61870,"M-ATX 케이스/지원보드규격:M-ATX,M-ATX (후면커넥터),M-ITX/VGA 길이:410mm/CPU쿨러 높이:160mm/미니타워/[패널]/전면 패널 타입:강화유리/측면 패널 타입:강화유리/측면 개폐 방식:버튼/[쿨러/튜닝]/쿨링팬:총3개/LED팬:3개/후면:120mm LED x1/내부 측면:120mm LED x2/[크기]/너비(W):218mm/깊이(D):420mm/높이(H):395mm/[호환성]/지원파워규격:표준-ATX/파워 장착 길이:240mm/파워 위치:하단후면/[부가기능]/LED 색상:ARGB",https://img.danuri.io/catalog-image/059/392/064/32c2d2f0ed8e43c0bbbce11df5bbdcee.jpg?shrink=80:80,False,
2026-08-24,케이스,"darkFlash,앱코",60063428,darkFlash PCIe 4.0 라이저 케이블 (160mm),39600,액세서리/라이저 케이블,https://img.danuri.io/catalog-image/428/063/060/3dcd661fa9e947ffa4806442aed761f0.jpg?shrink=80:80,True,액세서리(대상부품아님)
2026-08-24,케이스,"darkFlash,앱코",17989919,darkFlash LP20 ARGB PANEL (블랙),14850,액세서리/커버/먼지필터/5V Addressable RGB 동기화 지원 / DS2000 MESH 시리즈 호환 / 케이블 길이: 500mm + 120mm,https://img.danuri.io/catalog-image/919/989/017/de3b67a8b2164498906b6920277ac9e6.jpg?shrink=80:80,True,액세서리(대상부품아님)
2026-08-24,케이스,"darkFlash,앱코",70874867,darkFlash DRX50 MESH RGB 강화유리 (블랙),0,"ATX 케이스/지원보드규격:ATX,M-ATX,M-ITX/VGA 길이:305mm/CPU쿨러 높이:180mm/미들타워/[패널]/전면 패널 타입:메쉬/측면 패널 타입:강화유리/[쿨러/튜닝]/쿨링팬:총6개/LED팬:4개/후면:120mm LED x1/전면:120mm LED x3/상단:120mm x2/[크기]/너비(W):218mm/깊이(D):330mm/높이(H):445mm/[호환성]/지원파워규격:표준-ATX/파워 위치:하단후면/[부가기능]/LED 색상:RGB",https://img.danuri.io/catalog-image/867/874/070/49267c81fe344b46956162c843c82a4c.jpg?shrink=80:80,True,가격정보없음(판매준비/판매중지)
2026-08-24,케이스,"darkFlash,앱코",34336412,앱코 SUITMASTER U3000M 갤러리 미니 리버스 ARGB BTF (블랙),58150,"M-ATX 케이스/지원보드규격:M-ATX,M-ATX (후면커넥터),M-ITX/VGA 길이:390mm/CPU쿨러 높이:168mm/미니타워/[패널]/전면 패널 타입:강화유리/측면 패널 타입:강화유리/[쿨러/튜닝]/쿨링팬:총4개/LED팬:4개/후면:140mm LED x1/내부 측면:120mm LED x3/[크기]/너비(W):235mm/깊이(D):465mm/높이(H):430mm/[호환성]/지원파워규격:표준-ATX/파워 장착 길이:260mm/파워 위치:하단후면/[부가기능]/LED 색상:ARGB",https://img.danuri.io/catalog-image/412/336/034/3f4fb61bdb2148ea9d35a27ddb64273c.jpg?shrink=80:80,False,
2026-08-24,케이스,"darkFlash,앱코",17584163,darkFlash VB-X 4.0 라이저 케이블 지지대 KIT 215mm (블랙),68750,액세서리/라이저 케이블/길이: 215mm / PCIe 4.0x16 지원,https://img.danuri.io/catalog-image/163/584/017/8dddf19359974d6fa0185f85ceadb023.jpg?shrink=80:80,True,액세서리(대상부품아님)
2026-08-24,케이스,"darkFlash,앱코",41495963,앱코 SUITMASTER M3000 뉴본 ARGB 강화유리 (화이트),105840,"ATX 케이스/지원보드규격:ATX,M-ATX,M-ITX/VGA 길이:410mm/CPU쿨러 높이:185mm/미들타워/[패널]/전면 패널 타입:메쉬/측면 패널 타입:강화유리/[쿨러/튜닝]/쿨링팬:총1개/LED팬:1개/후면:140mm LED x1/[크기]/너비(W):235mm/깊이(D):468mm/높이(H):517mm/[호환성]/지원파워규격:표준-ATX/파워 장착 길이:250mm/[부가기능]/LED 색상:ARGB/[변경사항]/24년 7월 전면 라디에이터 360 → 420mm 장착 가능으로 변경",https://img.danuri.io/catalog-image/963/495/041/92d59ffa9602459d992b15dee491fe8b.jpg?shrink=80:80,False,
2026-08-24,케이스,"darkFlash,앱코",31986053,앱코 G25 매그넘 강화유리 (화이트),48400,"ATX 케이스/지원보드규격:ATX,M-ATX,M-ITX/VGA 길이:360mm/CPU쿨러 높이:165mm/미들타워/[패널]/전면 패널 타입:메쉬/측면 패널 타입:강화유리/[쿨러/튜닝]/쿨링팬:총6개/LED팬:4개/후면:120mm LED x1/전면:120mm LED x3/상단:120mm x2/[크기]/너비(W):210mm/깊이(D):420mm/높이(H):450mm/[호환성]/지원파워규격:표준-ATX/파워 장착 길이:220mm/파워 위치:하단후면/[부가기능]/LED 색상:RGB",https://img.danuri.io/catalog-image/053/986/031/8785d1c6baf14d66ab1b2bab2cd09656.jpg?shrink=80:80,False,
2026-08-24,케이스,"darkFlash,앱코",73616621,앱코 SUITMASTER MF360 리얼우드 (화이트),77000,"ATX 케이스/지원보드규격:ATX,M-ATX,M-ITX/VGA 길이:410mm/CPU쿨러 높이:165mm/미들타워/[패널]/측면 패널 타입:강화유리/측면 개폐 방식:스윙도어/[쿨러/튜닝]/쿨링팬:총4개/후면:120mm x1/전면:140mm x3/[크기]/너비(W):210mm/깊이(D):465mm/높이(H):485mm/[호환성]/지원파워규격:표준-ATX/파워 장착 길이:250mm/파워 위치:하단후면",https://img.danuri.io/catalog-image/621/616/073/75e8073d4d694b55a358a29be0f95090.jpg?shrink=80:80,False,
2026-08-24,케이스,"darkFlash,앱코",10558761,앱코 SUITMASTER TA210 플라즈마 아크릴 LUNAR,54500,"튜닝 케이스/지원보드규격:ATX,M-ATX,M-ITX/VGA 길이:315mm/CPU쿨러 높이:150mm/미들타워/[패널]/측면 패널 타입:아크릴/[쿨러/튜닝]/쿨링팬:총1개/LED팬:1개/상단:200mm LED x1/[크기]/너비(W):355mm/높이(H):450mm/깊이(D):415mm/[호환성]/지원파워규격:표준-ATX/파워 장착 길이:170mm/파워 위치:하단후면/[부가기능]/외부 LED/RGB 컨트롤/LED 색상:RGB",https://img.danuri.io/catalog-image/761/558/010/655bc9155df448749c9aeea29544279e.jpg?shrink=80:80,False,
2026-08-24,케이스,"darkFlash,앱코",21583037,앱코 SUITMASTER U3000 갤러리 ARGB 강화유리 (블랙),66550,"ATX 케이스/지원보드규격:ATX,M-ATX,M-ITX/VGA 길이:245~410mm/CPU쿨러 높이:185mm/미들타워/[패널]/전면 패널 타입:강화유리/측면 패널 타입:강화유리/[쿨러/튜닝]/쿨링팬:총1개/LED팬:1개/후면:140mm LED x1/[크기]/너비(W):440mm/깊이(D):235mm/높이(H):517mm/[호환성]/파워 장착 길이:220~250mm/파워 위치:하단후면",https://img.danuri.io/catalog-image/037/583/021/bd22e85e76f24bb981372829501777b2.jpg?shrink=80:80,False,
2026-08-24,케이스,"darkFlash,앱코",68577215,darkFlash GCB470 라이저 케이블 지지대 KIT (화이트),37950,액세서리/라이저 케이블/darkFlash DY470 전용 / PCI-E 4.0x16 / 길이: 160mm,https://img.danuri.io/catalog-image/215/577/068/2c24b745f73d4303abf09d7942beb075.jpg?shrink=80:80,True,액세서리(대상부품아님)
2026-08-24,케이스,"darkFlash,앱코",18515747,darkFlash DS5000 전면 강화유리 KIT (블랙),14850,액세서리/커버/먼지필터/DS5000 MESH 전용 / 전면 강화유리 + IO PORT 패널,https://img.danuri.io/catalog-image/747/515/018/456a588c8dbc40f897ba099e79ea1643.jpg?shrink=80:80,True,액세서리(대상부품아님)
2026-08-24,케이스,"darkFlash,앱코",37693031,darkFlash DF5000 VB-F 4.0 라이저 케이블 지지대 KIT (화이트),49500,액세서리/라이저 케이블/darkFlash DF5000 전용 / PCI-E 4.0x16 / 길이: 150mm,https://img.danuri.io/catalog-image/031/693/037/32183faf3ad347beb877e9ef80e5b037.jpg?shrink=80:80,True,액세서리(대상부품아님)
2026-08-24,케이스,"darkFlash,앱코",17584226,darkFlash VB-X 4.0 라이저 케이블 지지대 KIT 215mm (네오민트),68750,액세서리/라이저 케이블/길이: 215mm / PCIe 4.0x16 지원,https://img.danuri.io/catalog-image/226/584/017/9811f1e3c1b94882b8d4c7ef2a463228.jpg?shrink=80:80,True,액세서리(대상부품아님)
2026-08-24,케이스,"darkFlash,앱코",94088324,앱코 G26M 메가플로우 미니 MESH (블랙),0,"M-ATX 케이스/지원보드규격:M-ATX,M-ITX/VGA 길이:350mm/CPU쿨러 높이:165mm/미니타워/[패널]/전면 패널 타입:메쉬/측면 패널 타입:강화유리/[쿨러/튜닝]/쿨링팬:총3개/LED팬:3개/후면:120mm LED x1/전면:140mm LED x2/[크기]/너비(W):212mm/깊이(D):400mm/높이(H):437mm/[호환성]/지원파워규격:표준-ATX/파워 장착 길이:180mm/파워 위치:하단후면/[부가기능]/LED 색상:RGB",https://img.danuri.io/catalog-image/324/088/094/94f07d4bbc4444fd9756c72fa0cec9bc.jpg?shrink=80:80,True,가격정보없음(판매준비/판매중지)
2026-08-24,케이스,"darkFlash,앱코",18515759,darkFlash DS5000 전면 강화유리 KIT (화이트),14850,액세서리/커버/먼지필터/DS5000 MESH 전용 / 전면 강화유리 + IO PORT 패널,https://img.danuri.io/catalog-image/759/515/018/7707eeebc7a44d31a0bd3a2429e71e3d.jpg?shrink=80:80,True,액세서리(대상부품아님)
2026-08-24,케이스,"darkFlash,앱코",17584232,darkFlash VB-X 4.0 라이저 케이블 지지대 KIT 215mm (핑크),68750,액세서리/라이저 케이블/길이: 215mm / PCIe 4.0x16 지원,https://img.danuri.io/catalog-image/232/584/017/426c61e01b6349c4ae725cf1c9c31b93.jpg?shrink=80:80,True,액세서리(대상부품아님)
2026-08-24,케이스,"darkFlash,앱코",37690907,darkFlash DF5000 VB-F 4.0 라이저 케이블 지지대 KIT (블랙),49500,액세서리/라이저 케이블/darkFlash DF5000 전용 / PCI-E 4.0x16 / 길이: 150mm,https://img.danuri.io/catalog-image/907/690/037/72a5f6067cd64729abd1e6967803632e.jpg?shrink=80:80,True,액세서리(대상부품아님)
2026-08-24,케이스,"darkFlash,앱코",64392077,앱코 U40M 웨일샤크 ARGB BTF (화이트),0,"M-ATX 케이스/지원보드규격:M-ATX,M-ATX (후면커넥터),M-ITX/VGA 길이:410mm/CPU쿨러 높이:160mm/미니타워/[패널]/전면 패널 타입:강화유리/측면 패널 타입:강화유리/측면 개폐 방식:버튼/[쿨러/튜닝]/쿨링팬:총3개/LED팬:3개/후면:120mm LED x1/내부 측면:120mm LED x2/[크기]/너비(W):218mm/깊이(D):420mm/높이(H):395mm/[호환성]/지원파워규격:표준-ATX/파워 장착 길이:240mm/파워 위치:하단후면/[부가기능]/LED 색상:ARGB",https://img.danuri.io/catalog-image/077/392/064/43c1b8d9af27453b8d7d20eb0ad2477b.jpg?shrink=80:80,True,가격정보없음(판매준비/판매중지)
2026-08-24,케이스,"darkFlash,앱코",12648995,앱코 SUITMASTER AL300M 강화유리 (미드나잇블루),77000,"튜닝 케이스/지원보드규격:M-ATX,M-ITX/VGA 길이:310mm/CPU쿨러 높이:130mm/미니타워/[패널]/전면 패널 타입:강화유리/측면 패널 타입:강화유리/[쿨러/튜닝]/쿨링팬:총3개/LED팬:3개/전면:120mm LED x3/[크기]/너비(W):160mm/높이(H):500mm/깊이(D):390mm/[호환성]/지원파워규격:표준-ATX/파워 장착 길이:185mm/파워 위치:하단후면/[부가기능]/RGB 컨트롤/LED 색상:RGB",https://img.danuri.io/catalog-image/995/648/012/b16ba422918d4bc99d208e049fb22f97.jpg?shrink=80:80,False,
2026-08-24,케이스,"darkFlash,앱코",9456939,앱코 SUITMASTER 322S 인테이커 강화유리 스펙트럼 Dualight (화이트),46870,"ATX 케이스/지원보드규격:ATX,M-ATX,M-ITX/VGA 길이:385mm/CPU쿨러 높이:175mm/미들타워/[패널]/측면 패널 타입:강화유리/[쿨러/튜닝]/쿨링팬:총4개/LED팬:4개/후면:120mm LED x1/전면:120mm LED x3/[크기]/너비(W):208mm/깊이(D):448mm/높이(H):469mm/[호환성]/파워 장착 길이:220mm/파워 위치:하단후면/[부가기능]/RGB 컨트롤/LED 색상:RGB",https://img.danuri.io/catalog-image/939/456/009/78578864dcbd46558c92b3b8324314f9.jpg?shrink=80:80,False,
2026-08-24,케이스,"darkFlash,앱코",32865761,앱코 U20 큐빅 강화유리 (화이트),38280,"ATX 케이스/지원보드규격:ATX,M-ATX,M-ITX/VGA 길이:320mm/CPU쿨러 높이:160mm/미들타워/[패널]/전면 패널 타입:강화유리/측면 패널 타입:강화유리/[쿨러/튜닝]/쿨링팬:총3개/LED팬:3개/후면:120mm LED x1/상단:120mm LED x2/[크기]/너비(W):212mm/깊이(D):334mm/높이(H):485mm/[호환성]/지원파워규격:표준-ATX/파워 장착 길이:160mm/파워 위치:하단후면/[부가기능]/LED 색상:RGB",https://img.danuri.io/catalog-image/761/865/032/2e80b4f2742d49d09e8caae991cb62f2.jpg?shrink=80:80,False,
2026-08-24,케이스,"darkFlash,앱코",17840990,darkFlash DLM200 MESH PERFORMANCE 강화유리 (화이트),0,"M-ATX 케이스/지원보드규격:M-ATX,M-ITX/VGA 길이:330mm/CPU쿨러 높이:160mm/미니타워/[패널]/전면 패널 타입:메쉬/측면 패널 타입:강화유리/측면 개폐 방식:스윙도어/[쿨러/튜닝]/쿨링팬:총4개/후면:120mm x1/전면:120mm x3/[크기]/너비(W):208mm/깊이(D):381mm/높이(H):425.5mm/[호환성]/지원파워규격:표준-ATX/파워 장착 길이:210mm/파워 위치:하단후면",https://img.danuri.io/catalog-image/990/840/017/12bf5d4eb9c842c0bd7d91ef8f64a4b9.jpg?shrink=80:80,True,가격정보없음(판매준비/판매중지)
2026-08-24,케이스,"darkFlash,앱코",9916125,앱코 SUITMASTER 760S 어트랙션 강화유리 스펙트럼 Duplex (화이트),54500,"ATX 케이스/지원보드규격:ATX,M-ATX,M-ITX/VGA 길이:350mm/CPU쿨러 높이:185mm/미들타워/수직 PCI형태:기본형/[패널]/전면 패널 타입:메쉬/측면 패널 타입:강화유리/[쿨러/튜닝]/쿨링팬:총3개/LED팬:3개/후면:120mm LED x1/전면:200mm LED x2/[크기]/너비(W):225mm/깊이(D):435mm/높이(H):470mm/[호환성]/지원파워규격:표준-ATX/파워 장착 길이:220mm/파워 위치:하단후면/[부가기능]/RGB 컨트롤/LED 색상:RGB",https://img.danuri.io/catalog-image/125/916/009/1a65eeb26c784b728184edea022f6687.jpg?shrink=80:80,False,
2026-08-24,케이스,"darkFlash,앱코",86098598,darkFlash DS900 ARGB 강화유리 (화이트 우드),0,"ATX 케이스/지원보드규격:ATX,M-ATX,ITX/VGA 길이:425mm/CPU쿨러 높이:170mm/미들타워/[패널]/전면 패널 타입:강화유리/측면 패널 타입:강화유리/[쿨러/튜닝]/쿨링팬:총4개/LED팬:4개/후면:120mm LED x1/내부 측면:120mm LED x3/[크기]/너비(W):218mm/깊이(D):434mm/높이(H):454mm/[호환성]/지원파워규격:표준-ATX/파워 장착 길이:260mm/파워 위치:하단후면/[부가기능]/LED 색상:ARGB",https://img.danuri.io/catalog-image/598/098/086/797c44530efc4af09bd995589227415b.jpg?shrink=80:80,True,가격정보없음(판매준비/판매중지)
2026-08-24,케이스,"darkFlash,앱코",14799467,앱코 PUBG 배틀그라운드 하자드 에디션,60230,"ATX 케이스/지원보드규격:ATX,M-ATX,ITX/VGA 길이:370mm/CPU쿨러 높이:165mm/미들타워/[패널]/측면 패널 타입:강화유리/[쿨러/튜닝]/쿨링팬:총4개/LED팬:4개/후면:120mm LED x1/하단:120mm LED x3/[크기]/너비(W):205mm/깊이(D):502mm/높이(H):525mm/[호환성]/파워 장착 길이:200mm/파워 위치:하단후면/[부가기능]/LED 색상:오렌지",https://img.danuri.io/catalog-image/467/799/014/74ab4b0482c64e529dd0c210b3cac769.jpg?shrink=80:80,False,
2026-08-24,케이스,"darkFlash,앱코",4033315,앱코 NCORE 픽셀,0,"ATX 케이스/지원보드규격:ATX,M-ATX,M-ITX/VGA 길이:최대 340mm/CPU쿨러 높이:최대 150mm/미들타워/[패널]/측면 패널 타입:통풍구/후면:80mm/[크기]/너비(W):195mm/깊이(D):400mm/높이(H):412mm/[호환성]/지원파워규격:표준-ATX/파워 위치:상단",https://img.danuri.io/catalog-image/315/033/004/0725d805c20846aab1f459e5fd47b5c7.jpg?shrink=80:80,True,가격정보없음(판매준비/판매중지)
2026-08-24,케이스,"darkFlash,앱코",34336442,앱코 SUITMASTER U3000M 갤러리 미니 리버스 ARGB BTF (화이트),0,"M-ATX 케이스/지원보드규격:M-ATX,M-ATX (후면커넥터),M-ITX/VGA 길이:390mm/CPU쿨러 높이:168mm/미니타워/[패널]/전면 패널 타입:강화유리/측면 패널 타입:강화유리/[쿨러/튜닝]/쿨링팬:총4개/LED팬:4개/후면:140mm LED x1/내부 측면:120mm LED x3/[크기]/너비(W):235mm/깊이(D):465mm/높이(H):430mm/[호환성]/지원파워규격:표준-ATX/파워 장착 길이:260mm/파워 위치:하단후면/[부가기능]/LED 색상:ARGB",https://img.danuri.io/catalog-image/442/336/034/557f88e9d8e34d3cae0be96c881af3a7.jpg?shrink=80:80,True,가격정보없음(판매준비/판매중지)
2026-08-24,케이스,"darkFlash,앱코",16687646,앱코 SUITMASTER V3000 베놈 ARGB (화이트),0,"ATX 케이스/지원보드규격:E-ATX,ATX,M-ATX,ITX/VGA 길이:405mm/CPU쿨러 높이:180mm/미들타워/수직 PCI형태:기본형/[패널]/전면 패널 타입:메쉬/측면 패널 타입:강화유리/측면 개폐 방식:스윙도어/[쿨러/튜닝]/쿨링팬:총4개/LED팬:4개/후면:140mm LED x1/전면:140mm LED x3/[크기]/너비(W):228mm/깊이(D):470mm/높이(H):495mm/[호환성]/지원파워규격:표준-ATX/파워 장착 길이:225mm/파워 위치:하단후면/[부가기능]/외부LED 컨트롤/LED 색상:ARGB",https://img.danuri.io/catalog-image/646/687/016/27d85792352c48b8b34632f5626a1a30.jpg?shrink=80:80,True,가격정보없음(판매준비/판매중지)
2026-08-24,케이스,"darkFlash,앱코",94088567,앱코 G26M 메가플로우 미니 MESH (화이트),0,"M-ATX 케이스/지원보드규격:M-ATX,M-ITX/VGA 길이:350mm/CPU쿨러 높이:165mm/미니타워/[패널]/전면 패널 타입:메쉬/측면 패널 타입:강화유리/[쿨러/튜닝]/쿨링팬:총3개/LED팬:3개/후면:120mm LED x1/전면:140mm LED x2/[크기]/너비(W):212mm/깊이(D):400mm/높이(H):437mm/[호환성]/지원파워규격:표준-ATX/파워 장착 길이:180mm/파워 위치:하단후면/[부가기능]/LED 색상:RGB",https://img.danuri.io/catalog-image/567/088/094/4461079d921145618afbe7af5d331320.jpg?shrink=80:80,True,가격정보없음(판매준비/판매중지)
2026-08-24,케이스,"darkFlash,앱코",12689864,앱코 SUITMASTER AL1000 (레드와인),316100,"튜닝 케이스/지원보드규격:E-ATX,ATX,M-ATX,M-ITX/VGA 길이:420mm/CPU쿨러 높이:235mm/빅타워/[패널]/측면 패널 타입:강화유리/[쿨러/튜닝]/쿨링팬:총4개/LED팬:4개/후면:200mm LED x2/전면:200mm LED x2/[크기]/너비(W):365mm/높이(H):645mm/깊이(D):510mm/[호환성]/지원파워규격:표준-ATX/파워 장착 길이:350mm/파워 위치:하단/[부가기능]/리모컨/LED 색상:RGB",https://img.danuri.io/catalog-image/864/689/012/59f1155c11ad411ea0c194ca7fc49a09.jpg?shrink=80:80,False,
2026-08-24,케이스,"darkFlash,앱코",5718431,앱코 SUITMASTER 361G 칼리스토 강화유리 DOUBLING (화이트),0,"ATX 케이스/지원보드규격:E-ATX,ATX,M-ATX,M-ITX/VGA 길이:최대 380mm/CPU쿨러 높이:최대 163mm/미들타워/[패널]/전면 패널 타입:강화유리/측면 패널 타입:강화유리/[쿨러/튜닝]/쿨링팬:총4개/LED팬:4개/후면:120mm 화이트 LED/전면:120mm 화이트 LED x3/[크기]/너비(W):216mm/깊이(D):469mm/높이(H):494mm/[호환성]/지원파워규격:표준-ATX/파워 장착 길이:최대 215mm/파워 위치:하단후면/[부가기능]/팬 컨트롤",https://img.danuri.io/catalog-image/431/718/005/4a65c8faeb374846b0e5ad1f03cde930.jpg?shrink=80:80,True,가격정보없음(판매준비/판매중지)
2026-08-24,케이스,"darkFlash,앱코",15319016,앱코 NCORE S10M 사일런티 II (화이트),0,"M-ATX 케이스/지원보드규격:M-ATX,ITX/VGA 길이:285mm/CPU쿨러 높이:165mm/미니타워/[패널]/전면 패널 타입:일반(솔리드)/[쿨러/튜닝]/쿨링팬:총1개/후면:120mm x1/[크기]/너비(W):210mm/깊이(D):360mm/높이(H):390mm/[호환성]/지원파워규격:표준-ATX/파워 장착 길이:185mm/파워 위치:하단후면/저소음",https://img.danuri.io/catalog-image/016/319/015/b7989b08ccb943ebb57da26147e523a7.jpg?shrink=80:80,True,가격정보없음(판매준비/판매중지)
2026-08-24,케이스,"darkFlash,앱코",12649013,앱코 SUITMASTER AL300M 강화유리 (로즈골드),77000,"튜닝 케이스/지원보드규격:M-ATX,M-ITX/VGA 길이:310mm/CPU쿨러 높이:130mm/미니타워/[패널]/전면 패널 타입:강화유리/측면 패널 타입:강화유리/[쿨러/튜닝]/쿨링팬:총3개/LED팬:3개/전면:120mm LED x3/[크기]/너비(W):160mm/높이(H):500mm/깊이(D):390mm/[호환성]/지원파워규격:표준-ATX/파워 장착 길이:185mm/파워 위치:하단후면/[부가기능]/RGB 컨트롤/LED 색상:RGB",https://img.danuri.io/catalog-image/013/649/012/07678b88eb1c4190a3ce9741b4a007d8.jpg?shrink=80:80,False,
2026-08-24,케이스,"darkFlash,앱코",16541294,darkFlash DK1000 MESH 강화유리 (화이트),0,"ATX 케이스/지원보드규격:E-ATX,ATX,M-ATX/VGA 길이:355mm/CPU쿨러 높이:165mm/미들타워/[패널]/전면 패널 타입:메쉬/측면 패널 타입:강화유리/[쿨러/튜닝]/쿨링팬:총4개/후면:120mm x1/전면:140mm x3/[크기]/너비(W):215mm/깊이(D):415mm/높이(H):470mm/[호환성]/지원파워규격:표준-ATX/파워 장착 길이:245mm/오픈도어",https://img.danuri.io/catalog-image/294/541/016/118a5e31b75e411ca9a9a9814a9e8364.jpg?shrink=80:80,True,가격정보없음(판매준비/판매중지)
2026-08-24,케이스,"darkFlash,앱코",74338760,darkFlash DK370 MESH RGB 강화유리 (블랙),43060,"ATX 케이스/지원보드규격:ATX,M-ATX,M-ITX/VGA 길이:340mm/CPU쿨러 높이:160mm/미들타워/[패널]/전면 패널 타입:메쉬/측면 패널 타입:강화유리/[쿨러/튜닝]/쿨링팬:총4개/LED팬:4개/후면:120mm LED x1/전면:140mm LED x3/[크기]/너비(W):210mm/깊이(D):385mm/높이(H):485mm/[호환성]/지원파워규격:표준-ATX/파워 장착 길이:220mm/파워 위치:하단후면/[부가기능]/LED 색상:RGB",https://img.danuri.io/catalog-image/760/338/074/2fef8022925b40e782194aab8055326f.jpg?shrink=80:80,False,
2026-08-24,케이스,"darkFlash,앱코",18769955,darkFlash DNX700 MESH RGB (블랙),0,"ATX 케이스/지원보드규격:E-ATX,ATX,M-ATX,M-ITX/VGA 길이:340~375mm/CPU쿨러 높이:165mm/미들타워/[패널]/전면 패널 타입:메쉬/측면 패널 타입:강화유리/측면 개폐 방식:스윙도어/후면:120mm LED x1/전면:140mm LED x3/[크기]/너비(W):214mm/깊이(D):441mm/높이(H):471mm/[호환성]/지원파워규격:표준-ATX/파워 장착 길이:245~368mm/파워 위치:하단후면/[부가기능]/LED 색상:RGB/[변경사항]/23년 5월 GPU 장착 크기 325~385mm → 340~375mm로 변경",https://img.danuri.io/catalog-image/955/769/018/063a75615a7144f3ab722641f604b9c7.jpg?shrink=80:80,True,가격정보없음(판매준비/판매중지)
2026-08-24,케이스,"darkFlash,앱코",53416976,darkFlash DPX90 ARGB 강화유리 (블랙),0,"ATX 케이스/지원보드규격:ATX,M-ATX,M-ITX/VGA 길이:425mm/CPU쿨러 높이:185mm/미들타워/[패널]/전면 패널 타입:강화유리/측면 패널 타입:강화유리/[쿨러/튜닝]/쿨링팬:총3개/LED팬:3개/후면:120mm LED x1/내부 측면:120mm LED x2/[크기]/너비(W):240mm/깊이(D):550mm/높이(H):465mm/[호환성]/지원파워규격:표준-ATX/파워 장착 길이:280mm/파워 위치:하단후면/[부가기능]/LED 색상:ARGB",https://img.danuri.io/catalog-image/976/416/053/4c8652f83664485f850de0f974f63578.jpg?shrink=80:80,True,가격정보없음(판매준비/판매중지)
2026-08-24,케이스,"darkFlash,앱코",8577818,앱코 SUITMASTER 321X 듀얼리티 강화유리 스펙트럼 Dualight (블랙),0,"ATX 케이스/지원보드규격:ATX,M-ATX,M-ITX/VGA 길이:385mm/CPU쿨러 높이:175mm/미들타워/[패널]/전면 패널 타입:강화유리/측면 패널 타입:강화유리/[쿨러/튜닝]/쿨링팬:총4개/LED팬:4개/후면:120mm LED x1/전면:120mm LED x3/[크기]/너비(W):208mm/깊이(D):439mm/높이(H):469mm/[호환성]/지원파워규격:표준-ATX/파워 장착 길이:220mm/파워 위치:하단후면/[부가기능]/LED 색상:RGB",https://img.danuri.io/catalog-image/818/577/008/5c7a32f64f9749359901f3256714cd27.jpg?shrink=80:80,True,가격정보없음(판매준비/판매중지)
2026-08-24,케이스,"darkFlash,앱코",12985625,darkFlash DLH21 (화이트),0,미니ITX/지원보드규격:M-ITX/VGA 길이:320mm/CPU쿨러 높이:134mm/미니ITX(리틀밸리)/지원파워규격:M-ATX(SFX)/수직 PCI형태:기본형/[패널]/전면 패널 타입:메쉬/[쿨러/튜닝]/쿨링팬:총1개/상단:92mm/[크기]/너비(W):175mm/높이(H):412mm/깊이(D):238mm/[호환성]/파워 장착 길이:125mm/파워 위치:하단후면/[부가기능]/외부 LED/LED 색상:RGB,https://img.danuri.io/catalog-image/625/985/012/e1203f0636024ba7bf1d535367febb80.jpg?shrink=80:80,True,가격정보없음(판매준비/판매중지)
2026-08-24,케이스,"darkFlash,앱코",20255537,darkFlash DF2100 MESH RGB 강화유리 (화이트),0,"ATX 케이스/지원보드규격:E-ATX,ATX,M-ATX,M-ITX/VGA 길이:270~400mm/CPU쿨러 높이:165mm/미들타워/[패널]/전면 패널 타입:메쉬/측면 패널 타입:강화유리/측면 개폐 방식:스윙도어/[쿨러/튜닝]/쿨링팬:총4개/LED팬:4개/후면:120mm LED x1/전면:140mm LED x3/[크기]/너비(W):210mm/깊이(D):450mm/높이(H):482mm/[호환성]/파워 장착 길이:230~400mm/파워 위치:하단후면/[부가기능]/RGB 컨트롤",https://img.danuri.io/catalog-image/537/255/020/cad043657326421fbbb65953ef6b767f.jpg?shrink=80:80,True,가격정보없음(판매준비/판매중지)
2026-08-24,케이스,"darkFlash,앱코",71904617,darkFlash DP430 MESH RGB 강화유리 (블랙),0,"ATX 케이스/지원보드규격:ATX,M-ATX,M-ITX/VGA 길이:395mm/CPU쿨러 높이:180mm/미들타워/[패널]/전면 패널 타입:메쉬/측면 패널 타입:강화유리/측면 개폐 방식:스윙도어/[쿨러/튜닝]/쿨링팬:총4개/LED팬:4개/후면:120mm LED x1/전면:120mm LED x3/[크기]/너비(W):230mm/깊이(D):460mm/높이(H):456mm/[호환성]/지원파워규격:표준-ATX/파워 장착 길이:280mm/파워 위치:하단후면/[부가기능]/LED 색상:RGB",https://img.danuri.io/catalog-image/617/904/071/e625b1f99374481a8aa25733e5079953.jpg?shrink=80:80,True,가격정보없음(판매준비/판매중지)
2026-08-24,케이스,"darkFlash,앱코",36935618,darkFlash DK290 Air MESH RGB 강화유리 (블랙),0,"ATX 케이스/지원보드규격:ATX,M-ATX,M-ITX/VGA 길이:340mm/CPU쿨러 높이:165mm/미들타워/[패널]/전면 패널 타입:메쉬/측면 패널 타입:강화유리/[쿨러/튜닝]/쿨링팬:총6개/LED팬:4개/후면:120mm LED x1/전면:120mm LED x3/상단:120mm x2/[크기]/너비(W):223mm/깊이(D):400mm/높이(H):448mm/[호환성]/지원파워규격:표준-ATX/파워 장착 길이:180~340mm/파워 위치:하단후면/[부가기능]/LED 색상:RGB",https://img.danuri.io/catalog-image/618/935/036/8b93b77781be4262b04d4a98aab6f85a.jpg?shrink=80:80,True,가격정보없음(판매준비/판매중지)
2026-08-24,케이스,"darkFlash,앱코",10487241,앱코 NCORE 미라클 강화유리 LUMIA (화이트),0,"ATX 케이스/지원보드규격:ATX,M-ATX,M-ITX/VGA 길이:385mm/CPU쿨러 높이:162mm/미들타워/[패널]/전면 패널 타입:메쉬/측면 패널 타입:강화유리/[쿨러/튜닝]/쿨링팬:총4개/LED팬:4개/후면:120mm LED x1/전면:120mm LED x3/[크기]/너비(W):206mm/깊이(D):434mm/높이(H):476mm/[호환성]/지원파워규격:표준-ATX/파워 장착 길이:200mm/파워 위치:하단후면/[부가기능]/LED 색상:RGB",https://img.danuri.io/catalog-image/241/487/010/800f6eb1202648b89c8e0397039cb588.jpg?shrink=80:80,True,가격정보없음(판매준비/판매중지)
2026-08-24,케이스,"darkFlash,앱코",28212629,darkFlash DLM4000 GLASS (블랙),0,"M-ATX 케이스/지원보드규격:M-ATX,M-ITX/VGA 길이:405mm/CPU쿨러 높이:165mm/미니타워/[패널]/전면 패널 타입:강화유리/측면 패널 타입:강화유리/[쿨러/튜닝]/쿨링팬:총1개/LED팬:1개/후면:120mm LED x1/[크기]/너비(W):230mm/깊이(D):440mm/높이(H):456mm/[호환성]/지원파워규격:표준-ATX/파워 장착 길이:250mm/파워 위치:하단후면/[부가기능]/LED 색상:RGB",https://img.danuri.io/catalog-image/629/212/028/541622eb40df4bf99c15b7a17872f6bc.jpg?shrink=80:80,True,가격정보없음(판매준비/판매중지)
2026-08-24,케이스,"darkFlash,앱코",28212656,darkFlash DLM4000 GLASS (화이트),0,"M-ATX 케이스/지원보드규격:M-ATX,M-ITX/VGA 길이:405mm/CPU쿨러 높이:165mm/미니타워/[패널]/전면 패널 타입:강화유리/측면 패널 타입:강화유리/[쿨러/튜닝]/쿨링팬:총1개/LED팬:1개/후면:120mm LED x1/[크기]/너비(W):230mm/깊이(D):440mm/높이(H):456mm/[호환성]/지원파워규격:표준-ATX/파워 장착 길이:250mm/파워 위치:하단후면/[부가기능]/LED 색상:RGB",https://img.danuri.io/catalog-image/656/212/028/bebc577498cb4c75ab95131e82f8618e.jpg?shrink=80:80,True,가격정보없음(판매준비/판매중지)
2026-08-24,케이스,"darkFlash,앱코",12192491,darkFlash VB-X 라이저 케이블 지지대 KIT (네오민트),0,액세서리/라이저 케이블/길이: 220mm / PCIe 3.0x16 지원,https://img.danuri.io/catalog-image/491/192/012/3741adf407b94824827473124b4156b5.jpg?shrink=80:80,True,"가격정보없음(판매준비/판매중지),액세서리(대상부품아님)"
2026-08-24,케이스,"darkFlash,앱코",17669537,darkFlash DF7100 VB-F 4.0 라이저 케이블 지지대 KIT,0,액세서리/브라켓/가이드/※ darkFlash DF7100 전용 / PCI-E 4.0x16 / 길이: 285mm,https://img.danuri.io/catalog-image/537/669/017/681b345f8331456ca67654177a3dd5a4.jpg?shrink=80:80,True,"가격정보없음(판매준비/판매중지),액세서리(대상부품아님)"
2026-08-24,케이스,"darkFlash,앱코",17396630,darkFlash V4.0 라이저 케이블 (215mm),0,액세서리/라이저 케이블/길이: 215mm / PCIe 4.0 x16 지원,https://img.danuri.io/catalog-image/630/396/017/43821f4e94484bd8bd41eecf9753c5f4.jpg?shrink=80:80,True,"가격정보없음(판매준비/판매중지),액세서리(대상부품아님)"
2026-08-24,케이스,"darkFlash,앱코",17954243,darkFlash DS2000 MESH 강화유리 (블랙),95820,"ATX 케이스/지원보드규격:ATX,M-ATX,M-ITX/VGA 길이:332mm/CPU쿨러 높이:165mm/미들타워/수직 PCI형태:슬롯변경형/[패널]/전면 패널 타입:메쉬/측면 패널 타입:강화유리/측면 개폐 방식:스윙도어/[쿨러/튜닝]/쿨링팬:총4개/후면:120mm x1/하단:120mm x3/[크기]/너비(W):220mm/깊이(D):450mm/높이(H):408mm/[호환성]/지원파워규격:표준-ATX/파워 장착 길이:200mm/파워 위치:상단전면",https://img.danuri.io/catalog-image/243/954/017/b07916aac2be4c2c988eb0912b5a1eed.jpg?shrink=80:80,False,
2026-08-24,케이스,"darkFlash,앱코",73885505,darkFlash DB330X RGB 강화유리 (블랙),0,"ATX 케이스/지원보드규격:ATX,M-ATX,M-ITX/VGA 길이:360mm/CPU쿨러 높이:185mm/미들타워/[패널]/전면 패널 타입:강화유리/측면 패널 타입:강화유리/측면 개폐 방식:버튼/[쿨러/튜닝]/쿨링팬:총3개/LED팬:3개/후면:120mm LED x1/내부 측면:120mm LED x2/[크기]/너비(W):230mm/깊이(D):360mm/높이(H):436mm/[호환성]/지원파워규격:표준-ATX/파워 장착 길이:205mm/파워 위치:하단후면/[부가기능]/LED 색상:RGB",https://img.danuri.io/catalog-image/505/885/073/5f6cd50ae232431fbb36115059dbb819.jpg?shrink=80:80,True,가격정보없음(판매준비/판매중지)
2026-08-24,케이스,"darkFlash,앱코",9295779,앱코 SUITMASTER 321X 듀얼리티 강화유리 스펙트럼 Dualight (화이트),0,"ATX 케이스/지원보드규격:ATX,M-ATX,M-ITX/VGA 길이:385mm/CPU쿨러 높이:175mm/미들타워/[패널]/측면 패널 타입:강화유리/[쿨러/튜닝]/쿨링팬:총4개/LED팬:4개/후면:120mm LED x1/전면:120mm LED x3/[크기]/너비(W):208mm/깊이(D):439mm/높이(H):469mm/[호환성]/지원파워규격:표준-ATX/파워 장착 길이:220mm/파워 위치:하단후면/[부가기능]/RGB 컨트롤/LED 색상:RGB",https://img.danuri.io/catalog-image/779/295/009/a25d731cbbd3490ab47dfda33b341a7a.jpg?shrink=80:80,True,가격정보없음(판매준비/판매중지)
2026-08-24,케이스,"darkFlash,앱코",9514584,앱코 SUITMASTER 760S 어트랙션 강화유리 스펙트럼 Duplex (블랙),0,"ATX 케이스/지원보드규격:ATX,M-ATX,M-ITX/VGA 길이:350mm/CPU쿨러 높이:185mm/미들타워/수직 PCI형태:기본형/[패널]/전면 패널 타입:메쉬/측면 패널 타입:강화유리/[쿨러/튜닝]/쿨링팬:총3개/LED팬:3개/후면:120mm LED x1/전면:200mm LED x2/[크기]/너비(W):225mm/깊이(D):435mm/높이(H):470mm/[호환성]/지원파워규격:표준-ATX/파워 장착 길이:220mm/파워 위치:하단후면/[부가기능]/RGB 컨트롤/LED 색상:RGB",https://img.danuri.io/catalog-image/584/514/009/e2bb80e595304cd484b2e434d057e5d7.jpg?shrink=80:80,True,가격정보없음(판매준비/판매중지)
2026-08-24,케이스,"darkFlash,앱코",123763386,앱코 NCORE 언더바 (리퍼비시),0,"ATX 케이스/지원보드규격:ATX,M-ATX,M-ITX/VGA 길이:310mm/CPU쿨러 높이:163mm/미들타워/[패널]/전면 패널 타입:일반(솔리드)/[쿨러/튜닝]/쿨링팬:총1개/후면:120mm x1/[크기]/너비(W):198mm/높이(H):413mm/깊이(D):375mm/[호환성]/지원파워규격:표준-ATX/파워 장착 길이:200mm/파워 위치:상단",https://img.danuri.io/catalog-image/386/763/123/83be0fa09a084c419f67a9d8b645196a.jpg?shrink=80:80,True,가격정보없음(판매준비/판매중지)
2026-08-24,케이스,"darkFlash,앱코",123763480,앱코 UD20M 미니웨일 (리퍼비시),0,"M-ATX 케이스/지원보드규격:M-ATX,M-ITX/VGA 길이:325mm/CPU쿨러 높이:155mm/미니타워/[패널]/전면 패널 타입:강화유리/측면 패널 타입:강화유리/[쿨러/튜닝]/쿨링팬:총3개/LED팬:3개/후면:120mm LED  x1/하단:120mm LED x2/[크기]/너비(W):335mm/높이(H):353mm/깊이(D):275mm/[호환성]/지원파워규격:표준-ATX/파워 장착 길이:210mm/파워 위치:하단후면/[부가기능]/LED 색상:RGB",https://img.danuri.io/catalog-image/480/763/123/501f193ac92f4d91a6f2aa28f662e84c.jpg?shrink=80:80,True,가격정보없음(판매준비/판매중지)
2026-08-24,케이스,"darkFlash,앱코",99889685,앱코 O31M 태스크 미니 (블랙),21010,"M-ATX 케이스/지원보드규격:M-ATX,M-ITX/VGA 길이:265mm/CPU쿨러 높이:160mm/미니타워/[패널]/전면 패널 타입:일반(솔리드)/측면 패널 타입:통풍구/[쿨러/튜닝]/쿨링팬:총1개/후면:120mm x1/[크기]/너비(W):185mm/깊이(D):318.75mm/높이(H):379mm/[호환성]/지원파워규격:표준-ATX/파워 장착 길이:160mm/파워 위치:하단후면",https://img.danuri.io/catalog-image/685/889/099/88188b5e7fcb450fbe0425f32bcdca96.jpg?shrink=80:80,False,
2026-08-24,케이스,"darkFlash,앱코",123776286,앱코 UF40 에어로직 파노라믹 뷰 VGA쿨링 ARGB (블랙),0,"ATX 케이스/지원보드규격:ATX,M-ATX,ITX/VGA 길이:400mm/CPU쿨러 높이:175mm/미들타워/[패널]/전면 패널 타입:강화유리/측면 패널 타입:강화유리/[쿨러/튜닝]/쿨링팬:총5개/LED팬:5개/후면:140mm LED x1/하단:120mm LED x2/내부 측면:120mm LED x2/[크기]/너비(W):233mm/높이(H):478mm/깊이(D):446mm이하/[호환성]/지원파워규격:표준-ATX/파워 장착 길이:160mm/파워 위치:하단후면/[부가기능]/LED 색상:ARGB",https://img.danuri.io/catalog-image/286/776/123/43cd8789f33b4ad68a5fc40095b72a2f.jpeg?shrink=80:80,True,가격정보없음(판매준비/판매중지)
2026-08-24,케이스,"darkFlash,앱코",99889706,앱코 O31 태스크 (블랙),22110,"ATX 케이스/지원보드규격:ATX,M-ATX,M-ITX/VGA 길이:265mm/CPU쿨러 높이:160mm/미들타워/[패널]/전면 패널 타입:일반(솔리드)/측면 패널 타입:통풍구/[쿨러/튜닝]/쿨링팬:총1개/후면:120mm x1/[크기]/너비(W):185mm/깊이(D):318.75mm/높이(H):440mm/[호환성]/지원파워규격:표준-ATX/파워 장착 길이:160mm/파워 위치:하단후면",https://img.danuri.io/catalog-image/706/889/099/12a20de06ab84e3cacb1e91c5aa6fe60.jpg?shrink=80:80,False,
2026-08-24,케이스,"darkFlash,앱코",18631685,앱코 C11 배럭2,23100,"ATX 케이스/지원보드규격:ATX,M-ATX,M-ITX/VGA 길이:355mm/CPU쿨러 높이:150mm/미들타워/[패널]/측면 패널 타입:통풍구/[쿨러/튜닝]/쿨링팬:총1개/후면:120mm x1/[크기]/너비(W):180mm/깊이(D):410mm/높이(H):415mm/지원파워규격:표준-ATX",https://img.danuri.io/catalog-image/685/631/018/cf03d97a3b194d0797a2bc51794a9e10.jpg?shrink=80:80,False,
2026-08-24,케이스,"darkFlash,앱코",123763506,앱코 G26 메가플로우 MESH (리퍼비시),0,"ATX 케이스/지원보드규격:ATX,M-ATX,M-ITX/VGA 길이:400mm/CPU쿨러 높이:165mm/미들타워/[패널]/전면 패널 타입:메쉬/측면 패널 타입:강화유리/[쿨러/튜닝]/쿨링팬:총3개/LED팬:3개/후면:120mm LED x1/전면:140mm LED x2/[크기]/너비(W):212mm/높이(H):485mm/깊이(D):420mm/[호환성]/지원파워규격:표준-ATX/파워 장착 길이:200mm/파워 위치:하단후면/[부가기능]/LED 색상:RGB",https://img.danuri.io/catalog-image/506/763/123/83f96379c9664a6f966321323d227d4c.jpg?shrink=80:80,True,가격정보없음(판매준비/판매중지)
2026-08-24,케이스,"darkFlash,앱코",26516222,앱코 ABKONCORE AL700 SYNC,91130,"ATX 케이스/지원보드규격:E-ATX,ATX,M-ATX,ITX/VGA 길이:405mm/CPU쿨러 높이:170mm/빅타워/[패널]/전면 패널 타입:일반(솔리드)/측면 패널 타입:강화유리/[쿨러/튜닝]/쿨링팬:총4개/후면:120mm x1/전면:120mm x3/[크기]/너비(W):232mm/깊이(D):510mm/높이(H):520mm/[호환성]/지원파워규격:표준-ATX/파워 장착 길이:260~400mm",https://img.danuri.io/catalog-image/222/516/026/00b6cd19075f40cb9a5ccd4e550ce051.jpg?shrink=80:80,False,
2026-08-24,케이스,"darkFlash,앱코",20164172,앱코 ABKONCORE R760 SYNC,187000,"ATX 케이스/지원보드규격:ATX,M-ATX,ITX/VGA 길이:380mm/CPU쿨러 높이:195mm/빅타워/[패널]/전면 패널 타입:일반(솔리드)/측면 패널 타입:강화유리/[쿨러/튜닝]/쿨링팬:총8개/후면:120mm x2/내부 측면:120mm x6/[크기]/너비(W):269mm/깊이(D):585mm/높이(H):562mm/[호환성]/파워 장착 길이:385mm/파워 위치:상단/[부가기능]/외부 LED/팬 컨트롤/RGB 컨트롤/리모컨",https://img.danuri.io/catalog-image/172/164/020/8c6e704d64834034b7998e5cb035a8a5.jpg?shrink=80:80,False,
2026-08-24,케이스,"darkFlash,앱코",123763376,앱코 G50 빅플로우 MESH ARGB BTF (리퍼비시),0,"ATX 케이스/지원보드규격:E-ATX,ATX,ATX (후면커넥터),M-ATX,M-ATX (후면커넥터),M-ITX/VGA 길이:408mm/CPU쿨러 높이:180mm/미들타워/[패널]/전면 패널 타입:메쉬/측면 패널 타입:강화유리/[쿨러/튜닝]/쿨링팬:총4개/LED팬:4개/후면:140mm LED x1/전면:140mm LED x3/[크기]/너비(W):238mm/높이(H):500mm/깊이(D):479mm/[호환성]/지원파워규격:표준-ATX/파워 장착 길이:240mm/파워 위치:하단후면/[부가기능]/팬 컨트롤/RGB 컨트롤/LED 색상:ARGB",https://img.danuri.io/catalog-image/376/763/123/0c47c71fa656478b9070f47975068778.jpg?shrink=80:80,True,가격정보없음(판매준비/판매중지)
2026-08-24,케이스,"darkFlash,앱코",20162585,앱코 ABKONCORE C610S,36300,"ATX 케이스/지원보드규격:ATX,M-ATX,ITX/VGA 길이:395mm/CPU쿨러 높이:180mm/미들타워/[패널]/측면 패널 타입:아크릴/[쿨러/튜닝]/쿨링팬:총1개/후면:140mm x1/[크기]/너비(W):216mm/깊이(D):455mm/높이(H):470mm/[호환성]/파워 장착 길이:210mm/파워 위치:하단후면/[부가기능]/외부 LED",https://img.danuri.io/catalog-image/585/162/020/35ead5d220cd43b294a89d83acc26cbb.jpg?shrink=80:80,False,
2026-08-24,케이스,"darkFlash,앱코",20737172,앱코 ABKONCORE R850 SYNC,132000,"ATX 케이스/지원보드규격:E-ATX,ATX,M-ATX,ITX/VGA 길이:445mm/CPU쿨러 높이:190mm/빅타워/[패널]/전면 패널 타입:강화유리/측면 패널 타입:강화유리/[쿨러/튜닝]/쿨링팬:총4개/후면:120mm x2/전면:200mm x2/[크기]/너비(W):260mm/깊이(D):500mm/높이(H):548mm/[호환성]/지원파워규격:표준-ATX/파워 장착 길이:310mm/파워 위치:상단/[부가기능]/RGB 컨트롤",https://img.danuri.io/catalog-image/172/737/020/5f231b60f3fb45fbb0f4a1ddb2ca88dd.jpg?shrink=80:80,False,
2026-08-24,케이스,"darkFlash,앱코",123763533,앱코 UD50 블루웨일 ARGB BTF (리퍼비시),0,"ATX 케이스/지원보드규격:ATX,ATX (후면커넥터),M-ATX,M-ATX (후면커넥터),M-ITX/VGA 길이:418mm/CPU쿨러 높이:160mm/미들타워/[패널]/전면 패널 타입:강화유리/측면 패널 타입:강화유리/[쿨러/튜닝]/쿨링팬:총4개/LED팬:4개/후면:120mm LED X1/내부 측면:120mm LED X3/[크기]/너비(W):285mm/높이(H):400mm/깊이(D):426mm/[호환성]/지원파워규격:표준-ATX/[부가기능]/LED 색상:ARGB",https://img.danuri.io/catalog-image/533/763/123/8e446a9d709840d9a824a69e061d58c9.jpg?shrink=80:80,True,가격정보없음(판매준비/판매중지)
2026-08-24,케이스,"darkFlash,앱코",36155537,앱코 ABKONCORE AL1000 SYNC 강화유리 (레드와인),131400,"튜닝 케이스/지원보드규격:E-ATX,ATX,M-ATX,M-ITX/VGA 길이:420mm/CPU쿨러 높이:235mm/빅타워/[패널]/측면 패널 타입:강화유리/[쿨러/튜닝]/쿨링팬:총4개/LED팬:4개/후면:200mm LED x2/전면:200mm LED x2/[크기]/너비(W):365mm/높이(H):645mm/깊이(D):510mm/[호환성]/지원파워규격:표준-ATX/파워 장착 길이:350mm/파워 위치:하단/[부가기능]/RGB 컨트롤/리모컨/LED 색상:RGB",https://img.danuri.io/catalog-image/537/155/036/bc45dcb938ec4828be5b0b5571fa2bb2.jpg?shrink=80:80,False,
2026-08-24,케이스,"darkFlash,앱코",36155810,앱코 ABKONCORE AL300M SYNC 강화유리 (로즈골드),76650,"튜닝 케이스/지원보드규격:M-ATX,M-ITX/VGA 길이:310mm/CPU쿨러 높이:130mm/미니타워/[패널]/전면 패널 타입:강화유리/측면 패널 타입:강화유리/[쿨러/튜닝]/쿨링팬:총3개/LED팬:3개/전면:120mm LED x3/[크기]/너비(W):160mm/높이(H):500mm/깊이(D):390mm/[호환성]/지원파워규격:표준-ATX/파워 장착 길이:185mm/파워 위치:하단후면/[부가기능]/RGB 컨트롤/리모컨/LED 색상:RGB",https://img.danuri.io/catalog-image/810/155/036/1b3abfa3b2f8488aa4ecd59f63a2d315.jpg?shrink=80:80,False,
2026-08-24,케이스,"darkFlash,앱코",123776306,앱코 UF40 에어로직 파노라믹 뷰 VGA쿨링 ARGB (화이트),0,"ATX 케이스/지원보드규격:ATX,M-ATX,ITX/VGA 길이:400mm/CPU쿨러 높이:175mm/미들타워/[패널]/전면 패널 타입:강화유리/측면 패널 타입:강화유리/[쿨러/튜닝]/쿨링팬:총5개/LED팬:5개/후면:140mm LED x1/하단:120mm LED x2/내부 측면:120mm LED x2/[크기]/너비(W):233mm/높이(H):478mm/깊이(D):446mm이하/[호환성]/지원파워규격:표준-ATX/파워 장착 길이:160mm/파워 위치:하단후면/[부가기능]/LED 색상:ARGB",https://img.danuri.io/catalog-image/306/776/123/456eaa7225144a97a2ca9030b6c32e4b.jpeg?shrink=80:80,True,가격정보없음(판매준비/판매중지)
2026-08-24,케이스,"darkFlash,앱코",123763410,앱코 U30P 마린+ 디스플레이 (리퍼비시),0,"ATX 케이스/지원보드규격:E-ATX,ATX,M-ATX,M-ITX/VGA 길이:400mm/CPU쿨러 높이:165mm/미들타워/[패널]/전면 패널 타입:강화유리/측면 패널 타입:강화유리/후면:120mm LED x1/내부 측면:120mm LED x2/[크기]/너비(W):212mm/높이(H):485mm/깊이(D):420mm/[호환성]/지원파워규격:표준-ATX/파워 장착 길이:200mm/파워 위치:하단후면/[부가기능]/LED 색상:RGB",https://img.danuri.io/catalog-image/410/763/123/9cf92da508774a32b582102ddc4c73a8.jpg?shrink=80:80,True,가격정보없음(판매준비/판매중지)
2026-08-24,케이스,"darkFlash,앱코",123763461,앱코 UD50C 루시드 앰비언트 풀커브드 ARGB BTF (리퍼비시),0,"ATX 케이스/지원보드규격:ATX,ATX (후면커넥터),M-ATX,M-ATX (후면커넥터),M-ITX/VGA 길이:420mm/CPU쿨러 높이:160mm/미들타워/[패널]/전면 패널 타입:강화유리/측면 패널 타입:강화유리/[쿨러/튜닝]/쿨링팬:총4개/LED팬:4개/후면:120mm LED X1/내부 측면:120mm LED X3/[크기]/너비(W):285mm/높이(H):400mm/깊이(D):460mm/[호환성]/지원파워규격:표준-ATX/파워 장착 길이:210mmmm/파워 위치:상단/[부가기능]/외부 LED/팬 컨트롤/RGB 컨트롤/LED 색상:ARGB",https://img.danuri.io/catalog-image/461/763/123/138b599f1b5846ad9b4e63dd52940beb.jpg?shrink=80:80,True,가격정보없음(판매준비/판매중지)
2026-08-24,케이스,"darkFlash,앱코",123763569,앱코 SUITMASTER U1000 ONE ARGB (리퍼비시),0,"M-ATX 케이스/지원보드규격:M-ATX,M-ITX/VGA 길이:320mm/CPU쿨러 높이:165mm/미니타워/[패널]/전면 패널 타입:메쉬/측면 패널 타입:강화유리/측면 개폐 방식:스윙도어/[쿨러/튜닝]/쿨링팬:총2개/LED팬:2개/후면:120mm LED x1/전면:200mm LED x1/[크기]/너비(W):282mm/높이(H):325mm/깊이(D):390mm/[호환성]/지원파워규격:표준-ATX/파워 장착 길이:230~320mm/파워 위치:하단후면/[부가기능]/LED 색상:ARGB",https://img.danuri.io/catalog-image/569/763/123/6d743c2fbf694fca980a04f770c234dc.jpg?shrink=80:80,True,가격정보없음(판매준비/판매중지)
2026-08-24,케이스,"darkFlash,앱코",123763550,앱코 SUITMASTER U3000 갤러리 ARGB 강화유리 (리퍼비시),0,"ATX 케이스/지원보드규격:ATX,M-ATX,M-ITX/VGA 길이:245~410mm/CPU쿨러 높이:185mm/미들타워/[패널]/전면 패널 타입:강화유리/측면 패널 타입:강화유리/[쿨러/튜닝]/쿨링팬:총1개/LED팬:1개/후면:140mm LED x1/[크기]/너비(W):440mm/높이(H):517mm/깊이(D):235mm/[호환성]/파워 장착 길이:220~250mm/파워 위치:하단후면",https://img.danuri.io/catalog-image/550/763/123/8d937ce4dc034a3e877dd7ca5d733341.jpg?shrink=80:80,True,가격정보없음(판매준비/판매중지)
2026-08-24,케이스,"darkFlash,앱코",56295353,darkFlash DLX30 NEO silent (블랙),0,"ATX 케이스/지원보드규격:E-ATX,ATX,M-ATX,M-ITX/VGA 길이:385mm/CPU쿨러 높이:165mm/미들타워/[패널]/전면 패널 타입:메쉬/측면 패널 타입:강화유리/측면 개폐 방식:스윙도어/[쿨러/튜닝]/쿨링팬:총4개/후면:120mm x1/전면:140mm x3/[크기]/너비(W):216mm/깊이(D):468mm/높이(H):490mm/[호환성]/지원파워규격:표준-ATX/파워 장착 길이:255mm/파워 위치:하단후면",https://img.danuri.io/catalog-image/353/295/056/a781427203ec47d8ac850fc0c4ee85b4.jpg?shrink=80:80,True,가격정보없음(판매준비/판매중지)
2026-08-24,케이스,"darkFlash,앱코",20163113,앱코 ABKONCORE HELIOS H500G SYNC,0,"ATX 케이스/지원보드규격:ATX,M-ATX,ITX/VGA 길이:355mm/CPU쿨러 높이:178mm/미들타워/[쿨러/튜닝]/쿨링팬:총3개/후면:140mm x1/전면:200mm x2/[크기]/너비(W):255mm/깊이(D):440mm/높이(H):472mm/[호환성]/파워 장착 길이:195mm/파워 위치:하단후면/[부가기능]/외부 LED/RGB 컨트롤/리모컨",https://img.danuri.io/catalog-image/113/163/020/32109424e17544c283a7521a887912bc.jpg?shrink=80:80,True,가격정보없음(판매준비/판매중지)
2026-08-24,케이스,"darkFlash,앱코",36155783,앱코 ABKONCORE AL300M SYNC 강화유리 (미드나잇블루),76650,"튜닝 케이스/지원보드규격:M-ATX,M-ITX/VGA 길이:310mm/CPU쿨러 높이:130mm/미니타워/[패널]/전면 패널 타입:강화유리/측면 패널 타입:강화유리/[쿨러/튜닝]/쿨링팬:총3개/LED팬:3개/전면:120mm LED x3/[크기]/너비(W):160mm/높이(H):500mm/깊이(D):390mm/[호환성]/지원파워규격:표준-ATX/파워 장착 길이:185mm/파워 위치:하단후면/[부가기능]/RGB 컨트롤/리모컨/LED 색상:RGB",https://img.danuri.io/catalog-image/783/155/036/15428d53aa2544cea2e3014dbdf2ca4d.jpg?shrink=80:80,False,
2026-08-24,케이스,"darkFlash,앱코",123763560,앱코 U30 마린 (리퍼비시),0,"ATX 케이스/지원보드규격:ATX,M-ATX,M-ITX/VGA 길이:400mm/CPU쿨러 높이:165mm/미들타워/[패널]/전면 패널 타입:강화유리/측면 패널 타입:강화유리/측면 개폐 방식:버튼/[쿨러/튜닝]/쿨링팬:총3개/LED팬:3개/후면:120mm LED x1/내부 측면:120mm LED x2/[크기]/너비(W):212mm/높이(H):485mm/깊이(D):420mm/[호환성]/지원파워규격:표준-ATX/파워 장착 길이:240mm/파워 위치:하단후면/[부가기능]/LED 색상:RGB",https://img.danuri.io/catalog-image/560/763/123/cda865c3ae9248bea0213c41ee2de3f8.jpg?shrink=80:80,True,가격정보없음(판매준비/판매중지)
2026-08-24,케이스,"darkFlash,앱코",123763474,앱코 U40M 웨일샤크 ARGB BTF (리퍼비시),0,"M-ATX 케이스/지원보드규격:M-ATX,M-ATX (후면커넥터),M-ITX/VGA 길이:410mm/CPU쿨러 높이:160mm/미니타워/[패널]/전면 패널 타입:강화유리/측면 패널 타입:강화유리/측면 개폐 방식:버튼/[쿨러/튜닝]/쿨링팬:총3개/LED팬:3개/후면:120mm LED x1/내부 측면:120mm LED x2/[크기]/너비(W):218mm/높이(H):395mm/깊이(D):420mm/[호환성]/지원파워규격:표준-ATX/파워 장착 길이:240mm/파워 위치:하단후면/[부가기능]/LED 색상:ARGB",https://img.danuri.io/catalog-image/474/763/123/5c9fee44435647a7a8184c989dcaa772.jpg?shrink=80:80,True,가격정보없음(판매준비/판매중지)
2026-08-24,케이스,"darkFlash,앱코",123763489,앱코 G31 오메가포스 세븐팬 (리퍼비시),0,"ATX 케이스/지원보드규격:ATX,M-ATX,M-ITX/VGA 길이:400mm/CPU쿨러 높이:165mm/미들타워/[패널]/전면 패널 타입:메쉬/측면 패널 타입:강화유리/[쿨러/튜닝]/쿨링팬:총7개/LED팬:7개/후면:120mm LED x1/전면:140mm LED x3/상단:120mm LED x3/[크기]/너비(W):212mm/높이(H):490mm/깊이(D):460mm/[호환성]/지원파워규격:표준-ATX/파워 장착 길이:200mm/파워 위치:하단후면/[부가기능]/RGB 컨트롤/LED 색상:RGB/[변경사항]/G31 오메가포스 → G31 오메가포스 세븐팬 으로 상품명 변경",https://img.danuri.io/catalog-image/489/763/123/5714abb167ef494cae135de110cc217a.jpg?shrink=80:80,True,가격정보없음(판매준비/판매중지)
2026-08-24,케이스,"darkFlash,앱코",123763565,앱코 SUITMASTER U3000M 갤러리 미니 리버스 ARGB BTF (리퍼비시),0,"M-ATX 케이스/지원보드규격:M-ATX,M-ATX (후면커넥터),M-ITX/VGA 길이:390mm/CPU쿨러 높이:168mm/미니타워/[패널]/전면 패널 타입:강화유리/측면 패널 타입:강화유리/[쿨러/튜닝]/쿨링팬:총4개/LED팬:4개/후면:140mm LED x1/내부 측면:120mm LED x3/[크기]/너비(W):235mm/높이(H):430mm/깊이(D):465mm/[호환성]/지원파워규격:표준-ATX/파워 장착 길이:260mm/파워 위치:하단후면/[부가기능]/LED 색상:ARGB",https://img.danuri.io/catalog-image/565/763/123/642b5255450c41be876f35694f0ce74c.jpg?shrink=80:80,True,가격정보없음(판매준비/판매중지)
2026-08-25,케이스,"darkFlash,앱코",78530048,darkFlash DS500 RGB (블랙),44690,"ATX 케이스/지원보드규격:ATX,M-ATX,M-ITX/VGA 길이:405mm/CPU쿨러 높이:165mm/미들타워/[패널]/전면 패널 타입:강화유리/측면 패널 타입:강화유리/[쿨러/튜닝]/쿨링팬:총3개/LED팬:3개/후면:120mm LED x1/내부 측면:120mm LED x2/[크기]/너비(W):210mm/높이(H):485mm/깊이(D):413mm/[호환성]/지원파워규격:표준-ATX/파워 장착 길이:170mm/파워 위치:하단후면/[부가기능]/LED 색상:RGB",https://img.danuri.io/catalog-image/048/530/078/c9b0ec9b4b9a4d6da953e1552be87570.jpeg?shrink=80:80,False,
2026-08-25,케이스,"darkFlash,앱코",105967793,앱코 G31 오메가포스 세븐팬 (블랙),48290,"ATX 케이스/지원보드규격:ATX,M-ATX,M-ITX/VGA 길이:400mm/CPU쿨러 높이:165mm/미들타워/[패널]/전면 패널 타입:메쉬/측면 패널 타입:강화유리/[쿨러/튜닝]/쿨링팬:총7개/LED팬:7개/후면:120mm LED x1/전면:140mm LED x3/상단:120mm LED x3/[크기]/너비(W):212mm/높이(H):490mm/깊이(D):460mm/[호환성]/지원파워규격:표준-ATX/파워 장착 길이:200mm/파워 위치:하단후면/[부가기능]/RGB 컨트롤/LED 색상:RGB/[변경사항]/G31 오메가포스 → G31 오메가포스 세븐팬 으로 상품명 변경",https://img.danuri.io/catalog-image/793/967/105/c3d11495e07b40f3b2d45efabc01bba9.jpg?shrink=80:80,False,
2026-08-25,케이스,"darkFlash,앱코",32861129,darkFlash DS900 ARGB 강화유리 (화이트),68270,"ATX 케이스/지원보드규격:ATX,M-ATX,M-ITX/VGA 길이:425mm/CPU쿨러 높이:170mm/미들타워/[패널]/전면 패널 타입:강화유리/측면 패널 타입:강화유리/[쿨러/튜닝]/쿨링팬:총4개/LED팬:4개/후면:120mm LED x1/내부 측면:120mm LED x3/[크기]/너비(W):218mm/높이(H):454mm/깊이(D):434mm/[호환성]/지원파워규격:표준-ATX/파워 장착 길이:260mm/파워 위치:하단후면/[부가기능]/LED 색상:ARGB/[변경사항]/24년 4월 장착쿨링팬 C6 ARGB → C7 ARGB으로 변경 / 24년 8월 상단 라디에이터 120, 140, 240, 280, 360 →120, 240, 360으로 변경",https://img.danuri.io/catalog-image/129/861/032/100a9aa65e564d06a8c46811a2a6d996.jpg?shrink=80:80,False,
2026-08-25,케이스,"darkFlash,앱코",100271096,darkFlash DPF70 ARGB (화이트),68820,"ATX 케이스/지원보드규격:ATX,M-ATX,ITX/VGA 길이:410mm/CPU쿨러 높이:160mm/미들타워/[패널]/전면 패널 타입:강화유리/측면 패널 타입:강화유리/[쿨러/튜닝]/쿨링팬:총4개/LED팬:4개/후면:120mm LED x1/내부 측면:120mm LED x3/[크기]/너비(W):275mm/높이(H):398mm/깊이(D):425mm/[호환성]/지원파워규격:표준-ATX/파워 장착 길이:230mm/파워 위치:하단후면/[부가기능]/팬 컨트롤/RGB 컨트롤/LED 색상:ARGB",https://img.danuri.io/catalog-image/096/271/100/57a33ca47be14c69983d39fe55da57a5.jpg?shrink=80:80,False,
2026-08-25,케이스,"darkFlash,앱코",105968012,앱코 UD51 엑시드 ARGB BTF (블랙),99330,"ATX 케이스/지원보드규격:E-ATX,ATX,ATX (후면커넥터),M-ATX,M-ATX (후면커넥터),M-ITX/VGA 길이:400mm/CPU쿨러 높이:160mm/미들타워/수직 PCI형태:슬롯변경형/[패널]/전면 패널 타입:강화유리/측면 패널 타입:강화유리/[쿨러/튜닝]/쿨링팬:총4개/LED팬:4개/후면:120mm LED x1/내부 측면:120mm LED x3/[크기]/너비(W):277mm/높이(H):430mm/깊이(D):443mm/[호환성]/지원파워규격:표준-ATX/파워 장착 길이:240mm/파워 위치:상단/[부가기능]/RGB 컨트롤/LED 색상:ARGB",https://img.danuri.io/catalog-image/012/968/105/af09ee3e0ea64dcdbfeaac0c73edd4b9.jpg?shrink=80:80,False,
2026-08-25,케이스,"darkFlash,앱코",122617886,darkFlash DLX ULTRA MESH ARGB (블랙),152050,"ATX 케이스/지원보드규격:E-ATX,ATX,ATX (후면커넥터),M-ATX,M-ATX (후면커넥터),ITX/VGA 길이:480mm/CPU쿨러 높이:190mm/빅타워/수직 PCI형태:슬롯변경형/[패널]/전면 패널 타입:메쉬/측면 패널 타입:통풍구/[쿨러/튜닝]/쿨링팬:총4개/LED팬:4개/후면:140mm LED x1/전면:140mm LED x3/[크기]/너비(W):249mm/높이(H):535mm/깊이(D):560mm/[호환성]/지원파워규격:표준-ATX/파워 장착 길이:260mm/파워 위치:하단후면/[부가기능]/LED 색상:ARGB",https://img.danuri.io/catalog-image/886/617/122/de8ab5a780b545f6aa39e7f688511672.jpeg?shrink=80:80,False,
2026-08-25,케이스,"darkFlash,앱코",53783243,앱코 U30 마린 (블랙),42240,"ATX 케이스/지원보드규격:ATX,M-ATX,M-ITX/VGA 길이:400mm/CPU쿨러 높이:165mm/미들타워/[패널]/전면 패널 타입:강화유리/측면 패널 타입:강화유리/측면 개폐 방식:버튼/[쿨러/튜닝]/쿨링팬:총3개/LED팬:3개/후면:120mm LED x1/내부 측면:120mm LED x2/[크기]/너비(W):212mm/깊이(D):420mm/높이(H):485mm/[호환성]/지원파워규격:표준-ATX/파워 장착 길이:240mm/파워 위치:하단후면/[부가기능]/LED 색상:RGB",https://img.danuri.io/catalog-image/243/783/053/12f41688da184122833ddac86ce8e160.jpg?shrink=80:80,False,
2026-08-25,케이스,"darkFlash,앱코",11884168,darkFlash DLX21 RGB MESH 강화유리 (블랙),97130,"ATX 케이스/지원보드규격:E-ATX,ATX,M-ATX,M-ITX/VGA 길이:400mm/CPU쿨러 높이:180mm/미들타워/[패널]/측면 패널 타입:강화유리/측면 개폐 방식:스윙도어/[쿨러/튜닝]/쿨링팬:총4개/LED팬:4개/후면:140mm LED x1/전면:140mm LED x3/[크기]/너비(W):233mm/높이(H):493mm/깊이(D):448mm/[호환성]/지원파워규격:표준-ATX/파워 장착 길이:235mm/파워 위치:하단후면/[부가기능]/RGB 컨트롤/LED 색상:RGB",https://img.danuri.io/catalog-image/168/884/011/1661e70af5b443569fca29df23e60ac9.jpg?shrink=80:80,False,
2026-08-25,케이스,"darkFlash,앱코",122655434,darkFlash DPH70M ARGB (블랙),54620,"M-ATX 케이스/지원보드규격:M-ATX,ITX/VGA 길이:415mm/CPU쿨러 높이:160mm/미니타워/[패널]/전면 패널 타입:강화유리/측면 패널 타입:강화유리/[쿨러/튜닝]/쿨링팬:총3개/LED팬:3개/후면:120mm LED x1/내부 측면:120mm LED x2/[크기]/너비(W):275mm/높이(H):360mm/깊이(D):425mm/[호환성]/지원파워규격:표준-ATX/파워 장착 길이:180mm/파워 위치:하단후면/[부가기능]/LED 색상:ARGB",https://img.danuri.io/catalog-image/434/655/122/8168b64c66214f5d9c940e33a80fc523.jpeg?shrink=80:80,False,
2026-08-25,케이스,"darkFlash,앱코",62071772,darkFlash DMO11 (블랙),21750,"M-ATX 케이스/지원보드규격:M-ATX,M-ITX/VGA 길이:270mm/CPU쿨러 높이:165mm/미니타워/[패널]/측면 패널 타입:통풍구/[쿨러/튜닝]/쿨링팬:총1개/후면:120mm x1/[크기]/너비(W):180mm/깊이(D):300mm/높이(H):355mm/[호환성]/지원파워규격:표준-ATX/파워 위치:상단",https://img.danuri.io/catalog-image/772/071/062/2986f70412ae42678e3126e385321a6e.jpg?shrink=80:80,False,
2026-08-25,케이스,"darkFlash,앱코",53783246,앱코 U30 마린 (화이트),50270,"ATX 케이스/지원보드규격:ATX,M-ATX,M-ITX/VGA 길이:400mm/CPU쿨러 높이:165mm/미들타워/[패널]/전면 패널 타입:강화유리/측면 패널 타입:강화유리/측면 개폐 방식:버튼/[쿨러/튜닝]/쿨링팬:총3개/LED팬:3개/후면:120mm LED x1/내부 측면:120mm LED x2/[크기]/너비(W):212mm/깊이(D):420mm/높이(H):485mm/[호환성]/지원파워규격:표준-ATX/파워 장착 길이:240mm/파워 위치:하단후면/[부가기능]/LED 색상:RGB",https://img.danuri.io/catalog-image/246/783/053/8677929d32964e9d9f1e2b07476c0979.jpg?shrink=80:80,False,
2026-08-25,케이스,"darkFlash,앱코",78530069,darkFlash DS500 RGB (화이트),48880,"ATX 케이스/지원보드규격:ATX,M-ATX,M-ITX/VGA 길이:405mm/CPU쿨러 높이:165mm/미들타워/[패널]/전면 패널 타입:강화유리/측면 패널 타입:강화유리/[쿨러/튜닝]/쿨링팬:총3개/LED팬:3개/후면:120mm LED x1/내부 측면:120mm LED x2/[크기]/너비(W):210mm/높이(H):485mm/깊이(D):413mm/[호환성]/지원파워규격:표준-ATX/파워 장착 길이:170mm/파워 위치:하단후면/[부가기능]/LED 색상:RGB",https://img.danuri.io/catalog-image/069/530/078/311f1f242ac04a14a14b0dca4f8e7c87.jpg?shrink=80:80,False,
2026-08-25,케이스,"darkFlash,앱코",99640949,앱코 G50 빅플로우 MESH ARGB BTF (블랙),107660,"ATX 케이스/지원보드규격:E-ATX,ATX,ATX (후면커넥터),M-ATX,M-ATX (후면커넥터),M-ITX/VGA 길이:408mm/CPU쿨러 높이:180mm/미들타워/[패널]/전면 패널 타입:메쉬/측면 패널 타입:강화유리/[쿨러/튜닝]/쿨링팬:총4개/LED팬:4개/후면:140mm LED x1/전면:140mm LED x3/[크기]/너비(W):238mm/깊이(D):479mm/높이(H):500mm/[호환성]/지원파워규격:표준-ATX/파워 장착 길이:240mm/파워 위치:하단후면/[부가기능]/팬 컨트롤/RGB 컨트롤/LED 색상:ARGB",https://img.danuri.io/catalog-image/949/640/099/876efec41be248468eb7e8007e4ce040.jpg?shrink=80:80,False,
2026-08-25,케이스,"darkFlash,앱코",123993804,darkFlash DMO21 (블랙),22430,"미니ITX/지원보드규격:M-ATX,ITX/VGA 길이:300mm/CPU쿨러 높이:160mm/미니타워/[패널]/전면 패널 타입:일반(솔리드)/측면 패널 타입:통풍구/[쿨러/튜닝]/쿨링팬:총1개/후면:120mm x1/[크기]/너비(W):195mm/높이(H):387mm/깊이(D):325mm/[호환성]/파워 장착 길이:160mm/파워 위치:하단후면",https://img.danuri.io/catalog-image/804/993/123/011248d53fda428683747bdaab3bdf7a.jpeg?shrink=80:80,False,
2026-08-25,케이스,"darkFlash,앱코",93320456,앱코 UD50C 루시드 앰비언트 풀커브드 ARGB BTF (블랙),136400,"ATX 케이스/지원보드규격:ATX,ATX (후면커넥터),M-ATX,M-ATX (후면커넥터),M-ITX/VGA 길이:420mm/CPU쿨러 높이:160mm/미들타워/[패널]/전면 패널 타입:강화유리/측면 패널 타입:강화유리/[쿨러/튜닝]/쿨링팬:총4개/LED팬:4개/후면:120mm LED X1/내부 측면:120mm LED X3/[크기]/너비(W):285mm/깊이(D):460mm/높이(H):400mm/[호환성]/지원파워규격:표준-ATX/파워 장착 길이:210mmmm/파워 위치:상단/[부가기능]/외부 LED/팬 컨트롤/RGB 컨트롤/LED 색상:ARGB",https://img.danuri.io/catalog-image/456/320/093/43257e8431514ed5b649822011397da6.jpg?shrink=80:80,False,
2026-08-25,케이스,"darkFlash,앱코",122617905,darkFlash DLX ULTRA MESH ARGB (화이트),156000,"ATX 케이스/지원보드규격:E-ATX,ATX,ATX (후면커넥터),M-ATX,M-ATX (후면커넥터),ITX/VGA 길이:480mm/CPU쿨러 높이:190mm/빅타워/수직 PCI형태:슬롯변경형/[패널]/전면 패널 타입:메쉬/측면 패널 타입:통풍구/[쿨러/튜닝]/쿨링팬:총4개/LED팬:4개/후면:140mm LED x1/전면:140mm LED x3/[크기]/너비(W):249mm/높이(H):535mm/깊이(D):560mm/[호환성]/지원파워규격:표준-ATX/파워 장착 길이:260mm/파워 위치:하단후면/[부가기능]/LED 색상:ARGB",https://img.danuri.io/catalog-image/905/617/122/9c3118b4863d44c2abbe2e1b9904013f.jpeg?shrink=80:80,False,
2026-08-25,케이스,"darkFlash,앱코",122655451,darkFlash DPH70M ARGB (화이트),58950,"M-ATX 케이스/지원보드규격:M-ATX,ITX/VGA 길이:415mm/CPU쿨러 높이:160mm/미니타워/[패널]/전면 패널 타입:강화유리/측면 패널 타입:강화유리/[쿨러/튜닝]/쿨링팬:총3개/LED팬:3개/후면:120mm LED x1/내부 측면:120mm LED x2/[크기]/너비(W):275mm/높이(H):360mm/깊이(D):425mm/[호환성]/지원파워규격:표준-ATX/파워 장착 길이:180mm/파워 위치:하단후면/[부가기능]/LED 색상:ARGB",https://img.danuri.io/catalog-image/451/655/122/f8d3900254df4f5d8d142875f6d4ed55.jpeg?shrink=80:80,False,
2026-08-25,케이스,"darkFlash,앱코",122679640,darkFlash DRX90 AERO MESH RGB (블랙),59580,"ATX 케이스/지원보드규격:ATX,M-ATX,M-ITX/VGA 길이:395mm/CPU쿨러 높이:185mm/미들타워/[패널]/전면 패널 타입:메쉬/측면 패널 타입:통풍구/[쿨러/튜닝]/쿨링팬:총4개/LED팬:4개/후면:120mm LED x1/전면:120mm LED x3/[크기]/너비(W):230mm/높이(H):460mm/깊이(D):465mm/[호환성]/지원파워규격:표준-ATX/파워 장착 길이:280mm/파워 위치:하단후면/[부가기능]/LED 색상:RGB",https://img.danuri.io/catalog-image/640/679/122/a41512b6ec6d4d8a85475a3aaffc39da.jpeg?shrink=80:80,False,
2026-08-25,케이스,"darkFlash,앱코",105968039,앱코 UD51 엑시드 ARGB BTF (화이트),105160,"ATX 케이스/지원보드규격:E-ATX,ATX,ATX (후면커넥터),M-ATX,M-ATX (후면커넥터),M-ITX/VGA 길이:400mm/CPU쿨러 높이:160mm/미들타워/수직 PCI형태:슬롯변경형/[패널]/전면 패널 타입:강화유리/측면 패널 타입:강화유리/[쿨러/튜닝]/쿨링팬:총4개/LED팬:4개/후면:120mm LED x1/내부 측면:120mm LED x3/[크기]/너비(W):277mm/높이(H):430mm/깊이(D):443mm/[호환성]/지원파워규격:표준-ATX/파워 장착 길이:240mm/파워 위치:상단/[부가기능]/RGB 컨트롤/LED 색상:ARGB",https://img.danuri.io/catalog-image/039/968/105/cbb75564224245bb9cfbc38be6d1c507.jpg?shrink=80:80,False,
2026-08-25,케이스,"darkFlash,앱코",11884207,darkFlash DLX21 RGB MESH 강화유리 (화이트),102300,"ATX 케이스/지원보드규격:E-ATX,ATX,M-ATX,M-ITX/VGA 길이:400mm/CPU쿨러 높이:180mm/미들타워/[패널]/측면 패널 타입:강화유리/측면 개폐 방식:스윙도어/[쿨러/튜닝]/쿨링팬:총4개/LED팬:4개/후면:140mm LED x1/전면:140mm LED x3/[크기]/너비(W):233mm/깊이(D):448mm/높이(H):493mm/[호환성]/지원파워규격:표준-ATX/파워 장착 길이:235mm/파워 위치:하단후면/[부가기능]/RGB 컨트롤/LED 색상:RGB",https://img.danuri.io/catalog-image/207/884/011/e774353bdc4d45edb01e44a42641b88c.jpg?shrink=80:80,False,
2026-08-25,케이스,"darkFlash,앱코",32861099,darkFlash DS900 ARGB 강화유리 (블랙),64160,"ATX 케이스/지원보드규격:ATX,M-ATX,M-ITX/VGA 길이:425mm/CPU쿨러 높이:170mm/미들타워/[패널]/전면 패널 타입:강화유리/측면 패널 타입:강화유리/[쿨러/튜닝]/쿨링팬:총4개/LED팬:4개/후면:120mm LED x1/내부 측면:120mm LED x3/[크기]/너비(W):218mm/깊이(D):434mm/높이(H):454mm/[호환성]/지원파워규격:표준-ATX/파워 장착 길이:260mm/파워 위치:하단후면/[부가기능]/LED 색상:ARGB/[변경사항]/24년 4월 장착쿨링팬 C6 ARGB → C7 ARGB으로 변경 / 24년 8월 상단 라디에이터 120, 140, 240, 280, 360 →120, 240, 360으로 변경",https://img.danuri.io/catalog-image/099/861/032/a8c00370c99644488731eb02fddb5328.jpg?shrink=80:80,False,
2026-08-25,케이스,"darkFlash,앱코",16542008,darkFlash DK1000 MESH 강화유리 (블랙),68910,"ATX 케이스/지원보드규격:E-ATX,ATX,M-ATX/VGA 길이:355mm/CPU쿨러 높이:165mm/미들타워/[패널]/전면 패널 타입:메쉬/측면 패널 타입:강화유리/측면 개폐 방식:스윙도어/[쿨러/튜닝]/쿨링팬:총4개/후면:120mm x1/전면:140mm x3/[크기]/너비(W):215mm/깊이(D):415mm/높이(H):470mm/[호환성]/지원파워규격:표준-ATX/파워 장착 길이:245mm",https://img.danuri.io/catalog-image/008/542/016/1d7f04bad2764b2087c48c7ee01cf48a.jpg?shrink=80:80,False,
2026-08-25,케이스,"darkFlash,앱코",56138000,앱코 U20M 큐빅 미니 (블랙),35310,"M-ATX 케이스/지원보드규격:M-ATX,M-ITX/VGA 길이:350mm/CPU쿨러 높이:165mm/미니타워/[패널]/전면 패널 타입:강화유리/측면 패널 타입:강화유리/측면 개폐 방식:버튼/[쿨러/튜닝]/쿨링팬:총3개/LED팬:3개/후면:120mm LED x1/내부 측면:120mm LED x2/[크기]/너비(W):212mm/깊이(D):360mm/높이(H):435mm/[호환성]/지원파워규격:표준-ATX/파워 장착 길이:350mm/파워 위치:하단후면/[부가기능]/LED 색상:RGB",https://img.danuri.io/catalog-image/000/138/056/5eb1a011accd4ab0a584e64ad86efc97.jpg?shrink=80:80,False,
2026-08-25,케이스,"darkFlash,앱코",122678036,앱코 UD51L 엑시드 LCD 강화유리 ARGB BTF (블랙),0,"ATX 케이스/지원보드규격:ATX,ATX (후면커넥터),M-ATX,M-ATX (후면커넥터),ITX/VGA 길이:345mm/CPU쿨러 높이:160mm/미들타워/수직 PCI형태:슬롯변경형/[패널]/전면 패널 타입:강화유리/측면 패널 타입:강화유리/[쿨러/튜닝]/쿨링팬:총4개/LED팬:4개/후면:120mm LED x1/내부 측면:120mm LED x3/[크기]/너비(W):277mm/높이(H):430mm/깊이(D):443mm/[호환성]/지원파워규격:표준-ATX/파워 장착 길이:240mm/파워 위치:상단/[부가기능]/LED 색상:ARGB",https://img.danuri.io/catalog-image/036/678/122/5349cc43a49f4e8da27e645e30ce6239.jpeg?shrink=80:80,True,가격정보없음(판매준비/판매중지)
2026-08-25,케이스,"darkFlash,앱코",122699730,darkFlash DK200 NEO MESH RGB 식스팬 (블랙),44820,"ATX 케이스/지원보드규격:ATX,M-ATX,M-ITX/VGA 길이:340mm/CPU쿨러 높이:165mm/미들타워/[패널]/전면 패널 타입:메쉬/측면 패널 타입:강화유리/[쿨러/튜닝]/쿨링팬:총6개/LED팬:6개/후면:120mm LED x1/전면:120mm LED x3/상단:120mm LED x2/[크기]/너비(W):218mm/높이(H):447mm/깊이(D):396mm/[호환성]/지원파워규격:표준-ATX/파워 장착 길이:200mm/파워 위치:하단전면/[부가기능]/RGB 컨트롤/LED 색상:RGB",https://img.danuri.io/catalog-image/730/699/122/914b893abd574b24ae210dd731b948d0.jpeg?shrink=80:80,False,
2026-08-25,케이스,"darkFlash,앱코",105816371,darkFlash DS900 PRO ARGB (화이트),79030,"ATX 케이스/지원보드규격:ATX,M-ATX,ITX/VGA 길이:425mm/CPU쿨러 높이:170mm/미들타워/[패널]/전면 패널 타입:강화유리/측면 패널 타입:강화유리/[쿨러/튜닝]/쿨링팬:총4개/LED팬:4개/후면:120mm LED x1/내부 측면:120mm LED x3/[크기]/너비(W):218mm/깊이(D):434mm/높이(H):455mm/[호환성]/지원파워규격:표준-ATX/파워 장착 길이:260mm/파워 위치:하단후면/[부가기능]/팬 컨트롤/RGB 컨트롤/LED 색상:ARGB",https://img.danuri.io/catalog-image/371/816/105/ddf9777dfe5445b795ebe951aaf15686.jpg?shrink=80:80,False,
2026-08-25,케이스,"darkFlash,앱코",108390941,darkFlash DS950V ARGB 디스플레이 (블랙),97900,"ATX 케이스/지원보드규격:ATX,M-ATX,ITX/VGA 길이:400mm/CPU쿨러 높이:180mm/미들타워/[패널]/전면 패널 타입:강화유리/측면 패널 타입:강화유리/[쿨러/튜닝]/쿨링팬:총3개/LED팬:3개/후면:120mm LED x1/내부 측면:120mm LED x2/[크기]/너비(W):222mm/높이(H):465mm/깊이(D):450mm/[호환성]/지원파워규격:표준-ATX/파워 장착 길이:280mm/파워 위치:하단후면/[부가기능]/LED 색상:ARGB",https://img.danuri.io/catalog-image/941/390/108/26a19e26de884e41af0ca790478e696b.jpg?shrink=80:80,False,
2026-08-25,케이스,"darkFlash,앱코",72723323,darkFlash DQX80 ARGB BTF (화이트),93680,"ATX 케이스/지원보드규격:ATX,ATX (후면커넥터),M-ATX,M-ATX (후면커넥터),ITX/VGA 길이:415mm/CPU쿨러 높이:160mm/미들타워/[패널]/전면 패널 타입:강화유리/측면 패널 타입:강화유리/[쿨러/튜닝]/쿨링팬:총4개/LED팬:4개/후면:120mm/내부 측면:120mm/[크기]/너비(W):285mm/깊이(D):426mm/높이(H):448mm/[호환성]/지원파워규격:표준-ATX/파워 장착 길이:220mm/파워 위치:상단/[부가기능]/LED 색상:RGB",https://img.danuri.io/catalog-image/323/723/072/c4c95dbd16cb41a08e15d73c3f77bd87.jpg?shrink=80:80,False,
2026-08-25,케이스,"darkFlash,앱코",122679643,darkFlash DRX90 AERO MESH RGB (화이트),64880,"ATX 케이스/지원보드규격:ATX,M-ATX,M-ITX/VGA 길이:395mm/CPU쿨러 높이:185mm/미들타워/[패널]/전면 패널 타입:메쉬/측면 패널 타입:통풍구/[쿨러/튜닝]/쿨링팬:총4개/LED팬:4개/후면:120mm LED x1/전면:120mm LED x3/[크기]/너비(W):230mm/높이(H):460mm/깊이(D):465mm/[호환성]/지원파워규격:표준-ATX/파워 장착 길이:280mm/파워 위치:하단후면/[부가기능]/LED 색상:RGB",https://img.danuri.io/catalog-image/643/679/122/2e19b3fd3bf64b948c9e54e93f18c671.jpeg?shrink=80:80,False,
2026-08-25,케이스,"darkFlash,앱코",59762132,darkFlash DK301M RGB MESH 강화유리 (블랙),36850,"M-ATX 케이스/지원보드규격:M-ATX,M-ITX/VGA 길이:295mm/CPU쿨러 높이:160mm/미니타워/[패널]/전면 패널 타입:메쉬/측면 패널 타입:강화유리/[쿨러/튜닝]/쿨링팬:총3개/LED팬:3개/후면:120mm LED x1/전면:120mm LED x2/[크기]/너비(W):200mm/깊이(D):363mm/높이(H):385mm/[호환성]/지원파워규격:표준-ATX/파워 장착 길이:170mm/파워 위치:하단후면/[부가기능]/LED 색상:RGB",https://img.danuri.io/catalog-image/132/762/059/12b9e68a229a49e687950699f3c46a9c.jpg?shrink=80:80,False,
2026-08-25,케이스,"darkFlash,앱코",105816257,darkFlash DS900 PRO ARGB (블랙),74250,"ATX 케이스/지원보드규격:ATX,M-ATX,ITX/VGA 길이:425mm/CPU쿨러 높이:170mm/미들타워/[패널]/전면 패널 타입:강화유리/측면 패널 타입:강화유리/[쿨러/튜닝]/쿨링팬:총4개/LED팬:4개/후면:120mm LED x1/내부 측면:120mm LED x3/[크기]/너비(W):218mm/깊이(D):434mm/높이(H):455mm/[호환성]/지원파워규격:표준-ATX/파워 장착 길이:260mm/파워 위치:하단후면/[부가기능]/팬 컨트롤/RGB 컨트롤/LED 색상:ARGB",https://img.danuri.io/catalog-image/257/816/105/9058630d75604cf3974a98d4a23d3e92.jpg?shrink=80:80,False,
2026-08-25,케이스,"darkFlash,앱코",29905487,앱코 SUITMASTER M2000 NOVA ARGB 강화유리 (화이트),60500,"ATX 케이스/지원보드규격:ATX,M-ATX,ITX/VGA 길이:385mm/CPU쿨러 높이:190mm/미들타워/[패널]/전면 패널 타입:메쉬/측면 패널 타입:강화유리/[쿨러/튜닝]/쿨링팬:총4개/LED팬:4개/후면:140mm LED x1/전면:140mm LED x 3/[크기]/너비(W):250mm/깊이(D):487mm/높이(H):495mm/[호환성]/지원파워규격:표준-ATX/파워 장착 길이:145~250mm/파워 위치:하단후면/[부가기능]/LED 색상:ARGB",https://img.danuri.io/catalog-image/487/905/029/3c77aa6218934af0a08ccda2a68ad3f1.jpg?shrink=80:80,False,
2026-08-25,케이스,"darkFlash,앱코",108390974,darkFlash DS950V ARGB 디스플레이 (화이트),103080,"ATX 케이스/지원보드규격:ATX,M-ATX,ITX/VGA 길이:400mm/CPU쿨러 높이:180mm/미들타워/[패널]/전면 패널 타입:강화유리/측면 패널 타입:강화유리/[쿨러/튜닝]/쿨링팬:총3개/LED팬:3개/후면:120mm LED x1/내부 측면:120mm LED x2/[크기]/너비(W):222mm/높이(H):465mm/깊이(D):450mm/[호환성]/지원파워규격:표준-ATX/파워 장착 길이:280mm/파워 위치:하단후면/[부가기능]/LED 색상:ARGB",https://img.danuri.io/catalog-image/974/390/108/f128a81d304543bba59e536755251d70.jpg?shrink=80:80,False,
2026-08-25,케이스,"darkFlash,앱코",72723299,darkFlash DQX80 ARGB BTF (블랙),87760,"ATX 케이스/지원보드규격:ATX,ATX (후면커넥터),M-ATX,M-ATX (후면커넥터),ITX/VGA 길이:415mm/CPU쿨러 높이:160mm/미들타워/[패널]/전면 패널 타입:강화유리/측면 패널 타입:강화유리/[쿨러/튜닝]/쿨링팬:총4개/LED팬:4개/후면:120mm/내부 측면:120mm/[크기]/너비(W):285mm/깊이(D):426mm/높이(H):448mm/[호환성]/지원파워규격:표준-ATX/파워 장착 길이:220mm/파워 위치:상단/[부가기능]/LED 색상:RGB",https://img.danuri.io/catalog-image/299/723/072/b5f1abca276c483e967930dc42161da5.jpg?shrink=80:80,False,
2026-08-25,케이스,"darkFlash,앱코",56138012,앱코 U20M 큐빅 미니 (화이트),0,"M-ATX 케이스/지원보드규격:M-ATX,M-ITX/VGA 길이:350mm/CPU쿨러 높이:165mm/미니타워/[패널]/전면 패널 타입:강화유리/측면 패널 타입:강화유리/측면 개폐 방식:버튼/[쿨러/튜닝]/쿨링팬:총3개/LED팬:3개/후면:120mm LED x1/내부 측면:120mm LED x2/[크기]/너비(W):212mm/깊이(D):360mm/높이(H):435mm/[호환성]/지원파워규격:표준-ATX/파워 장착 길이:350mm/파워 위치:하단후면/[부가기능]/LED 색상:RGB",https://img.danuri.io/catalog-image/012/138/056/781b9bc8cb7549219f63bbd9ca8c27da.jpg?shrink=80:80,True,가격정보없음(판매준비/판매중지)
2026-08-25,케이스,"darkFlash,앱코",31413674,darkFlash DRX70 MESH RGB 강화유리 (블랙),54130,"ATX 케이스/지원보드규격:ATX,M-ATX,M-ITX/VGA 길이:355mm/CPU쿨러 높이:180mm/미들타워/[패널]/전면 패널 타입:메쉬/측면 패널 타입:강화유리/[쿨러/튜닝]/쿨링팬:총4개/LED팬:4개/후면:120mm LED x1/전면:120mm LED x3/[크기]/너비(W):230mm/깊이(D):396mm/높이(H):462mm/[호환성]/지원파워규격:표준-ATX/파워 장착 길이:220mm/[부가기능]/LED 색상:RGB",https://img.danuri.io/catalog-image/674/413/031/bb3568149db54ee3a41836994cce905e.jpg?shrink=80:80,False,
2026-08-25,케이스,"darkFlash,앱코",62071802,darkFlash DMO11 (화이트),24750,"M-ATX 케이스/지원보드규격:M-ATX,M-ITX/VGA 길이:270mm/CPU쿨러 높이:165mm/미니타워/[패널]/측면 패널 타입:통풍구/[쿨러/튜닝]/쿨링팬:총1개/후면:120mm x1/[크기]/너비(W):180mm/깊이(D):300mm/높이(H):355mm/[호환성]/지원파워규격:표준-ATX/파워 위치:상단",https://img.danuri.io/catalog-image/802/071/062/db6c6156c83a44d6992e437694f0a4f6.jpg?shrink=80:80,False,
2026-08-25,케이스,"darkFlash,앱코",122678063,앱코 UD51L 엑시드 LCD 강화유리 ARGB BTF (화이트),158500,"ATX 케이스/지원보드규격:ATX,ATX (후면커넥터),M-ATX,M-ATX (후면커넥터),ITX/VGA 길이:345mm/CPU쿨러 높이:160mm/미들타워/수직 PCI형태:슬롯변경형/[패널]/전면 패널 타입:강화유리/측면 패널 타입:강화유리/[쿨러/튜닝]/쿨링팬:총4개/LED팬:4개/후면:120mm LED x1/내부 측면:120mm LED x3/[크기]/너비(W):277mm/높이(H):430mm/깊이(D):443mm/[호환성]/지원파워규격:표준-ATX/파워 장착 길이:240mm/파워 위치:상단/[부가기능]/LED 색상:ARGB",https://img.danuri.io/catalog-image/063/678/122/a9931055705f4eb8bdf699e9bcf97305.jpeg?shrink=80:80,False,
2026-08-25,케이스,"darkFlash,앱코",91348985,앱코 UD20M 미니웨일 (화이트),0,"M-ATX 케이스/지원보드규격:M-ATX,M-ITX/VGA 길이:325mm/CPU쿨러 높이:155mm/미니타워/[패널]/전면 패널 타입:강화유리/측면 패널 타입:강화유리/[쿨러/튜닝]/쿨링팬:총3개/LED팬:3개/후면:120mm LED  x1/하단:120mm LED x2/[크기]/너비(W):335mm/깊이(D):275mm/높이(H):353mm/[호환성]/지원파워규격:표준-ATX/파워 장착 길이:210mm/파워 위치:하단후면/[부가기능]/LED 색상:RGB",https://img.danuri.io/catalog-image/985/348/091/6bb95b2963e14664976ea50be90c9843.jpg?shrink=80:80,True,가격정보없음(판매준비/판매중지)
2026-08-25,케이스,"darkFlash,앱코",91348970,앱코 UD20M 미니웨일 (블랙),25850,"M-ATX 케이스/지원보드규격:M-ATX,M-ITX/VGA 길이:325mm/CPU쿨러 높이:155mm/미니타워/[패널]/전면 패널 타입:강화유리/측면 패널 타입:강화유리/[쿨러/튜닝]/쿨링팬:총3개/LED팬:3개/후면:120mm LED  x1/하단:120mm LED x2/[크기]/너비(W):335mm/깊이(D):275mm/높이(H):353mm/[호환성]/지원파워규격:표준-ATX/파워 장착 길이:210mm/파워 위치:하단후면/[부가기능]/LED 색상:RGB",https://img.danuri.io/catalog-image/970/348/091/3ee04a03650e4167941e291ff12389c8.jpg?shrink=80:80,False,
2026-08-25,케이스,"darkFlash,앱코",122617755,darkFlash DLX ULTRA MESH (블랙),142880,"ATX 케이스/지원보드규격:E-ATX,ATX,ATX (후면커넥터),M-ATX,M-ATX (후면커넥터),ITX/VGA 길이:480mm/CPU쿨러 높이:190mm/빅타워/수직 PCI형태:슬롯변경형/[패널]/전면 패널 타입:메쉬/측면 패널 타입:통풍구/[쿨러/튜닝]/쿨링팬:총4개/후면:140mm x1/전면:140mm x3/[크기]/너비(W):249mm/높이(H):535mm/깊이(D):560mm/[호환성]/지원파워규격:표준-ATX/파워 장착 길이:260mm/파워 위치:하단후면",https://img.danuri.io/catalog-image/755/617/122/c27d979de0c54764bd03c4f7b5851445.jpeg?shrink=80:80,False,
2026-08-25,케이스,"darkFlash,앱코",101632583,앱코 U10M 큐빅 라이트 (블랙),20130,"M-ATX 케이스/지원보드규격:M-ATX,M-ITX/VGA 길이:300mm/CPU쿨러 높이:160mm/미니타워/[패널]/전면 패널 타입:강화유리/측면 패널 타입:강화유리/[쿨러/튜닝]/쿨링팬:총1개/LED팬:1개/후면:120mm LED x1/[크기]/너비(W):195mm/깊이(D):310mm/높이(H):422mm/[호환성]/지원파워규격:표준-ATX/파워 위치:하단후면/[부가기능]/LED 색상:RGB",https://img.danuri.io/catalog-image/583/632/101/e5bbdfc57c644866abe04a5286b7d594.jpg?shrink=80:80,False,
2026-08-25,케이스,"darkFlash,앱코",8043859,앱코 NCORE 언더바,24090,"ATX 케이스/지원보드규격:ATX,M-ATX,M-ITX/VGA 길이:310mm/CPU쿨러 높이:163mm/미들타워/[패널]/전면 패널 타입:일반(솔리드)/[쿨러/튜닝]/쿨링팬:총1개/후면:120mm x1/[크기]/너비(W):198mm/깊이(D):375mm/높이(H):413mm/[호환성]/지원파워규격:표준-ATX/파워 장착 길이:200mm/파워 위치:상단",https://img.danuri.io/catalog-image/859/043/008/4823a889b5ed48c5b939b359841c7d09.jpg?shrink=80:80,False,
2026-08-25,케이스,"darkFlash,앱코",31412510,앱코 O10M 오피스 라이트 (블랙),19980,"M-ATX 케이스/지원보드규격:M-ATX,M-ITX/VGA 길이:260mm/CPU쿨러 높이:135mm/미니타워/[패널]/전면 패널 타입:일반(솔리드)/측면 패널 타입:통풍구/[쿨러/튜닝]/쿨링팬:총1개/후면:80mm x1/[크기]/너비(W):160mm/깊이(D):284mm/높이(H):350mm/[호환성]/지원파워규격:표준-ATX/파워 장착 길이:250mm/파워 위치:상단",https://img.danuri.io/catalog-image/510/412/031/49556add4d2a4561b9d4211bd348fcc5.jpg?shrink=80:80,False,
2026-08-25,케이스,"darkFlash,앱코",13818002,darkFlash DLH21 (민트),103400,미니ITX/지원보드규격:M-ITX/VGA 길이:320mm/CPU쿨러 높이:134mm/미니ITX(리틀밸리)/지원파워규격:M-ATX(SFX)/수직 PCI형태:기본형/[패널]/전면 패널 타입:메쉬/[쿨러/튜닝]/쿨링팬:총1개/상단:92mm/[크기]/너비(W):175mm/높이(H):412mm/깊이(D):238mm/[호환성]/파워 장착 길이:125mm/파워 위치:하단후면/[부가기능]/외부 LED/LED 색상:RGB,https://img.danuri.io/catalog-image/002/818/013/9d200a6ea7034f5483e495bd487a7785.jpg?shrink=80:80,False,
2026-08-25,케이스,"darkFlash,앱코",71904299,darkFlash DP360 MESH RGB 강화유리 (블랙),46310,"ATX 케이스/지원보드규격:ATX,M-ATX,M-ITX/VGA 길이:350mm/CPU쿨러 높이:180mm/미들타워/[패널]/전면 패널 타입:메쉬/측면 패널 타입:강화유리/측면 개폐 방식:스윙도어/[쿨러/튜닝]/쿨링팬:총4개/LED팬:4개/후면:120mm LED x1/전면:120mm LED x3/[크기]/너비(W):230mm/깊이(D):390mm/높이(H):456mm/[호환성]/지원파워규격:표준-ATX/파워 장착 길이:215mm/파워 위치:하단후면/[부가기능]/LED 색상:RGB",https://img.danuri.io/catalog-image/299/904/071/af7e27aaefac45c298e6f304399df267.jpg?shrink=80:80,False,
2026-08-25,케이스,"darkFlash,앱코",99735548,darkFlash DY460 ARGB BTF (블랙),96910,"ATX 케이스/지원보드규격:ATX,ATX (후면커넥터),M-ATX,M-ATX (후면커넥터),ITX/VGA 길이:410mm/CPU쿨러 높이:175mm/미들타워/[패널]/전면 패널 타입:강화유리/측면 패널 타입:강화유리/[쿨러/튜닝]/쿨링팬:총4개/LED팬:4개/후면:120mm LED x1/전면:120mm LED x3/[크기]/너비(W):238mm/깊이(D):452mm/높이(H):541mm/지원파워규격:표준-ATX/파워 장착 길이:260mm/파워 위치:하단후면/[부가기능]/LED 색상:ARGB",https://img.danuri.io/catalog-image/548/735/099/82fd804d52c94aabbbbd51311d065bab.jpg?shrink=80:80,False,
2026-08-25,케이스,"darkFlash,앱코",68440877,darkFlash DY470 ARGB 강화유리 (화이트),127020,"ATX 케이스/지원보드규격:ATX,ATX (후면커넥터),M-ATX,M-ITX/VGA 길이:410mm/CPU쿨러 높이:175mm/미들타워/[패널]/전면 패널 타입:강화유리/측면 패널 타입:강화유리/[쿨러/튜닝]/쿨링팬:총4개/LED팬:4개/후면:120mm LED x1/내부 측면:120mm LED x3/[크기]/너비(W):298mm/깊이(D):473mm/높이(H):497mm/[호환성]/지원파워규격:표준-ATX/[부가기능]/LED 색상:ARGB",https://img.danuri.io/catalog-image/877/440/068/8b6c14fe4a074d0caf556c664fea293c.jpg?shrink=80:80,False,
2026-08-25,케이스,"darkFlash,앱코",99735608,darkFlash DY460 ARGB BTF (화이트),98260,"ATX 케이스/지원보드규격:ATX,ATX (후면커넥터),M-ATX,M-ATX (후면커넥터),ITX/VGA 길이:410mm/CPU쿨러 높이:175mm/미들타워/[패널]/전면 패널 타입:강화유리/측면 패널 타입:강화유리/[쿨러/튜닝]/쿨링팬:총4개/LED팬:4개/후면:120mm LED x1/전면:120mm LED x3/[크기]/너비(W):238mm/깊이(D):452mm/높이(H):541mm/지원파워규격:표준-ATX/파워 장착 길이:260mm/파워 위치:하단후면/[부가기능]/LED 색상:ARGB",https://img.danuri.io/catalog-image/608/735/099/ef8d438845a84e7c8484689caebbd49c.jpg?shrink=80:80,False,
2026-08-25,케이스,"darkFlash,앱코",28058570,앱코 G15 세이퍼 아크릴 (블랙),38720,"ATX 케이스/지원보드규격:ATX,M-ATX,M-ITX/VGA 길이:300mm/CPU쿨러 높이:160mm/미들타워/[패널]/전면 패널 타입:메쉬/측면 패널 타입:아크릴/[쿨러/튜닝]/쿨링팬:총4개/LED팬:4개/후면:120mm LED X1/전면:120mm LED X3/[크기]/너비(W):205mm/깊이(D):350mm/높이(H):445mm/[호환성]/지원파워규격:표준-ATX/파워 장착 길이:140~150mm/파워 위치:하단후면/[변경사항]/23년 10월 ssd 최대 3개 장착 → 2개로 변경",https://img.danuri.io/catalog-image/570/058/028/002345b696a04f94a966e3e4b2afc12f.jpg?shrink=80:80,False,
2026-08-25,케이스,"darkFlash,앱코",71904314,darkFlash DP360 MESH RGB 강화유리 (화이트),46090,"ATX 케이스/지원보드규격:ATX,M-ATX,M-ITX/VGA 길이:350mm/CPU쿨러 높이:180mm/미들타워/[패널]/전면 패널 타입:메쉬/측면 패널 타입:강화유리/측면 개폐 방식:스윙도어/[쿨러/튜닝]/쿨링팬:총4개/LED팬:4개/후면:120mm LED x1/전면:120mm LED x3/[크기]/너비(W):230mm/깊이(D):390mm/높이(H):456mm/[호환성]/지원파워규격:표준-ATX/파워 장착 길이:215mm/파워 위치:하단후면/[부가기능]/LED 색상:RGB",https://img.danuri.io/catalog-image/314/904/071/fb4b073d2f6a4f93933a45c87cd84101.jpg?shrink=80:80,False,
2026-08-25,케이스,"darkFlash,앱코",15063971,앱코 NCORE G30 트루포스 (화이트),45100,"ATX 케이스/지원보드규격:ATX,M-ATX,M-ITX/VGA 길이:340mm/CPU쿨러 높이:175mm/미들타워/[패널]/전면 패널 타입:메쉬/측면 패널 타입:강화유리/[쿨러/튜닝]/쿨링팬:총6개/LED팬:4개/후면:120mm LED x1/전면:120mm LED x3/상단:120mm x2/[크기]/너비(W):225mm/깊이(D):385mm/높이(H):485mm/[호환성]/지원파워규격:표준-ATX/파워 장착 길이:345mm/파워 위치:하단후면",https://img.danuri.io/catalog-image/971/063/015/41bc9ec32492446390378580c6d8add5.jpg?shrink=80:80,False,
2026-08-25,케이스,"darkFlash,앱코",101013629,darkFlash DS500M RGB (화이트),46200,"M-ATX 케이스/지원보드규격:M-ATX,ITX/VGA 길이:405mm/CPU쿨러 높이:165mm/미니타워/[패널]/전면 패널 타입:강화유리/측면 패널 타입:강화유리/[쿨러/튜닝]/쿨링팬:총3개/LED팬:3개/후면:120mm LED x1/내부 측면:120mm LED x2/[크기]/너비(W):210mm/깊이(D):413mm/높이(H):450mm/[호환성]/지원파워규격:표준-ATX/파워 장착 길이:230mm/파워 위치:하단후면/[부가기능]/LED 색상:RGB",https://img.danuri.io/catalog-image/629/013/101/7f1adc6202364e7498d74a316ecdbb01.jpg?shrink=80:80,False,
2026-08-25,케이스,"darkFlash,앱코",123134408,darkFlash FLOATRON F1 ARGB (블랙),125430,"ATX 케이스/지원보드규격:ATX,ATX (후면커넥터),M-ATX,M-ATX (후면커넥터),ITX/VGA 길이:415mm/CPU쿨러 높이:180mm/미들타워/[패널]/전면 패널 타입:강화유리/측면 패널 타입:강화유리/[크기]/너비(W):240mm/높이(H):464mm/깊이(D):452mm/[호환성]/지원파워규격:표준-ATX/파워 장착 길이:200mm/파워 위치:하단후면/[부가기능]/LED 색상:ARGB",https://img.danuri.io/catalog-image/408/134/123/c55c797ab0ec4c4383b1a5f259b59e1d.jpeg?shrink=80:80,False,
2026-08-25,케이스,"darkFlash,앱코",100271060,darkFlash DPF70 ARGB (블랙),64380,"ATX 케이스/지원보드규격:ATX,M-ATX,ITX/VGA 길이:410mm/CPU쿨러 높이:160mm/미들타워/[패널]/전면 패널 타입:강화유리/측면 패널 타입:강화유리/[쿨러/튜닝]/쿨링팬:총4개/LED팬:4개/후면:120mm LED x1/내부 측면:120mm LED x3/[크기]/너비(W):275mm/깊이(D):425mm/높이(H):398mm/[호환성]/지원파워규격:표준-ATX/파워 장착 길이:230mm/파워 위치:하단후면/[부가기능]/팬 컨트롤/RGB 컨트롤/LED 색상:ARGB",https://img.danuri.io/catalog-image/060/271/100/17c5b2e66116479f9781e26638026fbc.jpg?shrink=80:80,False,
2026-08-25,케이스,"darkFlash,앱코",99640955,앱코 G50 빅플로우 MESH ARGB BTF (화이트),108350,"ATX 케이스/지원보드규격:E-ATX,ATX,ATX (후면커넥터),M-ATX,M-ATX (후면커넥터),M-ITX/VGA 길이:408mm/CPU쿨러 높이:180mm/미들타워/[패널]/전면 패널 타입:메쉬/측면 패널 타입:강화유리/[쿨러/튜닝]/쿨링팬:총4개/LED팬:4개/후면:140mm LED x1/전면:140mm LED x3/[크기]/너비(W):238mm/깊이(D):479mm/높이(H):500mm/[호환성]/지원파워규격:표준-ATX/파워 장착 길이:240mm/파워 위치:하단후면/[부가기능]/팬 컨트롤/RGB 컨트롤/LED 색상:ARGB",https://img.danuri.io/catalog-image/955/640/099/a09c36d36f1140e480e46f6c64f16e43.jpg?shrink=80:80,False,
2026-08-25,케이스,"darkFlash,앱코",31413680,darkFlash DRX70 MESH RGB 강화유리 (화이트),56880,"ATX 케이스/지원보드규격:ATX,M-ATX,M-ITX/VGA 길이:355mm/CPU쿨러 높이:180mm/미들타워/[패널]/전면 패널 타입:메쉬/측면 패널 타입:강화유리/[쿨러/튜닝]/쿨링팬:총4개/LED팬:4개/후면:120mm LED x1/전면:120mm LED x3/[크기]/너비(W):230mm/깊이(D):396mm/높이(H):462mm/[호환성]/지원파워규격:표준-ATX/파워 장착 길이:220mm/[부가기능]/LED 색상:RGB",https://img.danuri.io/catalog-image/680/413/031/3b2cf641d62a47b2a0c9578776cb2af7.jpg?shrink=80:80,False,
2026-08-25,케이스,"darkFlash,앱코",72723491,darkFlash DCM30 RGB 강화유리 (블랙),34100,"ATX 케이스/지원보드규격:M-ATX,M-ITX/VGA 길이:325mm/CPU쿨러 높이:155mm/미니타워/[패널]/전면 패널 타입:강화유리/측면 패널 타입:강화유리/[쿨러/튜닝]/쿨링팬:총3개/LED팬:3개/후면:120mm/내부 측면:120mm/[크기]/너비(W):275mm/깊이(D):333mm/높이(H):323mm/[호환성]/지원파워규격:표준-ATX/파워 장착 길이:160mm/파워 위치:하단후면/[부가기능]/LED 색상:RGB",https://img.danuri.io/catalog-image/491/723/072/80bf43d0541b47c489d126b83bd3f92c.jpg?shrink=80:80,False,
2026-08-25,케이스,"darkFlash,앱코",93320471,앱코 UD50C 루시드 앰비언트 풀커브드 ARGB BTF (화이트),136400,"ATX 케이스/지원보드규격:ATX,ATX (후면커넥터),M-ATX,M-ATX (후면커넥터),M-ITX/VGA 길이:420mm/CPU쿨러 높이:160mm/미들타워/[패널]/전면 패널 타입:강화유리/측면 패널 타입:강화유리/[쿨러/튜닝]/쿨링팬:총4개/LED팬:4개/후면:120mm LED X1/내부 측면:120mm LED X3/[크기]/너비(W):285mm/깊이(D):460mm/높이(H):400mm/[호환성]/지원파워규격:표준-ATX/파워 장착 길이:210mmmm/파워 위치:상단/[부가기능]/외부 LED/팬 컨트롤/RGB 컨트롤/LED 색상:ARGB",https://img.danuri.io/catalog-image/471/320/093/c4a0b143536c4efeabb015071ee90c51.jpg?shrink=80:80,False,
2026-08-25,케이스,"darkFlash,앱코",17976938,darkFlash DK110,19800,"ATX 케이스/지원보드규격:ATX,M-ATX,M-ITX/VGA 길이:285mm/CPU쿨러 높이:160mm/미들타워/[패널]/측면 패널 타입:통풍구/[쿨러/튜닝]/쿨링팬:총1개/후면:120mm x1/[크기]/너비(W):190mm/깊이(D):344mm/높이(H):410mm/[호환성]/지원파워규격:표준-ATX/파워 위치:상단",https://img.danuri.io/catalog-image/938/976/017/d8d120bd27a945c28c80aac2389a1b1f.jpg?shrink=80:80,False,
2026-08-25,케이스,"darkFlash,앱코",123134410,darkFlash FLOATRON F1 ARGB (화이트 블랙),125370,"ATX 케이스/지원보드규격:ATX,ATX (후면커넥터),M-ATX,M-ATX (후면커넥터),ITX/VGA 길이:415mm/CPU쿨러 높이:180mm/미들타워/[패널]/전면 패널 타입:강화유리/측면 패널 타입:강화유리/[크기]/너비(W):240mm/높이(H):464mm/깊이(D):452mm/[호환성]/지원파워규격:표준-ATX/파워 장착 길이:200mm/파워 위치:하단후면/[부가기능]/LED 색상:ARGB",https://img.danuri.io/catalog-image/410/134/123/4954c6616da64bd1a0f1eacd6efde3e0.jpeg?shrink=80:80,False,
2026-08-25,케이스,"darkFlash,앱코",99889685,앱코 O31M 태스크 미니 (블랙),21010,"M-ATX 케이스/지원보드규격:M-ATX,M-ITX/VGA 길이:265mm/CPU쿨러 높이:160mm/미니타워/[패널]/전면 패널 타입:일반(솔리드)/측면 패널 타입:통풍구/[쿨러/튜닝]/쿨링팬:총1개/후면:120mm x1/[크기]/너비(W):185mm/깊이(D):318.75mm/높이(H):379mm/[호환성]/지원파워규격:표준-ATX/파워 장착 길이:160mm/파워 위치:하단후면",https://img.danuri.io/catalog-image/685/889/099/88188b5e7fcb450fbe0425f32bcdca96.jpg?shrink=80:80,False,
2026-08-25,케이스,"darkFlash,앱코",92187578,darkFlash DW500 우드 MESH RGB (블랙),68290,"ATX 케이스/지원보드규격:ATX,M-ATX,ITX/VGA 길이:425mm/CPU쿨러 높이:170mm/미들타워/[패널]/전면 패널 타입:메쉬/측면 패널 타입:강화유리/[쿨러/튜닝]/쿨링팬:총4개/LED팬:4개/후면:120mm LED x1/전면:120mm LED x3/[크기]/너비(W):218mm/깊이(D):470mm/높이(H):454mm/[호환성]/지원파워규격:표준-ATX/파워 장착 길이:260mm/파워 위치:하단후면/[부가기능]/LED 색상:RGB",https://img.danuri.io/catalog-image/578/187/092/13631001f4c84c25a7da51aa4f42b14b.jpg?shrink=80:80,False,
2026-08-25,케이스,"darkFlash,앱코",76946669,darkFlash DF4100 MESH ARGB BTF (블랙),78070,"ATX 케이스/지원보드규격:E-ATX,ATX,ATX (후면커넥터),M-ATX,M-ATX (후면커넥터),ITX/VGA 길이:435mm/CPU쿨러 높이:185mm/수직 PCI형태:슬롯변경형/[패널]/전면 패널 타입:메쉬/측면 패널 타입:강화유리/[쿨러/튜닝]/쿨링팬:총4개/LED팬:4개/후면:140mm LED x1/전면:140mm LED x3/[크기]/너비(W):235mm/깊이(D):485mm/높이(H):505mm/[호환성]/지원파워규격:표준-ATX/파워 장착 길이:250mm/파워 위치:하단후면/[부가기능]/RGB 컨트롤/LED 색상:ARGB",https://img.danuri.io/catalog-image/669/946/076/2692f842e18f44f597f93788328b77fa.jpg?shrink=80:80,False,
2026-08-25,케이스,"darkFlash,앱코",68574671,앱코 UD50 블루웨일 ARGB BTF (블랙),66440,"ATX 케이스/지원보드규격:ATX,ATX (후면커넥터),M-ATX,M-ATX (후면커넥터),M-ITX/VGA 길이:418mm/CPU쿨러 높이:160mm/미들타워/[패널]/전면 패널 타입:강화유리/측면 패널 타입:강화유리/[쿨러/튜닝]/쿨링팬:총4개/LED팬:4개/후면:120mm LED X1/내부 측면:120mm LED X3/[크기]/너비(W):285mm/깊이(D):426mm/높이(H):400mm/[호환성]/지원파워규격:표준-ATX/[부가기능]/LED 색상:ARGB",https://img.danuri.io/catalog-image/671/574/068/19fc01361e8145a994b332372f94bb2a.jpg?shrink=80:80,False,
2026-08-25,케이스,"darkFlash,앱코",89861651,darkFlash DCM33 RGB (화이트),38830,"M-ATX 케이스/지원보드규격:M-ATX,ITX/VGA 길이:325mm/CPU쿨러 높이:155mm/미니타워/[패널]/전면 패널 타입:강화유리/측면 패널 타입:강화유리/[쿨러/튜닝]/쿨링팬:총3개/LED팬:3개/후면:120mm LED x1/내부 측면:120mm LED x2/[크기]/너비(W):275mm/깊이(D):335mm/높이(H):327mm/[호환성]/지원파워규격:표준-ATX/파워 장착 길이:160mm/파워 위치:하단후면/[부가기능]/LED 색상:RGB",https://img.danuri.io/catalog-image/651/861/089/323c25acfa164417a5198189c94546ce.jpg?shrink=80:80,False,
2026-08-25,케이스,"darkFlash,앱코",91497413,darkFlash DY570 ARGB BTF (블랙),220870,"ATX 케이스/지원보드규격:ATX,ATX (후면커넥터),M-ATX,ITX/VGA 길이:400mm/CPU쿨러 높이:180mm/미들타워/수직 PCI형태:슬롯변경형/[패널]/전면 패널 타입:강화유리/측면 패널 타입:강화유리/[쿨러/튜닝]/쿨링팬:총4개/LED팬:4개/후면:120mm LED x1/내부 측면:120mm LED x3/[크기]/너비(W):30mm/깊이(D):479mm/높이(H):466mm/[호환성]/지원파워규격:표준-ATX/파워 장착 길이:200mm/파워 위치:상단/[부가기능]/팬 컨트롤/RGB 컨트롤/LED 색상:ARGB",https://img.danuri.io/catalog-image/413/497/091/14461fd29a3646e19845f377bc930222.jpg?shrink=80:80,False,
2026-08-25,케이스,"darkFlash,앱코",71904638,darkFlash DP430 MESH RGB 강화유리 (화이트),48550,"ATX 케이스/지원보드규격:ATX,M-ATX,M-ITX/VGA 길이:395mm/CPU쿨러 높이:180mm/미들타워/[패널]/전면 패널 타입:메쉬/측면 패널 타입:강화유리/측면 개폐 방식:스윙도어/[쿨러/튜닝]/쿨링팬:총4개/LED팬:4개/후면:120mm LED x1/전면:120mm LED x3/[크기]/너비(W):230mm/깊이(D):460mm/높이(H):456mm/[호환성]/지원파워규격:표준-ATX/파워 장착 길이:280mm/파워 위치:하단후면/[부가기능]/LED 색상:RGB",https://img.danuri.io/catalog-image/638/904/071/c9b84c970ba04ddd950c01bf91f34013.jpg?shrink=80:80,False,
2026-08-25,케이스,"darkFlash,앱코",18053684,darkFlash DK200 RGB ADVANCED 강화유리 (블랙),37400,"M-ATX 케이스/지원보드규격:M-ATX,M-ITX/VGA 길이:235~320mm/CPU쿨러 높이:160mm/미니타워/[패널]/전면 패널 타입:메쉬/측면 패널 타입:강화유리/[쿨러/튜닝]/쿨링팬:총4개/LED팬:4개/후면:120mm LED x1/전면:120mm LED x3/[크기]/너비(W):200mm/깊이(D):365mm/높이(H):441mm/[호환성]/지원파워규격:표준-ATX/파워 장착 길이:160~185mm/파워 위치:하단후면/[부가기능]/LED 색상:RGB",https://img.danuri.io/catalog-image/684/053/018/0ec2c0213f3f46b7af3a97c973153084.jpg?shrink=80:80,False,
2026-08-25,케이스,"darkFlash,앱코",60321872,darkFlash DS900M RGB 강화유리 (화이트),48870,"M-ATX 케이스/지원보드규격:M-ATX,M-ITX/VGA 길이:425mm/CPU쿨러 높이:170mm/미니타워/[패널]/전면 패널 타입:강화유리/측면 패널 타입:강화유리/[쿨러/튜닝]/쿨링팬:총3개/LED팬:3개/후면:120mm LED x1/내부 측면:120mm LED x2/[크기]/너비(W):218mm/깊이(D):434mm/높이(H):414mm/[호환성]/지원파워규격:표준-ATX/파워 장착 길이:260mm/파워 위치:하단후면/[부가기능]/LED 색상:RGB",https://img.danuri.io/catalog-image/872/321/060/1d574bd49b9642d2871c24b87ecd58e3.jpg?shrink=80:80,False,
2026-08-25,케이스,"darkFlash,앱코",101632598,앱코 U10M 큐빅 라이트 (화이트),22770,"M-ATX 케이스/지원보드규격:M-ATX,M-ITX/VGA 길이:300mm/CPU쿨러 높이:160mm/미니타워/[패널]/전면 패널 타입:강화유리/측면 패널 타입:강화유리/[쿨러/튜닝]/쿨링팬:총1개/LED팬:1개/후면:120mm LED x1/[크기]/너비(W):195mm/깊이(D):310mm/높이(H):422mm/[호환성]/지원파워규격:표준-ATX/파워 위치:하단후면/[부가기능]/LED 색상:RGB",https://img.danuri.io/catalog-image/598/632/101/1a2f430540dc40bcbce790aea209a21f.jpg?shrink=80:80,False,
2026-08-25,케이스,"darkFlash,앱코",80464100,darkFlash DB460M MESH RGB (블랙),42340,"M-ATX 케이스/지원보드규격:M-ATX,M-ITX/VGA 길이:420mm/CPU쿨러 높이:174mm/미니타워/[패널]/전면 패널 타입:메쉬/측면 패널 타입:강화유리/[쿨러/튜닝]/쿨링팬:총3개/LED팬:3개/후면:120mm LED x1/전면:120mm LED x2/[크기]/너비(W):220mm/깊이(D):469mm/높이(H):408mm/[호환성]/지원파워규격:표준-ATX/파워 장착 길이:240mm/파워 위치:하단후면/[부가기능]/LED 색상:RGB",https://img.danuri.io/catalog-image/100/464/080/b334e1703d8e4f89ab1ff10cabf53dab.jpg?shrink=80:80,False,
2026-08-25,케이스,"darkFlash,앱코",105967808,앱코 G31 오메가포스 세븐팬 (화이트),57200,"ATX 케이스/지원보드규격:ATX,M-ATX,M-ITX/VGA 길이:400mm/CPU쿨러 높이:165mm/미들타워/[패널]/전면 패널 타입:메쉬/측면 패널 타입:강화유리/[쿨러/튜닝]/쿨링팬:총7개/LED팬:7개/후면:120mm LED x1/전면:140mm LED x3/상단:120mm LED x3/[크기]/너비(W):212mm/높이(H):490mm/깊이(D):460mm/[호환성]/지원파워규격:표준-ATX/파워 장착 길이:200mm/파워 위치:하단후면/[부가기능]/RGB 컨트롤/LED 색상:RGB/[변경사항]/G31 오메가포스 → G31 오메가포스 세븐팬 으로 상품명 변경",https://img.danuri.io/catalog-image/808/967/105/2bdc8f4f0b4247ec966d34bf56b57569.jpg?shrink=80:80,False,
2026-08-25,케이스,"darkFlash,앱코",12996623,darkFlash DLH21 (핑크),103400,미니ITX/지원보드규격:M-ITX/VGA 길이:320mm/CPU쿨러 높이:134mm/미니ITX(리틀밸리)/지원파워규격:M-ATX(SFX)/수직 PCI형태:기본형/[패널]/전면 패널 타입:메쉬/[쿨러/튜닝]/쿨링팬:총1개/상단:92mm/[크기]/너비(W):175mm/높이(H):412mm/깊이(D):238mm/[호환성]/파워 장착 길이:125mm/파워 위치:하단후면/[부가기능]/외부 LED/LED 색상:RGB,https://img.danuri.io/catalog-image/623/996/012/2e6d34515894434797a29949bfb3980f.jpg?shrink=80:80,False,
2026-08-25,케이스,"darkFlash,앱코",68574686,앱코 UD50 블루웨일 ARGB BTF (화이트),70400,"ATX 케이스/지원보드규격:ATX,ATX (후면커넥터),M-ATX,M-ATX (후면커넥터),M-ITX/VGA 길이:418mm/CPU쿨러 높이:160mm/미들타워/[패널]/전면 패널 타입:강화유리/측면 패널 타입:강화유리/[쿨러/튜닝]/쿨링팬:총4개/LED팬:4개/후면:120mm LED X1/내부 측면:120mm LED X3/[크기]/너비(W):285mm/깊이(D):426mm/높이(H):400mm/[호환성]/지원파워규격:표준-ATX/[부가기능]/LED 색상:ARGB",https://img.danuri.io/catalog-image/686/574/068/9634c71dd0b244c781ee5d05aef23aa9.jpg?shrink=80:80,False,
2026-08-25,케이스,"darkFlash,앱코",89861615,darkFlash DCM33 RGB (블랙),36300,"M-ATX 케이스/지원보드규격:M-ATX,ITX/VGA 길이:325mm/CPU쿨러 높이:155mm/미니타워/[패널]/전면 패널 타입:강화유리/측면 패널 타입:강화유리/[쿨러/튜닝]/쿨링팬:총3개/LED팬:3개/후면:120mm LED x1/내부 측면:120mm LED x2/[크기]/너비(W):275mm/깊이(D):335mm/높이(H):327mm/[호환성]/지원파워규격:표준-ATX/파워 장착 길이:160mm/파워 위치:하단후면/[부가기능]/LED 색상:RGB",https://img.danuri.io/catalog-image/615/861/089/f4a68143884d481a8edbae6c89f037c6.jpg?shrink=80:80,False,
2026-08-25,케이스,"darkFlash,앱코",14705840,앱코 NCORE G30 트루포스 (블랙),49170,"ATX 케이스/지원보드규격:ATX,M-ATX,M-ITX/VGA 길이:340mm/CPU쿨러 높이:175mm/미들타워/[패널]/전면 패널 타입:메쉬/측면 패널 타입:강화유리/[쿨러/튜닝]/쿨링팬:총6개/LED팬:4개/후면:120mm LED x1/전면:120mm LED x3/상단:120mm x2/[크기]/너비(W):225mm/깊이(D):385mm/높이(H):485mm/[호환성]/지원파워규격:표준-ATX/파워 장착 길이:345mm/파워 위치:하단후면",https://img.danuri.io/catalog-image/840/705/014/dc9a6a43f70c49a3aae3fd06baef9968.jpg?shrink=80:80,False,
2026-08-25,케이스,"darkFlash,앱코",18190976,darkFlash DS5000 MESH 강화유리 (블랙),126500,"ATX 케이스/지원보드규격:E-ATX,ATX,M-ATX,M-ITX/VGA 길이:340mm/CPU쿨러 높이:185mm/미들타워/수직 PCI형태:슬롯변경형/[패널]/전면 패널 타입:메쉬/측면 패널 타입:강화유리/[쿨러/튜닝]/쿨링팬:총5개/후면:140mm x1/하단:120mm x4/[크기]/너비(W):245mm/깊이(D):538mm/높이(H):415mm/[호환성]/지원파워규격:표준-ATX/파워 장착 길이:200mm/파워 위치:측면/우측면 에어홀",https://img.danuri.io/catalog-image/976/190/018/85f983d7625749f2af5129d927dd1130.jpg?shrink=80:80,False,
2026-08-25,케이스,"darkFlash,앱코",73616639,앱코 SUITMASTER MF360 리얼우드 (블랙),74250,"ATX 케이스/지원보드규격:ATX,M-ATX,M-ITX/VGA 길이:410mm/CPU쿨러 높이:165mm/미들타워/[패널]/측면 패널 타입:강화유리/측면 개폐 방식:스윙도어/[쿨러/튜닝]/쿨링팬:총4개/후면:120mm x1/전면:140mm x3/[크기]/너비(W):210mm/깊이(D):465mm/높이(H):485mm/[호환성]/지원파워규격:표준-ATX/파워 장착 길이:250mm/파워 위치:하단후면",https://img.danuri.io/catalog-image/639/616/073/7572ca1f9c884f2e9a6d83413e3823ee.jpg?shrink=80:80,False,
2026-08-25,케이스,"darkFlash,앱코",101013590,darkFlash DS500M RGB (블랙),42460,"M-ATX 케이스/지원보드규격:M-ATX,ITX/VGA 길이:405mm/CPU쿨러 높이:165mm/미니타워/[패널]/전면 패널 타입:강화유리/측면 패널 타입:강화유리/[쿨러/튜닝]/쿨링팬:총3개/LED팬:3개/후면:120mm LED x1/내부 측면:120mm LED x2/[크기]/너비(W):210mm/깊이(D):413mm/높이(H):450mm/[호환성]/지원파워규격:표준-ATX/파워 장착 길이:230mm/파워 위치:하단후면/[부가기능]/LED 색상:RGB",https://img.danuri.io/catalog-image/590/013/101/6eb2f492975c43de8a751732a5aa3c17.jpg?shrink=80:80,False,
2026-08-25,케이스,"darkFlash,앱코",76946687,darkFlash DF4100 MESH ARGB BTF (화이트),83990,"ATX 케이스/지원보드규격:E-ATX,ATX,ATX (후면커넥터),M-ATX,M-ATX (후면커넥터),ITX/VGA 길이:435mm/CPU쿨러 높이:185mm/수직 PCI형태:슬롯변경형/[패널]/전면 패널 타입:메쉬/측면 패널 타입:강화유리/[쿨러/튜닝]/쿨링팬:총4개/LED팬:4개/후면:140mm LED x1/전면:140mm LED x3/[크기]/너비(W):235mm/깊이(D):485mm/높이(H):505mm/[호환성]/지원파워규격:표준-ATX/파워 장착 길이:250mm/파워 위치:하단후면/[부가기능]/RGB 컨트롤/LED 색상:ARGB",https://img.danuri.io/catalog-image/687/946/076/b0ac9844007141ef9eebdd7c1d789bb8.jpg?shrink=80:80,False,
2026-08-25,케이스,"darkFlash,앱코",64392029,앱코 U40M 웨일샤크 ARGB BTF (블랙),56320,"M-ATX 케이스/지원보드규격:M-ATX,M-ATX (후면커넥터),M-ITX/VGA 길이:410mm/CPU쿨러 높이:160mm/미니타워/[패널]/전면 패널 타입:강화유리/측면 패널 타입:강화유리/측면 개폐 방식:버튼/[쿨러/튜닝]/쿨링팬:총3개/LED팬:3개/후면:120mm LED x1/내부 측면:120mm LED x2/[크기]/너비(W):218mm/깊이(D):420mm/높이(H):395mm/[호환성]/지원파워규격:표준-ATX/파워 장착 길이:240mm/파워 위치:하단후면/[부가기능]/LED 색상:ARGB",https://img.danuri.io/catalog-image/029/392/064/9dca9f2d2962473594c03e9ad552edc8.jpg?shrink=80:80,False,
2026-08-25,케이스,"darkFlash,앱코",60321833,darkFlash DS900M RGB 강화유리 (블랙),47300,"M-ATX 케이스/지원보드규격:M-ATX,M-ITX/VGA 길이:425mm/CPU쿨러 높이:170mm/미니타워/[패널]/전면 패널 타입:강화유리/측면 패널 타입:강화유리/[쿨러/튜닝]/쿨링팬:총3개/LED팬:3개/후면:120mm LED x1/내부 측면:120mm LED x2/[크기]/너비(W):218mm/깊이(D):434mm/높이(H):414mm/[호환성]/지원파워규격:표준-ATX/파워 장착 길이:260mm/파워 위치:하단후면/[부가기능]/LED 색상:RGB",https://img.danuri.io/catalog-image/833/321/060/24e23ad947f34b41bb7b1e1fa355f7e0.jpg?shrink=80:80,False,
2026-08-25,케이스,"darkFlash,앱코",49645922,darkFlash DRX90 MESH RGB 강화유리 (블랙),58210,"ATX 케이스/지원보드규격:ATX,M-ATX,M-ITX/VGA 길이:395mm/CPU쿨러 높이:185mm/미들타워/[패널]/전면 패널 타입:메쉬/측면 패널 타입:강화유리/[쿨러/튜닝]/쿨링팬:총4개/LED팬:4개/후면:120mm LED X1/전면:120mm LED X3/[크기]/너비(W):230mm /깊이(D):465mm/높이(H):460mm/[호환성]/지원파워규격:표준-ATX/파워 장착 길이:280mm/파워 위치:하단후면/[부가기능]/LED 색상:RGB",https://img.danuri.io/catalog-image/922/645/049/efa2c6f593234876b4ada74a781e81e9.jpg?shrink=80:80,False,
2026-08-25,케이스,"darkFlash,앱코",94088744,앱코 G26 메가플로우 MESH (화이트),46420,"ATX 케이스/지원보드규격:ATX,M-ATX,M-ITX/VGA 길이:400mm/CPU쿨러 높이:165mm/미들타워/[패널]/전면 패널 타입:메쉬/측면 패널 타입:강화유리/[쿨러/튜닝]/쿨링팬:총3개/LED팬:3개/후면:120mm LED x1/전면:140mm LED x2/[크기]/너비(W):212mm/깊이(D):420mm/높이(H):485mm/[호환성]/지원파워규격:표준-ATX/파워 장착 길이:200mm/파워 위치:하단후면/[부가기능]/LED 색상:RGB",https://img.danuri.io/catalog-image/744/088/094/0b9c4c9f7d1149d580feea53842d2fc2.jpg?shrink=80:80,False,
2026-08-25,케이스,"darkFlash,앱코",86098574,darkFlash DS900 ARGB 강화유리 (블랙 우드),64070,"ATX 케이스/지원보드규격:ATX,M-ATX,ITX/VGA 길이:425mm/CPU쿨러 높이:170mm/미들타워/[패널]/전면 패널 타입:강화유리/측면 패널 타입:강화유리/[쿨러/튜닝]/쿨링팬:총4개/LED팬:4개/후면:120mm LED x1/내부 측면:120mm LED x3/[크기]/너비(W):218mm/깊이(D):434mm/높이(H):454mm/[호환성]/지원파워규격:표준-ATX/파워 장착 길이:260mm/파워 위치:하단후면/[부가기능]/LED 색상:ARGB",https://img.danuri.io/catalog-image/574/098/086/69ff0e2f9f4d45618173511b85e80b3f.jpg?shrink=80:80,False,
2026-08-25,케이스,"darkFlash,앱코",17525405,darkFlash DLX200 MESH RGB 강화유리 (화이트),0,"ATX 케이스/지원보드규격:E-ATX,ATX,M-ATX,ITX/VGA 길이:395mm/CPU쿨러 높이:180mm/미들타워/[패널]/전면 패널 타입:메쉬/측면 패널 타입:강화유리/측면 개폐 방식:스윙도어/[쿨러/튜닝]/쿨링팬:총4개/LED팬:4개/후면:140mm LED x1/전면:140mm LED x3/[크기]/너비(W):233mm/깊이(D):468mm/높이(H):495mm/[호환성]/지원파워규격:표준-ATX/파워 장착 길이:240mm/파워 위치:하단후면/[부가기능]/외부LED 컨트롤/LED 색상:RGB",https://img.danuri.io/catalog-image/405/525/017/de6348f4a99d49688d7d4877a5474893.jpg?shrink=80:80,True,가격정보없음(판매준비/판매중지)
2026-08-25,케이스,"darkFlash,앱코",76160312,앱코 UH40 킬러웨일 ARGB (블랙),64900,"ATX 케이스/지원보드규격:ATX,M-ATX,M-ITX/VGA 길이:410mm/CPU쿨러 높이:165mm/미들타워/[패널]/전면 패널 타입:강화유리/측면 패널 타입:강화유리/[쿨러/튜닝]/쿨링팬:총5개/LED팬:5개/후면:120mm LED x1/하단:120mm LED x1/내부 측면:120mm LED x3/[크기]/너비(W):212mm/깊이(D):435mm/높이(H):490mm/[호환성]/지원파워규격:표준-ATX/파워 장착 길이:180mm/파워 위치:하단후면/[부가기능]/LED 색상:ARGB",https://img.danuri.io/catalog-image/312/160/076/e3d39b25ddd44376a122aec9e620b730.jpg?shrink=80:80,False,
2026-08-25,케이스,"darkFlash,앱코",9376491,darkFlash DLM21 RGB MESH 강화유리 (화이트),58540,"M-ATX 케이스/지원보드규격:M-ATX,M-ITX/VGA 길이:330mm/CPU쿨러 높이:160mm/미니타워/[패널]/전면 패널 타입:메쉬/측면 패널 타입:강화유리/측면 개폐 방식:스윙도어/[쿨러/튜닝]/쿨링팬:총4개/LED팬:4개/후면:120mm LED x1/전면:120mm LED x3/[크기]/너비(W):208mm/깊이(D):376mm/높이(H):425mm/[호환성]/지원파워규격:표준-ATX/파워 장착 길이:210mm/파워 위치:하단후면/[부가기능]/RGB 컨트롤/LED 색상:RGB/[변경사항]/24년 7월 전면팬 120mm LED x2 → x3 으로 변경 / 후면팬 C6M → C6AM 변경",https://img.danuri.io/catalog-image/491/376/009/b47f6f813e56433f844704f19c759f2c.jpg?shrink=80:80,False,
2026-08-25,케이스,"darkFlash,앱코",94088714,앱코 G26 메가플로우 MESH (블랙),40370,"ATX 케이스/지원보드규격:ATX,M-ATX,M-ITX/VGA 길이:400mm/CPU쿨러 높이:165mm/미들타워/[패널]/전면 패널 타입:메쉬/측면 패널 타입:강화유리/[쿨러/튜닝]/쿨링팬:총3개/LED팬:3개/후면:120mm LED x1/전면:140mm LED x2/[크기]/너비(W):212mm/깊이(D):420mm/높이(H):485mm/[호환성]/지원파워규격:표준-ATX/파워 장착 길이:200mm/파워 위치:하단후면/[부가기능]/LED 색상:RGB",https://img.danuri.io/catalog-image/714/088/094/99219179c3764cc793456fb10b76b248.jpg?shrink=80:80,False,
2026-08-25,케이스,"darkFlash,앱코",13381634,darkFlash DK200 RGB 강화유리 (화이트),44740,"ATX 케이스/지원보드규격:ATX,M-ATX,M-ITX/VGA 길이:320mm/CPU쿨러 높이:160mm/미들타워/[패널]/전면 패널 타입:메쉬/측면 패널 타입:강화유리/[쿨러/튜닝]/쿨링팬:총6개/LED팬:4개/후면:120mm LED x1/전면:120mm LED x3/상단:120mm x2/[크기]/너비(W):200mm/깊이(D):365mm/높이(H):441mm/[호환성]/지원파워규격:표준-ATX/파워 장착 길이:185mm/파워 위치:하단후면/[부가기능]/LED 색상:RGB/[변경사항]/24년 6월 팬 LED ON/OFF 버튼 추가",https://img.danuri.io/catalog-image/634/381/013/07ce7a2802a34ec2a0a2212d8ab7cdf8.jpg?shrink=80:80,False,
2026-08-25,케이스,"darkFlash,앱코",64392077,앱코 U40M 웨일샤크 ARGB BTF (화이트),0,"M-ATX 케이스/지원보드규격:M-ATX,M-ATX (후면커넥터),M-ITX/VGA 길이:410mm/CPU쿨러 높이:160mm/미니타워/[패널]/전면 패널 타입:강화유리/측면 패널 타입:강화유리/측면 개폐 방식:버튼/[쿨러/튜닝]/쿨링팬:총3개/LED팬:3개/후면:120mm LED x1/내부 측면:120mm LED x2/[크기]/너비(W):218mm/깊이(D):420mm/높이(H):395mm/[호환성]/지원파워규격:표준-ATX/파워 장착 길이:240mm/파워 위치:하단후면/[부가기능]/LED 색상:ARGB",https://img.danuri.io/catalog-image/077/392/064/43c1b8d9af27453b8d7d20eb0ad2477b.jpg?shrink=80:80,True,가격정보없음(판매준비/판매중지)
2026-08-25,케이스,"darkFlash,앱코",91497431,darkFlash DY570 ARGB BTF (화이트),224610,"ATX 케이스/지원보드규격:ATX,ATX (후면커넥터),M-ATX,ITX/VGA 길이:400mm/CPU쿨러 높이:180mm/미들타워/수직 PCI형태:슬롯변경형/[패널]/전면 패널 타입:강화유리/측면 패널 타입:강화유리/[쿨러/튜닝]/쿨링팬:총4개/LED팬:4개/후면:120mm LED x1/내부 측면:120mm LED x3/[크기]/너비(W):30mm/깊이(D):479mm/높이(H):466mm/[호환성]/지원파워규격:표준-ATX/파워 장착 길이:200mm/파워 위치:상단/[부가기능]/팬 컨트롤/RGB 컨트롤/LED 색상:ARGB",https://img.danuri.io/catalog-image/431/497/091/7846a92f932740669a6e20b4358c0c37.jpg?shrink=80:80,False,
2026-08-25,케이스,"darkFlash,앱코",13381619,darkFlash DK200 RGB 강화유리 (블랙),42090,"ATX 케이스/지원보드규격:ATX,M-ATX,M-ITX/VGA 길이:320mm/CPU쿨러 높이:160mm/미들타워/[패널]/전면 패널 타입:메쉬/측면 패널 타입:강화유리/[쿨러/튜닝]/쿨링팬:총6개/LED팬:4개/후면:120mm LED x1/전면:120mm LED x3/상단:120mm x2/[크기]/너비(W):200mm/깊이(D):365mm/높이(H):441mm/[호환성]/지원파워규격:표준-ATX/파워 장착 길이:185mm/파워 위치:하단후면/[부가기능]/LED 색상:RGB/[변경사항]/24년 6월 팬 LED ON/OFF 버튼 추가",https://img.danuri.io/catalog-image/619/381/013/103ae32ce4e04852a3ecdc1ed828fab7.jpg?shrink=80:80,False,
2026-08-25,케이스,"darkFlash,앱코",2932047,앱코 NCORE NBOX 탱고,0,"M-ATX 케이스/지원보드규격:M-ATX,M-ITX/VGA 길이:최대 250mm/CPU쿨러 높이:최대 135mm/미니타워/[패널]/측면 패널 타입:통풍구/후면:80mm/[크기]/너비(W):167mm/깊이(D):300mm/높이(H):352mm/[호환성]/지원파워규격:표준-ATX/파워 위치:상단/[변경사항]/2020년 2월 내부 섀시 변경",https://img.danuri.io/catalog-image/047/932/002/7ef0fec93d634270ba5882d234af575b.jpg?shrink=80:80,True,가격정보없음(판매준비/판매중지)
2026-08-25,케이스,"darkFlash,앱코",93804113,darkFlash DS900G ARGB (블랙),82700,"ATX 케이스/지원보드규격:ATX,M-ATX,ITX/VGA 길이:425mm/CPU쿨러 높이:170mm/미들타워/[패널]/전면 패널 타입:강화유리/측면 패널 타입:강화유리/[쿨러/튜닝]/쿨링팬:총4개/LED팬:4개/후면:120mm LED x1/내부 측면:120mm LED x3/[크기]/너비(W):218mm/깊이(D):434mm/높이(H):454mm/[호환성]/지원파워규격:표준-ATX/파워 장착 길이:260mm/파워 위치:하단후면/[부가기능]/LED 색상:ARGB",https://img.danuri.io/catalog-image/113/804/093/5c0af5984d4e494c9df42a74451dedd3.jpg?shrink=80:80,False,
2026-08-25,케이스,"darkFlash,앱코",80468717,darkFlash DB460M MESH RGB (화이트),45890,"M-ATX 케이스/지원보드규격:M-ATX,M-ITX/VGA 길이:420mm/CPU쿨러 높이:174mm/미니타워/[패널]/전면 패널 타입:메쉬/측면 패널 타입:강화유리/[쿨러/튜닝]/쿨링팬:총3개/LED팬:3개/후면:120mm LED x1/전면:120mm LED x2/[크기]/너비(W):220mm/깊이(D):469mm/높이(H):408mm/[호환성]/지원파워규격:표준-ATX/파워 장착 길이:240mm/파워 위치:하단후면/[부가기능]/LED 색상:RGB",https://img.danuri.io/catalog-image/717/468/080/4523128f93404dacbb15c83b711486d0.jpg?shrink=80:80,False,
2026-08-25,케이스,"darkFlash,앱코",72723506,darkFlash DCM30 RGB 강화유리 (화이트),38830,"ATX 케이스/지원보드규격:M-ATX,M-ITX/VGA 길이:325mm/CPU쿨러 높이:155mm/미니타워/[패널]/전면 패널 타입:강화유리/측면 패널 타입:강화유리/[쿨러/튜닝]/쿨링팬:총3개/LED팬:3개/후면:120mm/내부 측면:120mm/[크기]/너비(W):275mm/깊이(D):333mm/높이(H):323mm/[호환성]/지원파워규격:표준-ATX/파워 장착 길이:160mm/파워 위치:하단후면/[부가기능]/LED 색상:RGB",https://img.danuri.io/catalog-image/506/723/072/084aa3917b7146559b5175e2441d6c26.jpg?shrink=80:80,False,
2026-08-25,케이스,"darkFlash,앱코",27922328,앱코 O20M 오피스 (블랙),23870,"M-ATX 케이스/지원보드규격:M-ATX,M-ITX/VGA 길이:260mm/CPU쿨러 높이:145mm/미니타워/[패널]/측면 패널 타입:통풍구/[쿨러/튜닝]/쿨링팬:총1개/후면:92mm x1/[크기]/너비(W):165mm/깊이(D):280mm/높이(H):350mm/[호환성]/지원파워규격:표준-ATX/파워 장착 길이:140~275mm/파워 위치:상단",https://img.danuri.io/catalog-image/328/922/027/a7639444f5984e42b84c8fd675b92a4a.jpg?shrink=80:80,False,
2026-08-25,케이스,"darkFlash,앱코",122617825,darkFlash DLX ULTRA MESH (화이트),146180,"ATX 케이스/지원보드규격:E-ATX,ATX,ATX (후면커넥터),M-ATX,M-ATX (후면커넥터),ITX/VGA 길이:480mm/CPU쿨러 높이:190mm/빅타워/수직 PCI형태:슬롯변경형/[패널]/전면 패널 타입:메쉬/측면 패널 타입:통풍구/[쿨러/튜닝]/쿨링팬:총4개/후면:140mm x1/전면:140mm x3/[크기]/너비(W):249mm/높이(H):535mm/깊이(D):560mm/[호환성]/지원파워규격:표준-ATX/파워 장착 길이:260mm/파워 위치:하단후면",https://img.danuri.io/catalog-image/825/617/122/257bb02dbc02486aba0503c38f1bac91.jpeg?shrink=80:80,False,
2026-08-25,케이스,"darkFlash,앱코",94880948,darkFlash DS900XL 우드 ARGB (블랙),97720,"ATX 케이스/지원보드규격:ATX,ATX (후면커넥터),M-ATX,M-ATX (후면커넥터),ITX/VGA 길이:420mm/CPU쿨러 높이:180mm/미들타워/수직 PCI형태:슬롯변경형/[패널]/전면 패널 타입:강화유리/측면 패널 타입:강화유리/[쿨러/튜닝]/쿨링팬:총4개/LED팬:4개/후면:140mm LED x1/내부 측면:140mm LED x3/[크기]/너비(W):258mm/깊이(D):450m/높이(H):491mm/[호환성]/지원파워규격:표준-ATX/파워 장착 길이:280mm/파워 위치:하단후면/[부가기능]/RGB 컨트롤/LED 색상:ARGB",https://img.danuri.io/catalog-image/948/880/094/6f042022bcce45ebacc38331a1571499.jpg?shrink=80:80,False,
2026-08-25,케이스,"darkFlash,앱코",17584208,darkFlash VB-X 4.0 라이저 케이블 지지대 KIT 215mm (화이트),0,액세서리/라이저 케이블/길이: 215mm / PCIe 4.0x16 지원,https://img.danuri.io/catalog-image/208/584/017/1eeb4e64fe1f44ceb8df4852c68ea3f3.jpg?shrink=80:80,True,"가격정보없음(판매준비/판매중지),액세서리(대상부품아님)"
2026-08-25,케이스,"darkFlash,앱코",92187584,darkFlash DW500 우드 MESH RGB (화이트),73630,"ATX 케이스/지원보드규격:ATX,M-ATX,ITX/VGA 길이:425mm/CPU쿨러 높이:170mm/미들타워/[패널]/전면 패널 타입:메쉬/측면 패널 타입:강화유리/[쿨러/튜닝]/쿨링팬:총4개/LED팬:4개/후면:120mm LED x1/전면:120mm LED x3/[크기]/너비(W):218mm/깊이(D):470mm/높이(H):454mm/[호환성]/지원파워규격:표준-ATX/파워 장착 길이:260mm/파워 위치:하단후면/[부가기능]/LED 색상:RGB",https://img.danuri.io/catalog-image/584/187/092/23949fccbf19454fbb7236cec89cc6bc.jpg?shrink=80:80,False,
2026-08-25,케이스,"darkFlash,앱코",68440847,darkFlash DY470 ARGB 강화유리 (블랙),123200,"ATX 케이스/지원보드규격:ATX,ATX (후면커넥터),M-ATX,M-ITX/VGA 길이:410mm/CPU쿨러 높이:175mm/미들타워/[패널]/전면 패널 타입:강화유리/측면 패널 타입:강화유리/[쿨러/튜닝]/쿨링팬:총4개/LED팬:4개/후면:120mm LED x1/내부 측면:120mm LED x3/[크기]/너비(W):298mm/깊이(D):473mm/높이(H):497mm/[호환성]/지원파워규격:표준-ATX/[부가기능]/LED 색상:ARGB",https://img.danuri.io/catalog-image/847/440/068/4d043e209e7c45aba6adc875181ad00b.jpg?shrink=80:80,False,
2026-08-25,케이스,"darkFlash,앱코",96308750,앱코 C10M 컴팩트 (블랙),0,"M-ATX 케이스/지원보드규격:M-ATX,M-ITX/VGA 길이:230mm/CPU쿨러 높이:145mm/미니타워/[패널]/전면 패널 타입:일반(솔리드)/측면 패널 타입:통풍구/[쿨러/튜닝]/쿨링팬:총1개/후면:80mm x1/[크기]/너비(W):168mm/높이(H):340mm/깊이(D):258mm/[호환성]/지원파워규격:표준-ATX/파워 장착 길이:160mm/파워 위치:상단",https://img.danuri.io/catalog-image/750/308/096/cd36892bc6c64d558efb4a6c74d3a79e.jpg?shrink=80:80,True,가격정보없음(판매준비/판매중지)
2026-08-25,케이스,"darkFlash,앱코",15894449,앱코 SUITMASTER H2000 스마트 쿨링 (화이트),78650,"ATX 케이스/지원보드규격:ATX,M-ATX/VGA 길이:410mm/CPU쿨러 높이:180mm/미들타워/수직 PCI형태:기본형/[패널]/측면 패널 타입:통풍구/[쿨러/튜닝]/쿨링팬:총4개/후면:140mm x1/전면:140mm x3/[크기]/너비(W):230mm/깊이(D):480mm/높이(H):485mm/[호환성]/지원파워규격:표준-ATX/파워 장착 길이:230mm/파워 위치:하단후면",https://img.danuri.io/catalog-image/449/894/015/807fe592a21e46b0beb95ddab51a53ec.jpg?shrink=80:80,False,
2026-08-25,케이스,"darkFlash,앱코",17783147,darkFlash DK360 MESH RGB 강화유리 (화이트),52150,"ATX 케이스/지원보드규격:ATX,M-ATX,M-ITX/VGA 길이:350mm/CPU쿨러 높이:160mm/미들타워/[패널]/전면 패널 타입:메쉬/측면 패널 타입:강화유리/[쿨러/튜닝]/쿨링팬:총3개/LED팬:3개/후면:120mm LED x1/전면:185mm LED x2/[크기]/너비(W):210mm/깊이(D):405mm/높이(H):475mm/[호환성]/지원파워규격:표준-ATX/파워 장착 길이:210~360mm/파워 위치:하단후면/[부가기능]/외부LED 컨트롤/LED 색상:RGB",https://img.danuri.io/catalog-image/147/783/017/d5153467b1954d61ad1b62c00d1587da.jpg?shrink=80:80,False,
2026-08-25,케이스,"darkFlash,앱코",18190991,darkFlash DS5000 MESH 강화유리 (화이트),130230,"ATX 케이스/지원보드규격:E-ATX,ATX,M-ATX,M-ITX/VGA 길이:340mm/CPU쿨러 높이:185mm/미들타워/수직 PCI형태:슬롯변경형/[패널]/전면 패널 타입:메쉬/측면 패널 타입:강화유리/[쿨러/튜닝]/쿨링팬:총5개/후면:140mm x1/하단:120mm x4/[크기]/너비(W):245mm/깊이(D):538mm/높이(H):415mm/[호환성]/지원파워규격:표준-ATX/파워 장착 길이:200mm/파워 위치:측면/우측면 에어홀",https://img.danuri.io/catalog-image/991/190/018/87a65c40af2548b3a524bcd56d231f53.jpg?shrink=80:80,False,
2026-08-25,케이스,"darkFlash,앱코",9376470,darkFlash DLM21 RGB MESH 강화유리 (블랙),58320,"M-ATX 케이스/지원보드규격:M-ATX,M-ITX/VGA 길이:330mm/CPU쿨러 높이:160mm/미니타워/[패널]/전면 패널 타입:메쉬/측면 패널 타입:강화유리/측면 개폐 방식:스윙도어/[쿨러/튜닝]/쿨링팬:총4개/LED팬:4개/후면:120mm LED x1/전면:120mm LED x3/[크기]/너비(W):208mm/깊이(D):376mm/높이(H):425mm/[호환성]/지원파워규격:표준-ATX/파워 장착 길이:210mm/파워 위치:하단후면/[부가기능]/RGB 컨트롤/LED 색상:RGB/[변경사항]/24년 7월 전면팬 120mm LED x2 → x3 으로 변경 / 후면팬 C6M → C6AM 변경",https://img.danuri.io/catalog-image/470/376/009/557778246ee348b78716373f7c45a751.jpg?shrink=80:80,False,
2026-08-25,케이스,"darkFlash,앱코",11626910,앱코 NCORE 커넬 강화유리,35750,"ATX 케이스/지원보드규격:ATX,M-ATX,M-ITX/VGA 길이:290mm/CPU쿨러 높이:160mm/미들타워/[패널]/전면 패널 타입:메쉬/측면 패널 타입:강화유리/[쿨러/튜닝]/쿨링팬:총4개/LED팬:1개/후면:120mm LED x1/전면:120mm x3/[크기]/너비(W):205mm/깊이(D):360mm/높이(H):445mm/[호환성]/지원파워규격:표준-ATX/파워 장착 길이:170mm/파워 위치:하단후면/[부가기능]/LED 색상:RGB",https://img.danuri.io/catalog-image/910/626/011/af67979e9c764cc49e43990006ec6ef2.jpg?shrink=80:80,False,
2026-08-25,케이스,"darkFlash,앱코",18922775,darkFlash DNM600 MESH RGB (화이트),50050,"M-ATX 케이스/지원보드규격:M-ATX,M-ITX/VGA 길이:360mm/CPU쿨러 높이:165mm/미니타워/[패널]/전면 패널 타입:메쉬/측면 패널 타입:강화유리/측면 개폐 방식:스윙도어/[쿨러/튜닝]/쿨링팬:총3개/LED팬:3개/후면:120mm LED x1/전면:140mm LED x2/[크기]/너비(W):210mm/깊이(D):417mm/높이(H):451mm/[호환성]/지원파워규격:표준-ATX/파워 장착 길이:190~360mm/파워 위치:하단후면/[부가기능]/RGB 컨트롤/LED 색상:RGB",https://img.danuri.io/catalog-image/775/922/018/b419394fbd0c4434b068f0f080f6d083.jpg?shrink=80:80,False,
2026-08-25,케이스,"darkFlash,앱코",53417006,darkFlash DPX90 ARGB 강화유리 (화이트),69380,"ATX 케이스/지원보드규격:ATX,M-ATX,M-ITX/VGA 길이:425mm/CPU쿨러 높이:185mm/미들타워/[패널]/전면 패널 타입:강화유리/측면 패널 타입:강화유리/[쿨러/튜닝]/쿨링팬:총3개/LED팬:3개/후면:120mm LED x1/내부 측면:120mm LED x2/[크기]/너비(W):240mm/깊이(D):550mm/높이(H):465mm/[호환성]/지원파워규격:표준-ATX/파워 장착 길이:280mm/파워 위치:하단후면/[부가기능]/LED 색상:ARGB",https://img.danuri.io/catalog-image/006/417/053/0fe6022846dc4689aa56add82fbda700.jpg?shrink=80:80,False,
2026-08-25,케이스,"darkFlash,앱코",18412487,앱코 SUITMASTER U1000 ONE ARGB (화이트),79200,"M-ATX 케이스/지원보드규격:M-ATX,M-ITX/VGA 길이:320mm/CPU쿨러 높이:165mm/미니타워/[패널]/전면 패널 타입:메쉬/측면 패널 타입:강화유리/측면 개폐 방식:스윙도어/[쿨러/튜닝]/쿨링팬:총2개/LED팬:2개/후면:120mm LED x1/전면:200mm LED x1/[크기]/너비(W):282mm/깊이(D):390mm/높이(H):325mm/[호환성]/지원파워규격:표준-ATX/파워 장착 길이:230~320mm/파워 위치:하단후면/[부가기능]/LED 색상:ARGB",https://img.danuri.io/catalog-image/487/412/018/d37d387fb5cf4969a79cef7c8eb52047.jpg?shrink=80:80,False,
2026-08-25,케이스,"darkFlash,앱코",74338778,darkFlash DK370 MESH RGB 강화유리 (화이트),46200,"ATX 케이스/지원보드규격:ATX,M-ATX,M-ITX/VGA 길이:340mm/CPU쿨러 높이:160mm/미들타워/[패널]/전면 패널 타입:메쉬/측면 패널 타입:강화유리/[쿨러/튜닝]/쿨링팬:총4개/LED팬:4개/후면:120mm LED x1/전면:140mm LED x3/[크기]/너비(W):210mm/깊이(D):385mm/높이(H):485mm/[호환성]/지원파워규격:표준-ATX/파워 장착 길이:220mm/파워 위치:하단후면/[부가기능]/LED 색상:RGB",https://img.danuri.io/catalog-image/778/338/074/9b8ad1c8a4dd4581ba6b181ecfcea072.jpg?shrink=80:80,False,
2026-08-25,케이스,"darkFlash,앱코",57307040,darkFlash DPW90M ARGB 강화유리 (블랙),65450,"M-ATX 케이스/지원보드규격:M-ATX,M-ITX/VGA 길이:445mm/CPU쿨러 높이:160mm/미니타워/[패널]/전면 패널 타입:강화유리/측면 패널 타입:강화유리/[쿨러/튜닝]/쿨링팬:총3개/LED팬:3개/후면:120mm LED x1/내부 측면:120mm LED x2/[크기]/너비(W):285mm/깊이(D):460mm/높이(H):370mm/[호환성]/지원파워규격:표준-ATX/파워 장착 길이:248mm/파워 위치:하단후면/[부가기능]/LED 색상:ARGB",https://img.danuri.io/catalog-image/040/307/057/fc4787859f0e4f1793d76fc6c2a6a6c9.jpg?shrink=80:80,False,
2026-08-25,케이스,"darkFlash,앱코",18053717,darkFlash DK200 RGB ADVANCED 강화유리 (화이트),43450,"M-ATX 케이스/지원보드규격:M-ATX,M-ITX/VGA 길이:235~320mm/CPU쿨러 높이:160mm/미니타워/[패널]/전면 패널 타입:메쉬/측면 패널 타입:강화유리/[쿨러/튜닝]/쿨링팬:총4개/LED팬:4개/후면:120mm LED x1/전면:120mm LED x3/[크기]/너비(W):200mm/깊이(D):365mm/높이(H):441mm/[호환성]/지원파워규격:표준-ATX/파워 장착 길이:160~185mm/파워 위치:하단후면/[부가기능]/LED 색상:RGB",https://img.danuri.io/catalog-image/717/053/018/c193cbf3a9b44d64b7da598eaeaf571d.jpg?shrink=80:80,False,
2026-08-25,케이스,"darkFlash,앱코",73885538,darkFlash DB330X RGB 강화유리 (화이트),44550,"ATX 케이스/지원보드규격:ATX,M-ATX,M-ITX/VGA 길이:360mm/CPU쿨러 높이:185mm/미들타워/[패널]/전면 패널 타입:강화유리/측면 패널 타입:강화유리/측면 개폐 방식:버튼/[쿨러/튜닝]/쿨링팬:총3개/LED팬:3개/후면:120mm LED x1/내부 측면:120mm LED x2/[크기]/너비(W):230mm/깊이(D):360mm/높이(H):436mm/[호환성]/지원파워규격:표준-ATX/파워 장착 길이:205mm/파워 위치:하단후면/[부가기능]/LED 색상:RGB",https://img.danuri.io/catalog-image/538/885/073/5d0ad677b7f44cf8b233e91fd29c6fc4.jpg?shrink=80:80,False,
2026-08-25,케이스,"darkFlash,앱코",30140324,앱코 NCORE R320 SYNC,99000,"ATX 케이스/지원보드규격:E-ATX,ATX,M-ATX,ITX/VGA 길이:315mm/CPU쿨러 높이:190mm/빅타워/[패널]/전면 패널 타입:일반(솔리드)/측면 패널 타입:강화유리/[쿨러/튜닝]/쿨링팬:총6개/후면:120mm x2/하단:120mm x2/내부 상단:120mm x2/[크기]/너비(W):262mm/깊이(D):370mm/높이(H):567mm/[호환성]/지원파워규격:표준-ATX/파워 장착 길이:300mm/파워 위치:상단/[부가기능]/팬 컨트롤/RGB 컨트롤/LED 색상:ARGB/[변경사항]/24년 5월 팬키트 리모컨 비포함으로 변경",https://img.danuri.io/catalog-image/324/140/030/886d5e096cd64885b49397249fac9700.jpg?shrink=80:80,False,
2026-08-25,케이스,"darkFlash,앱코",15050393,앱코 SUITMASTER P1000 강화유리 (화이트),59400,"ATX 케이스/지원보드규격:ATX,M-ATX,M-ITX/VGA 길이:340mm/CPU쿨러 높이:185mm/미들타워/수직 PCI형태:기본형/[패널]/전면 패널 타입:메쉬/측면 패널 타입:강화유리/측면 개폐 방식:스윙도어/[쿨러/튜닝]/쿨링팬:총4개/후면:140mm x1/전면:140mm x3/[크기]/너비(W):230mm/깊이(D):400mm/높이(H):460mm/[호환성]/지원파워규격:표준-ATX/파워 장착 길이:200 mm/파워 위치:하단후면",https://img.danuri.io/catalog-image/393/050/015/85c720dd98544b89aa06e0ce460a66c7.jpg?shrink=80:80,False,
2026-08-25,케이스,"darkFlash,앱코",31646423,앱코 G20 에픽 강화유리 (블랙),38720,"ATX 케이스/지원보드규격:ATX,M-ATX,M-ITX/VGA 길이:325mm/CPU쿨러 높이:160mm/미들타워/[패널]/전면 패널 타입:메쉬/측면 패널 타입:강화유리/[쿨러/튜닝]/쿨링팬:총6개/LED팬:4개/후면:120mm LED x1/전면:120mm LED x3/상단:120mm x2/[크기]/너비(W):200mm/깊이(D):375mm/높이(H):453mm/[호환성]/지원파워규격:표준-ATX/[부가기능]/LED 색상:RGB",https://img.danuri.io/catalog-image/423/646/031/c1e0db5df3ae43eba8f75416cbb97afd.jpg?shrink=80:80,False,
2026-08-25,케이스,"darkFlash,앱코",95424734,앱코 U20MP 큐빅 미니+ 디스플레이 (화이트),0,"M-ATX 케이스/지원보드규격:M-ATX,M-ITX/VGA 길이:350mm/CPU쿨러 높이:165mm/미니타워/[패널]/전면 패널 타입:강화유리/측면 패널 타입:강화유리/[쿨러/튜닝]/쿨링팬:총3개/LED팬:3개/후면:120mm LED x1/내부 측면:120mm LED x2/[크기]/너비(W):212mm/깊이(D):360mm/높이(H):453mm/[호환성]/지원파워규격:표준-ATX/파워 장착 길이:180mm/파워 위치:하단후면/[부가기능]/LED 색상:RGB",https://img.danuri.io/catalog-image/734/424/095/d0072911f0eb4231934d965c6f19a285.jpg?shrink=80:80,True,가격정보없음(판매준비/판매중지)
2026-08-25,케이스,"darkFlash,앱코",94880963,darkFlash DS900XL 우드 ARGB (화이트),103440,"ATX 케이스/지원보드규격:ATX,ATX (후면커넥터),M-ATX,M-ATX (후면커넥터),ITX/VGA 길이:420mm/CPU쿨러 높이:180mm/미들타워/수직 PCI형태:슬롯변경형/[패널]/전면 패널 타입:강화유리/측면 패널 타입:강화유리/[쿨러/튜닝]/쿨링팬:총4개/LED팬:4개/후면:140mm LED x1/내부 측면:140mm LED x3/[크기]/너비(W):258mm/깊이(D):450mm/높이(H):491mm/[호환성]/지원파워규격:표준-ATX/파워 장착 길이:280mm/파워 위치:하단후면/[부가기능]/RGB 컨트롤/LED 색상:ARGB",https://img.danuri.io/catalog-image/963/880/094/c679d151f8a141638380419e14478816.jpg?shrink=80:80,False,
2026-08-25,케이스,"darkFlash,앱코",4088685,앱코 NCORE 알리,0,"M-ATX 케이스/지원보드규격:M-ATX,M-ITX/VGA 길이:최대 280mm/CPU쿨러 높이:최대 145mm/미니타워/[패널]/전면 패널 타입:일반(솔리드)/측면 패널 타입:통풍구/후면:80mm/[크기]/너비(W):190mm/깊이(D):367mm/높이(H):360mm/[호환성]/지원파워규격:표준-ATX/파워 위치:상단",https://img.danuri.io/catalog-image/685/088/004/0eb11257090946b79a68ecfe576bb739.jpg?shrink=80:80,True,가격정보없음(판매준비/판매중지)
2026-08-25,케이스,"darkFlash,앱코",16676309,darkFlash DK210 그래피티 ARGB 강화유리,63830,"ATX 케이스/지원보드규격:E-ATX,ATX,M-ATX,M-ITX/VGA 길이:360mm/CPU쿨러 높이:160mm/미들타워/수직 PCI형태:슬롯변경형/[패널]/전면 패널 타입:강화유리/측면 패널 타입:강화유리/[쿨러/튜닝]/쿨링팬:총1개/LED팬:1개/후면:120mm LED x1/[크기]/너비(W):210mm/깊이(D):410mm/높이(H):480mm/[호환성]/지원파워규격:표준-ATX/파워 장착 길이:200mm/파워 위치:하단후면/[부가기능]/외부LED 컨트롤/LED 색상:ARGB",https://img.danuri.io/catalog-image/309/676/016/7c266a9d85024c82928af66d8cd6a658.jpg?shrink=80:80,False,
2026-08-25,케이스,"darkFlash,앱코",93804134,darkFlash DS900G ARGB (화이트),87760,"ATX 케이스/지원보드규격:ATX,M-ATX,ITX/VGA 길이:425mm/CPU쿨러 높이:170mm/미들타워/[패널]/전면 패널 타입:강화유리/측면 패널 타입:강화유리/[쿨러/튜닝]/쿨링팬:총4개/LED팬:4개/후면:120mm LED x1/내부 측면:120mm LED x3/[크기]/너비(W):218mm/깊이(D):434mm/높이(H):454mm/[호환성]/지원파워규격:표준-ATX/파워 장착 길이:260mm/파워 위치:하단후면/[부가기능]/LED 색상:ARGB",https://img.danuri.io/catalog-image/134/804/093/efc136e4b8544d95a3c592d3d76aa144.jpg?shrink=80:80,False,
2026-08-25,케이스,"darkFlash,앱코",94812776,앱코 U30P 마린+ 디스플레이 (블랙),53350,"ATX 케이스/지원보드규격:E-ATX,ATX,M-ATX,M-ITX/VGA 길이:400mm/CPU쿨러 높이:165mm/미들타워/[패널]/전면 패널 타입:강화유리/측면 패널 타입:강화유리/후면:120mm LED x1/내부 측면:120mm LED x2/[크기]/너비(W):212mm/깊이(D):420mm/높이(H):485mm/[호환성]/지원파워규격:표준-ATX/파워 장착 길이:200mm/파워 위치:하단후면/[부가기능]/LED 색상:RGB",https://img.danuri.io/catalog-image/776/812/094/de8a0068c673468f852a564cc95fd423.jpg?shrink=80:80,False,
2026-08-25,케이스,"darkFlash,앱코",16604054,앱코 SUITMASTER V2000 베놈 ARGB (화이트),49500,"ATX 케이스/지원보드규격:E-ATX,ATX,M-ATX,ITX/VGA 길이:405mm/CPU쿨러 높이:180mm/미들타워/수직 PCI형태:기본형/[패널]/전면 패널 타입:메쉬/측면 패널 타입:강화유리/측면 개폐 방식:스윙도어/[쿨러/튜닝]/쿨링팬:총4개/LED팬:4개/후면:140mm LED x1/전면:140mm LED x3/[크기]/너비(W):228mm/깊이(D):470mm/높이(H):495mm/[호환성]/파워 장착 길이:225mm/파워 위치:하단후면/[부가기능]/외부LED 컨트롤/LED 색상:ARGB",https://img.danuri.io/catalog-image/054/604/016/67f4d3d9a79843509420edc8e29ce471.jpg?shrink=80:80,False,
2026-08-25,케이스,"darkFlash,앱코",18769988,darkFlash DNX700 MESH RGB (화이트),74300,"ATX 케이스/지원보드규격:E-ATX,ATX,M-ATX,M-ITX/VGA 길이:340~375mm/CPU쿨러 높이:165mm/미들타워/[패널]/전면 패널 타입:메쉬/측면 패널 타입:강화유리/측면 개폐 방식:스윙도어/후면:120mm LED x1/전면:140mm LED x3/[크기]/너비(W):214mm/깊이(D):441mm/높이(H):471mm/[호환성]/지원파워규격:표준-ATX/파워 장착 길이:245~368mm/파워 위치:하단후면/[부가기능]/LED 색상:RGB/[변경사항]/23년 5월 GPU 장착 크기 325~385mm → 340~375mm로 변경",https://img.danuri.io/catalog-image/988/769/018/ad3c4c31799b4aa1a0314030fd4aa9b3.jpg?shrink=80:80,False,
2026-08-25,케이스,"darkFlash,앱코",29309942,앱코 G15 세이퍼 아크릴 (화이트),44000,"ATX 케이스/지원보드규격:ATX,M-ATX,M-ITX/VGA 길이:300mm/CPU쿨러 높이:160mm/미들타워/[패널]/전면 패널 타입:메쉬/측면 패널 타입:아크릴/[쿨러/튜닝]/쿨링팬:총4개/LED팬:4개/후면:120mm LED X1/전면:120mm LED X3/[크기]/너비(W):205mm/깊이(D):350mm/높이(H):445mm/[호환성]/지원파워규격:표준-ATX/파워 장착 길이:140~150mm/파워 위치:하단후면",https://img.danuri.io/catalog-image/942/309/029/677457b2df314e669cb8c9c0731cc7d6.jpg?shrink=80:80,False,
2026-08-25,케이스,"darkFlash,앱코",31646468,앱코 G20 에픽 강화유리 (화이트),40150,"ATX 케이스/지원보드규격:ATX,M-ATX,M-ITX/VGA 길이:325mm/CPU쿨러 높이:160mm/미들타워/[패널]/전면 패널 타입:메쉬/측면 패널 타입:강화유리/[쿨러/튜닝]/쿨링팬:총6개/LED팬:4개/후면:120mm LED x1/전면:120mm LED x3/상단:120mm x2/[크기]/너비(W):200mm/깊이(D):375mm/높이(H):453mm/[호환성]/지원파워규격:표준-ATX/[부가기능]/LED 색상:RGB",https://img.danuri.io/catalog-image/468/646/031/3fe5f48e170243d5aa6cb9cd05e0e5d8.jpg?shrink=80:80,False,
2026-08-25,케이스,"darkFlash,앱코",31412546,앱코 O10M 오피스 라이트 (화이트),22330,"M-ATX 케이스/지원보드규격:M-ATX,M-ITX/VGA 길이:260mm/CPU쿨러 높이:135mm/미니타워/[패널]/전면 패널 타입:일반(솔리드)/측면 패널 타입:통풍구/[쿨러/튜닝]/쿨링팬:총1개/후면:80mm x1/[크기]/너비(W):160mm/깊이(D):284mm/높이(H):350mm/[호환성]/지원파워규격:표준-ATX/파워 장착 길이:250mm/파워 위치:상단",https://img.danuri.io/catalog-image/546/412/031/e1aac09e330843b3955385e226a625ef.jpg?shrink=80:80,False,
2026-08-25,케이스,"darkFlash,앱코",76160333,앱코 UH40 킬러웨일 ARGB (화이트),69080,"ATX 케이스/지원보드규격:ATX,M-ATX,M-ITX/VGA 길이:410mm/CPU쿨러 높이:165mm/미들타워/[패널]/전면 패널 타입:강화유리/측면 패널 타입:강화유리/[쿨러/튜닝]/쿨링팬:총5개/LED팬:5개/후면:120mm LED x1/하단:120mm LED x1/내부 측면:120mm LED x3/[크기]/너비(W):212mm/깊이(D):435mm/높이(H):490mm/[호환성]/지원파워규격:표준-ATX/파워 장착 길이:180mm/파워 위치:하단후면/[부가기능]/LED 색상:ARGB",https://img.danuri.io/catalog-image/333/160/076/d3f38f1a67824c8b9e1e757304914d82.jpg?shrink=80:80,False,
2026-08-25,케이스,"darkFlash,앱코",12985601,darkFlash DLH21 (블랙),99000,미니ITX/지원보드규격:M-ITX/VGA 길이:320mm/CPU쿨러 높이:134mm/미니ITX(리틀밸리)/지원파워규격:M-ATX(SFX)/수직 PCI형태:기본형/[패널]/전면 패널 타입:메쉬/[쿨러/튜닝]/쿨링팬:총1개/상단:92mm/[크기]/너비(W):175mm/높이(H):412mm/깊이(D):238mm/[호환성]/파워 장착 길이:125mm/파워 위치:하단후면/[부가기능]/외부 LED/LED 색상:RGB,https://img.danuri.io/catalog-image/601/985/012/bad27429d10c47479e3af30939109b0e.jpg?shrink=80:80,False,
2026-08-25,케이스,"darkFlash,앱코",95424719,앱코 U20MP 큐빅 미니+ 디스플레이 (블랙),40150,"M-ATX 케이스/지원보드규격:M-ATX,M-ITX/VGA 길이:350mm/CPU쿨러 높이:165mm/미니타워/[패널]/전면 패널 타입:강화유리/측면 패널 타입:강화유리/[쿨러/튜닝]/쿨링팬:총3개/LED팬:3개/후면:120mm LED x1/내부 측면:120mm LED x2/[크기]/너비(W):212mm/깊이(D):360mm/높이(H):453mm/[호환성]/지원파워규격:표준-ATX/파워 장착 길이:180mm/파워 위치:하단후면/[부가기능]/LED 색상:RGB",https://img.danuri.io/catalog-image/719/424/095/61d56cf9de8b4a4e92cc7e3c1a118b3c.jpg?shrink=80:80,False,
2026-08-25,케이스,"darkFlash,앱코",27922283,앱코 O20M 오피스 (화이트),25190,"M-ATX 케이스/지원보드규격:M-ATX,M-ITX/VGA 길이:260mm/CPU쿨러 높이:145mm/미니타워/[패널]/측면 패널 타입:통풍구/[쿨러/튜닝]/쿨링팬:총1개/후면:92mm x1/[크기]/너비(W):165mm/깊이(D):280mm/높이(H):350mm/[호환성]/지원파워규격:표준-ATX/파워 장착 길이:140~275mm/파워 위치:상단",https://img.danuri.io/catalog-image/283/922/027/cc7fbed1e1ab48ca81756188117eb03a.jpg?shrink=80:80,False,
2026-08-25,케이스,"darkFlash,앱코",17989952,darkFlash LP20 ARGB PANEL (화이트),14850,액세서리/커버/먼지필터/5V Addressable RGB 동기화 지원 / DS2000 MESH 시리즈 호환 / 케이블 길이: 500mm + 120mm,https://img.danuri.io/catalog-image/952/989/017/8051ae099ff44d27b8569d29531d09fe.jpg?shrink=80:80,True,액세서리(대상부품아님)
2026-08-25,케이스,"darkFlash,앱코",60063428,darkFlash PCIe 4.0 라이저 케이블 (160mm),39600,액세서리/라이저 케이블,https://img.danuri.io/catalog-image/428/063/060/3dcd661fa9e947ffa4806442aed761f0.jpg?shrink=80:80,True,액세서리(대상부품아님)
2026-08-25,케이스,"darkFlash,앱코",68577197,darkFlash GCB470 라이저 케이블 지지대 KIT (블랙),37950,액세서리/라이저 케이블/darkFlash DY470 전용 / PCI-E 4.0x16 / 길이: 160mm,https://img.danuri.io/catalog-image/197/577/068/fb99ef57e95548bfb315f6aba651c7f5.jpg?shrink=80:80,True,액세서리(대상부품아님)
2026-08-25,케이스,"darkFlash,앱코",17989919,darkFlash LP20 ARGB PANEL (블랙),14850,액세서리/커버/먼지필터/5V Addressable RGB 동기화 지원 / DS2000 MESH 시리즈 호환 / 케이블 길이: 500mm + 120mm,https://img.danuri.io/catalog-image/919/989/017/de3b67a8b2164498906b6920277ac9e6.jpg?shrink=80:80,True,액세서리(대상부품아님)
2026-08-25,케이스,"darkFlash,앱코",34336412,앱코 SUITMASTER U3000M 갤러리 미니 리버스 ARGB BTF (블랙),58150,"M-ATX 케이스/지원보드규격:M-ATX,M-ATX (후면커넥터),M-ITX/VGA 길이:390mm/CPU쿨러 높이:168mm/미니타워/[패널]/전면 패널 타입:강화유리/측면 패널 타입:강화유리/[쿨러/튜닝]/쿨링팬:총4개/LED팬:4개/후면:140mm LED x1/내부 측면:120mm LED x3/[크기]/너비(W):235mm/깊이(D):465mm/높이(H):430mm/[호환성]/지원파워규격:표준-ATX/파워 장착 길이:260mm/파워 위치:하단후면/[부가기능]/LED 색상:ARGB",https://img.danuri.io/catalog-image/412/336/034/3f4fb61bdb2148ea9d35a27ddb64273c.jpg?shrink=80:80,False,
2026-08-25,케이스,"darkFlash,앱코",21583046,앱코 SUITMASTER U3000 갤러리 ARGB 강화유리 (화이트),66550,"ATX 케이스/지원보드규격:ATX,M-ATX,M-ITX/VGA 길이:245~410mm/CPU쿨러 높이:185mm/미들타워/[패널]/전면 패널 타입:강화유리/측면 패널 타입:강화유리/[쿨러/튜닝]/쿨링팬:총1개/LED팬:1개/후면:140mm LED x1/[크기]/너비(W):440mm/깊이(D):235mm/높이(H):517mm/[호환성]/파워 장착 길이:220~250mm/파워 위치:하단후면",https://img.danuri.io/catalog-image/046/583/021/eeb2c2ac43c94bcf9a7d786401d54479.jpg?shrink=80:80,False,
2026-08-25,케이스,"darkFlash,앱코",17954255,darkFlash DS2000 MESH 강화유리 (화이트),83030,"ATX 케이스/지원보드규격:ATX,M-ATX,M-ITX/VGA 길이:332mm/CPU쿨러 높이:165mm/미들타워/수직 PCI형태:슬롯변경형/[패널]/전면 패널 타입:메쉬/측면 패널 타입:강화유리/측면 개폐 방식:스윙도어/[쿨러/튜닝]/쿨링팬:총4개/후면:120mm x1/하단:120mm x3/[크기]/너비(W):220mm/깊이(D):450mm/높이(H):408mm/[호환성]/지원파워규격:표준-ATX/파워 장착 길이:200mm/파워 위치:상단전면",https://img.danuri.io/catalog-image/255/954/017/6a5486b0c077439483c868f165e10ec6.jpg?shrink=80:80,False,
2026-08-25,케이스,"darkFlash,앱코",64392059,앱코 U40M 웨일샤크 ARGB BTF (블랙화이트),61870,"M-ATX 케이스/지원보드규격:M-ATX,M-ATX (후면커넥터),M-ITX/VGA 길이:410mm/CPU쿨러 높이:160mm/미니타워/[패널]/전면 패널 타입:강화유리/측면 패널 타입:강화유리/측면 개폐 방식:버튼/[쿨러/튜닝]/쿨링팬:총3개/LED팬:3개/후면:120mm LED x1/내부 측면:120mm LED x2/[크기]/너비(W):218mm/깊이(D):420mm/높이(H):395mm/[호환성]/지원파워규격:표준-ATX/파워 장착 길이:240mm/파워 위치:하단후면/[부가기능]/LED 색상:ARGB",https://img.danuri.io/catalog-image/059/392/064/32c2d2f0ed8e43c0bbbce11df5bbdcee.jpg?shrink=80:80,False,
2026-08-25,케이스,"darkFlash,앱코",27762230,앱코 G21M 니트,52250,"M-ATX 케이스/지원보드규격:M-ATX,M-ITX/VGA 길이:325mm/CPU쿨러 높이:157mm/미니타워/[패널]/전면 패널 타입:메쉬/측면 패널 타입:강화유리/측면 개폐 방식:스윙도어/[쿨러/튜닝]/쿨링팬:총3개/LED팬:3개/후면:120mm LED x1/전면:140mm LED x2/[크기]/너비(W):200mm/깊이(D):370mm/높이(H):425mm/[호환성]/지원파워규격:표준-ATX/파워 장착 길이:140~200mm/파워 위치:하단후면",https://img.danuri.io/catalog-image/230/762/027/25244dbaa97b4e28af281d173eaf1535.jpg?shrink=80:80,False,
2026-08-25,케이스,"darkFlash,앱코",70874867,darkFlash DRX50 MESH RGB 강화유리 (블랙),0,"ATX 케이스/지원보드규격:ATX,M-ATX,M-ITX/VGA 길이:305mm/CPU쿨러 높이:180mm/미들타워/[패널]/전면 패널 타입:메쉬/측면 패널 타입:강화유리/[쿨러/튜닝]/쿨링팬:총6개/LED팬:4개/후면:120mm LED x1/전면:120mm LED x3/상단:120mm x2/[크기]/너비(W):218mm/깊이(D):330mm/높이(H):445mm/[호환성]/지원파워규격:표준-ATX/파워 위치:하단후면/[부가기능]/LED 색상:RGB",https://img.danuri.io/catalog-image/867/874/070/49267c81fe344b46956162c843c82a4c.jpg?shrink=80:80,True,가격정보없음(판매준비/판매중지)
2026-08-25,케이스,"darkFlash,앱코",94812809,앱코 U30P 마린+ 디스플레이 (화이트),58850,"ATX 케이스/지원보드규격:E-ATX,ATX,M-ATX,M-ITX/VGA 길이:400mm/CPU쿨러 높이:165mm/미들타워/[패널]/전면 패널 타입:강화유리/측면 패널 타입:강화유리/후면:120mm LED x1/내부 측면:120mm LED x2/[크기]/너비(W):212mm/깊이(D):420mm/높이(H):485mm/[호환성]/지원파워규격:표준-ATX/파워 장착 길이:200mm/파워 위치:하단후면/[부가기능]/LED 색상:RGB",https://img.danuri.io/catalog-image/809/812/094/ccbd6440a89849f7af582da0164ef864.jpg?shrink=80:80,False,
2026-08-25,케이스,"darkFlash,앱코",17584163,darkFlash VB-X 4.0 라이저 케이블 지지대 KIT 215mm (블랙),68750,액세서리/라이저 케이블/길이: 215mm / PCIe 4.0x16 지원,https://img.danuri.io/catalog-image/163/584/017/8dddf19359974d6fa0185f85ceadb023.jpg?shrink=80:80,True,액세서리(대상부품아님)
2026-08-25,케이스,"darkFlash,앱코",10558761,앱코 SUITMASTER TA210 플라즈마 아크릴 LUNAR,54500,"튜닝 케이스/지원보드규격:ATX,M-ATX,M-ITX/VGA 길이:315mm/CPU쿨러 높이:150mm/미들타워/[패널]/측면 패널 타입:아크릴/[쿨러/튜닝]/쿨링팬:총1개/LED팬:1개/상단:200mm LED x1/[크기]/너비(W):355mm/높이(H):450mm/깊이(D):415mm/[호환성]/지원파워규격:표준-ATX/파워 장착 길이:170mm/파워 위치:하단후면/[부가기능]/외부 LED/RGB 컨트롤/LED 색상:RGB",https://img.danuri.io/catalog-image/761/558/010/655bc9155df448749c9aeea29544279e.jpg?shrink=80:80,False,
2026-08-25,케이스,"darkFlash,앱코",41495963,앱코 SUITMASTER M3000 뉴본 ARGB 강화유리 (화이트),105840,"ATX 케이스/지원보드규격:ATX,M-ATX,M-ITX/VGA 길이:410mm/CPU쿨러 높이:185mm/미들타워/[패널]/전면 패널 타입:메쉬/측면 패널 타입:강화유리/[쿨러/튜닝]/쿨링팬:총1개/LED팬:1개/후면:140mm LED x1/[크기]/너비(W):235mm/깊이(D):468mm/높이(H):517mm/[호환성]/지원파워규격:표준-ATX/파워 장착 길이:250mm/[부가기능]/LED 색상:ARGB/[변경사항]/24년 7월 전면 라디에이터 360 → 420mm 장착 가능으로 변경",https://img.danuri.io/catalog-image/963/495/041/92d59ffa9602459d992b15dee491fe8b.jpg?shrink=80:80,False,
2026-08-25,케이스,"darkFlash,앱코",31986053,앱코 G25 매그넘 강화유리 (화이트),48400,"ATX 케이스/지원보드규격:ATX,M-ATX,M-ITX/VGA 길이:360mm/CPU쿨러 높이:165mm/미들타워/[패널]/전면 패널 타입:메쉬/측면 패널 타입:강화유리/[쿨러/튜닝]/쿨링팬:총6개/LED팬:4개/후면:120mm LED x1/전면:120mm LED x3/상단:120mm x2/[크기]/너비(W):210mm/깊이(D):420mm/높이(H):450mm/[호환성]/지원파워규격:표준-ATX/파워 장착 길이:220mm/파워 위치:하단후면/[부가기능]/LED 색상:RGB",https://img.danuri.io/catalog-image/053/986/031/8785d1c6baf14d66ab1b2bab2cd09656.jpg?shrink=80:80,False,
2026-08-25,케이스,"darkFlash,앱코",73616621,앱코 SUITMASTER MF360 리얼우드 (화이트),77000,"ATX 케이스/지원보드규격:ATX,M-ATX,M-ITX/VGA 길이:410mm/CPU쿨러 높이:165mm/미들타워/[패널]/측면 패널 타입:강화유리/측면 개폐 방식:스윙도어/[쿨러/튜닝]/쿨링팬:총4개/후면:120mm x1/전면:140mm x3/[크기]/너비(W):210mm/깊이(D):465mm/높이(H):485mm/[호환성]/지원파워규격:표준-ATX/파워 장착 길이:250mm/파워 위치:하단후면",https://img.danuri.io/catalog-image/621/616/073/75e8073d4d694b55a358a29be0f95090.jpg?shrink=80:80,False,
2026-08-25,케이스,"darkFlash,앱코",21583037,앱코 SUITMASTER U3000 갤러리 ARGB 강화유리 (블랙),66550,"ATX 케이스/지원보드규격:ATX,M-ATX,M-ITX/VGA 길이:245~410mm/CPU쿨러 높이:185mm/미들타워/[패널]/전면 패널 타입:강화유리/측면 패널 타입:강화유리/[쿨러/튜닝]/쿨링팬:총1개/LED팬:1개/후면:140mm LED x1/[크기]/너비(W):440mm/깊이(D):235mm/높이(H):517mm/[호환성]/파워 장착 길이:220~250mm/파워 위치:하단후면",https://img.danuri.io/catalog-image/037/583/021/bd22e85e76f24bb981372829501777b2.jpg?shrink=80:80,False,
2026-08-25,케이스,"darkFlash,앱코",37693031,darkFlash DF5000 VB-F 4.0 라이저 케이블 지지대 KIT (화이트),49500,액세서리/라이저 케이블/darkFlash DF5000 전용 / PCI-E 4.0x16 / 길이: 150mm,https://img.danuri.io/catalog-image/031/693/037/32183faf3ad347beb877e9ef80e5b037.jpg?shrink=80:80,True,액세서리(대상부품아님)
2026-08-25,케이스,"darkFlash,앱코",68577215,darkFlash GCB470 라이저 케이블 지지대 KIT (화이트),37950,액세서리/라이저 케이블/darkFlash DY470 전용 / PCI-E 4.0x16 / 길이: 160mm,https://img.danuri.io/catalog-image/215/577/068/2c24b745f73d4303abf09d7942beb075.jpg?shrink=80:80,True,액세서리(대상부품아님)
2026-08-25,케이스,"darkFlash,앱코",18515747,darkFlash DS5000 전면 강화유리 KIT (블랙),14850,액세서리/커버/먼지필터/DS5000 MESH 전용 / 전면 강화유리 + IO PORT 패널,https://img.danuri.io/catalog-image/747/515/018/456a588c8dbc40f897ba099e79ea1643.jpg?shrink=80:80,True,액세서리(대상부품아님)
2026-08-25,케이스,"darkFlash,앱코",18515759,darkFlash DS5000 전면 강화유리 KIT (화이트),14850,액세서리/커버/먼지필터/DS5000 MESH 전용 / 전면 강화유리 + IO PORT 패널,https://img.danuri.io/catalog-image/759/515/018/7707eeebc7a44d31a0bd3a2429e71e3d.jpg?shrink=80:80,True,액세서리(대상부품아님)
2026-08-25,케이스,"darkFlash,앱코",37690907,darkFlash DF5000 VB-F 4.0 라이저 케이블 지지대 KIT (블랙),49500,액세서리/라이저 케이블/darkFlash DF5000 전용 / PCI-E 4.0x16 / 길이: 150mm,https://img.danuri.io/catalog-image/907/690/037/72a5f6067cd64729abd1e6967803632e.jpg?shrink=80:80,True,액세서리(대상부품아님)
2026-08-25,케이스,"darkFlash,앱코",17584226,darkFlash VB-X 4.0 라이저 케이블 지지대 KIT 215mm (네오민트),68750,액세서리/라이저 케이블/길이: 215mm / PCIe 4.0x16 지원,https://img.danuri.io/catalog-image/226/584/017/9811f1e3c1b94882b8d4c7ef2a463228.jpg?shrink=80:80,True,액세서리(대상부품아님)
2026-08-25,케이스,"darkFlash,앱코",17584232,darkFlash VB-X 4.0 라이저 케이블 지지대 KIT 215mm (핑크),68750,액세서리/라이저 케이블/길이: 215mm / PCIe 4.0x16 지원,https://img.danuri.io/catalog-image/232/584/017/426c61e01b6349c4ae725cf1c9c31b93.jpg?shrink=80:80,True,액세서리(대상부품아님)
2026-08-25,케이스,"darkFlash,앱코",32865761,앱코 U20 큐빅 강화유리 (화이트),38280,"ATX 케이스/지원보드규격:ATX,M-ATX,M-ITX/VGA 길이:320mm/CPU쿨러 높이:160mm/미들타워/[패널]/전면 패널 타입:강화유리/측면 패널 타입:강화유리/[쿨러/튜닝]/쿨링팬:총3개/LED팬:3개/후면:120mm LED x1/상단:120mm LED x2/[크기]/너비(W):212mm/깊이(D):334mm/높이(H):485mm/[호환성]/지원파워규격:표준-ATX/파워 장착 길이:160mm/파워 위치:하단후면/[부가기능]/LED 색상:RGB",https://img.danuri.io/catalog-image/761/865/032/2e80b4f2742d49d09e8caae991cb62f2.jpg?shrink=80:80,False,
2026-08-25,케이스,"darkFlash,앱코",12648995,앱코 SUITMASTER AL300M 강화유리 (미드나잇블루),77000,"튜닝 케이스/지원보드규격:M-ATX,M-ITX/VGA 길이:310mm/CPU쿨러 높이:130mm/미니타워/[패널]/전면 패널 타입:강화유리/측면 패널 타입:강화유리/[쿨러/튜닝]/쿨링팬:총3개/LED팬:3개/전면:120mm LED x3/[크기]/너비(W):160mm/높이(H):500mm/깊이(D):390mm/[호환성]/지원파워규격:표준-ATX/파워 장착 길이:185mm/파워 위치:하단후면/[부가기능]/RGB 컨트롤/LED 색상:RGB",https://img.danuri.io/catalog-image/995/648/012/b16ba422918d4bc99d208e049fb22f97.jpg?shrink=80:80,False,
2026-08-25,케이스,"darkFlash,앱코",86098598,darkFlash DS900 ARGB 강화유리 (화이트 우드),0,"ATX 케이스/지원보드규격:ATX,M-ATX,ITX/VGA 길이:425mm/CPU쿨러 높이:170mm/미들타워/[패널]/전면 패널 타입:강화유리/측면 패널 타입:강화유리/[쿨러/튜닝]/쿨링팬:총4개/LED팬:4개/후면:120mm LED x1/내부 측면:120mm LED x3/[크기]/너비(W):218mm/깊이(D):434mm/높이(H):454mm/[호환성]/지원파워규격:표준-ATX/파워 장착 길이:260mm/파워 위치:하단후면/[부가기능]/LED 색상:ARGB",https://img.danuri.io/catalog-image/598/098/086/797c44530efc4af09bd995589227415b.jpg?shrink=80:80,True,가격정보없음(판매준비/판매중지)
2026-08-25,케이스,"darkFlash,앱코",94088324,앱코 G26M 메가플로우 미니 MESH (블랙),0,"M-ATX 케이스/지원보드규격:M-ATX,M-ITX/VGA 길이:350mm/CPU쿨러 높이:165mm/미니타워/[패널]/전면 패널 타입:메쉬/측면 패널 타입:강화유리/[쿨러/튜닝]/쿨링팬:총3개/LED팬:3개/후면:120mm LED x1/전면:140mm LED x2/[크기]/너비(W):212mm/깊이(D):400mm/높이(H):437mm/[호환성]/지원파워규격:표준-ATX/파워 장착 길이:180mm/파워 위치:하단후면/[부가기능]/LED 색상:RGB",https://img.danuri.io/catalog-image/324/088/094/94f07d4bbc4444fd9756c72fa0cec9bc.jpg?shrink=80:80,True,가격정보없음(판매준비/판매중지)
2026-08-25,케이스,"darkFlash,앱코",9916125,앱코 SUITMASTER 760S 어트랙션 강화유리 스펙트럼 Duplex (화이트),54500,"ATX 케이스/지원보드규격:ATX,M-ATX,M-ITX/VGA 길이:350mm/CPU쿨러 높이:185mm/미들타워/수직 PCI형태:기본형/[패널]/전면 패널 타입:메쉬/측면 패널 타입:강화유리/[쿨러/튜닝]/쿨링팬:총3개/LED팬:3개/후면:120mm LED x1/전면:200mm LED x2/[크기]/너비(W):225mm/깊이(D):435mm/높이(H):470mm/[호환성]/지원파워규격:표준-ATX/파워 장착 길이:220mm/파워 위치:하단후면/[부가기능]/RGB 컨트롤/LED 색상:RGB",https://img.danuri.io/catalog-image/125/916/009/1a65eeb26c784b728184edea022f6687.jpg?shrink=80:80,False,
2026-08-25,케이스,"darkFlash,앱코",14799467,앱코 PUBG 배틀그라운드 하자드 에디션,60230,"ATX 케이스/지원보드규격:ATX,M-ATX,ITX/VGA 길이:370mm/CPU쿨러 높이:165mm/미들타워/[패널]/측면 패널 타입:강화유리/[쿨러/튜닝]/쿨링팬:총4개/LED팬:4개/후면:120mm LED x1/하단:120mm LED x3/[크기]/너비(W):205mm/깊이(D):502mm/높이(H):525mm/[호환성]/파워 장착 길이:200mm/파워 위치:하단후면/[부가기능]/LED 색상:오렌지",https://img.danuri.io/catalog-image/467/799/014/74ab4b0482c64e529dd0c210b3cac769.jpg?shrink=80:80,False,
2026-08-25,케이스,"darkFlash,앱코",9456939,앱코 SUITMASTER 322S 인테이커 강화유리 스펙트럼 Dualight (화이트),46870,"ATX 케이스/지원보드규격:ATX,M-ATX,M-ITX/VGA 길이:385mm/CPU쿨러 높이:175mm/미들타워/[패널]/측면 패널 타입:강화유리/[쿨러/튜닝]/쿨링팬:총4개/LED팬:4개/후면:120mm LED x1/전면:120mm LED x3/[크기]/너비(W):208mm/깊이(D):448mm/높이(H):469mm/[호환성]/파워 장착 길이:220mm/파워 위치:하단후면/[부가기능]/RGB 컨트롤/LED 색상:RGB",https://img.danuri.io/catalog-image/939/456/009/78578864dcbd46558c92b3b8324314f9.jpg?shrink=80:80,False,
2026-08-25,케이스,"darkFlash,앱코",4033315,앱코 NCORE 픽셀,0,"ATX 케이스/지원보드규격:ATX,M-ATX,M-ITX/VGA 길이:최대 340mm/CPU쿨러 높이:최대 150mm/미들타워/[패널]/측면 패널 타입:통풍구/후면:80mm/[크기]/너비(W):195mm/깊이(D):400mm/높이(H):412mm/[호환성]/지원파워규격:표준-ATX/파워 위치:상단",https://img.danuri.io/catalog-image/315/033/004/0725d805c20846aab1f459e5fd47b5c7.jpg?shrink=80:80,True,가격정보없음(판매준비/판매중지)
2026-08-25,케이스,"darkFlash,앱코",12689864,앱코 SUITMASTER AL1000 (레드와인),316100,"튜닝 케이스/지원보드규격:E-ATX,ATX,M-ATX,M-ITX/VGA 길이:420mm/CPU쿨러 높이:235mm/빅타워/[패널]/측면 패널 타입:강화유리/[쿨러/튜닝]/쿨링팬:총4개/LED팬:4개/후면:200mm LED x2/전면:200mm LED x2/[크기]/너비(W):365mm/높이(H):645mm/깊이(D):510mm/[호환성]/지원파워규격:표준-ATX/파워 장착 길이:350mm/파워 위치:하단/[부가기능]/리모컨/LED 색상:RGB",https://img.danuri.io/catalog-image/864/689/012/59f1155c11ad411ea0c194ca7fc49a09.jpg?shrink=80:80,False,
2026-08-25,케이스,"darkFlash,앱코",12649013,앱코 SUITMASTER AL300M 강화유리 (로즈골드),77000,"튜닝 케이스/지원보드규격:M-ATX,M-ITX/VGA 길이:310mm/CPU쿨러 높이:130mm/미니타워/[패널]/전면 패널 타입:강화유리/측면 패널 타입:강화유리/[쿨러/튜닝]/쿨링팬:총3개/LED팬:3개/전면:120mm LED x3/[크기]/너비(W):160mm/높이(H):500mm/깊이(D):390mm/[호환성]/지원파워규격:표준-ATX/파워 장착 길이:185mm/파워 위치:하단후면/[부가기능]/RGB 컨트롤/LED 색상:RGB",https://img.danuri.io/catalog-image/013/649/012/07678b88eb1c4190a3ce9741b4a007d8.jpg?shrink=80:80,False,
2026-08-25,케이스,"darkFlash,앱코",16687646,앱코 SUITMASTER V3000 베놈 ARGB (화이트),0,"ATX 케이스/지원보드규격:E-ATX,ATX,M-ATX,ITX/VGA 길이:405mm/CPU쿨러 높이:180mm/미들타워/수직 PCI형태:기본형/[패널]/전면 패널 타입:메쉬/측면 패널 타입:강화유리/측면 개폐 방식:스윙도어/[쿨러/튜닝]/쿨링팬:총4개/LED팬:4개/후면:140mm LED x1/전면:140mm LED x3/[크기]/너비(W):228mm/깊이(D):470mm/높이(H):495mm/[호환성]/지원파워규격:표준-ATX/파워 장착 길이:225mm/파워 위치:하단후면/[부가기능]/외부LED 컨트롤/LED 색상:ARGB",https://img.danuri.io/catalog-image/646/687/016/27d85792352c48b8b34632f5626a1a30.jpg?shrink=80:80,True,가격정보없음(판매준비/판매중지)
2026-08-25,케이스,"darkFlash,앱코",94088567,앱코 G26M 메가플로우 미니 MESH (화이트),0,"M-ATX 케이스/지원보드규격:M-ATX,M-ITX/VGA 길이:350mm/CPU쿨러 높이:165mm/미니타워/[패널]/전면 패널 타입:메쉬/측면 패널 타입:강화유리/[쿨러/튜닝]/쿨링팬:총3개/LED팬:3개/후면:120mm LED x1/전면:140mm LED x2/[크기]/너비(W):212mm/깊이(D):400mm/높이(H):437mm/[호환성]/지원파워규격:표준-ATX/파워 장착 길이:180mm/파워 위치:하단후면/[부가기능]/LED 색상:RGB",https://img.danuri.io/catalog-image/567/088/094/4461079d921145618afbe7af5d331320.jpg?shrink=80:80,True,가격정보없음(판매준비/판매중지)
2026-08-25,케이스,"darkFlash,앱코",15319016,앱코 NCORE S10M 사일런티 II (화이트),0,"M-ATX 케이스/지원보드규격:M-ATX,ITX/VGA 길이:285mm/CPU쿨러 높이:165mm/미니타워/[패널]/전면 패널 타입:일반(솔리드)/[쿨러/튜닝]/쿨링팬:총1개/후면:120mm x1/[크기]/너비(W):210mm/깊이(D):360mm/높이(H):390mm/[호환성]/지원파워규격:표준-ATX/파워 장착 길이:185mm/파워 위치:하단후면/저소음",https://img.danuri.io/catalog-image/016/319/015/b7989b08ccb943ebb57da26147e523a7.jpg?shrink=80:80,True,가격정보없음(판매준비/판매중지)
2026-08-25,케이스,"darkFlash,앱코",17840990,darkFlash DLM200 MESH PERFORMANCE 강화유리 (화이트),0,"M-ATX 케이스/지원보드규격:M-ATX,M-ITX/VGA 길이:330mm/CPU쿨러 높이:160mm/미니타워/[패널]/전면 패널 타입:메쉬/측면 패널 타입:강화유리/측면 개폐 방식:스윙도어/[쿨러/튜닝]/쿨링팬:총4개/후면:120mm x1/전면:120mm x3/[크기]/너비(W):208mm/깊이(D):381mm/높이(H):425.5mm/[호환성]/지원파워규격:표준-ATX/파워 장착 길이:210mm/파워 위치:하단후면",https://img.danuri.io/catalog-image/990/840/017/12bf5d4eb9c842c0bd7d91ef8f64a4b9.jpg?shrink=80:80,True,가격정보없음(판매준비/판매중지)
2026-08-25,케이스,"darkFlash,앱코",5718431,앱코 SUITMASTER 361G 칼리스토 강화유리 DOUBLING (화이트),0,"ATX 케이스/지원보드규격:E-ATX,ATX,M-ATX,M-ITX/VGA 길이:최대 380mm/CPU쿨러 높이:최대 163mm/미들타워/[패널]/전면 패널 타입:강화유리/측면 패널 타입:강화유리/[쿨러/튜닝]/쿨링팬:총4개/LED팬:4개/후면:120mm 화이트 LED/전면:120mm 화이트 LED x3/[크기]/너비(W):216mm/깊이(D):469mm/높이(H):494mm/[호환성]/지원파워규격:표준-ATX/파워 장착 길이:최대 215mm/파워 위치:하단후면/[부가기능]/팬 컨트롤",https://img.danuri.io/catalog-image/431/718/005/4a65c8faeb374846b0e5ad1f03cde930.jpg?shrink=80:80,True,가격정보없음(판매준비/판매중지)
2026-08-25,케이스,"darkFlash,앱코",16541294,darkFlash DK1000 MESH 강화유리 (화이트),0,"ATX 케이스/지원보드규격:E-ATX,ATX,M-ATX/VGA 길이:355mm/CPU쿨러 높이:165mm/미들타워/[패널]/전면 패널 타입:메쉬/측면 패널 타입:강화유리/[쿨러/튜닝]/쿨링팬:총4개/후면:120mm x1/전면:140mm x3/[크기]/너비(W):215mm/깊이(D):415mm/높이(H):470mm/[호환성]/지원파워규격:표준-ATX/파워 장착 길이:245mm/오픈도어",https://img.danuri.io/catalog-image/294/541/016/118a5e31b75e411ca9a9a9814a9e8364.jpg?shrink=80:80,True,가격정보없음(판매준비/판매중지)
2026-08-25,케이스,"darkFlash,앱코",34336442,앱코 SUITMASTER U3000M 갤러리 미니 리버스 ARGB BTF (화이트),0,"M-ATX 케이스/지원보드규격:M-ATX,M-ATX (후면커넥터),M-ITX/VGA 길이:390mm/CPU쿨러 높이:168mm/미니타워/[패널]/전면 패널 타입:강화유리/측면 패널 타입:강화유리/[쿨러/튜닝]/쿨링팬:총4개/LED팬:4개/후면:140mm LED x1/내부 측면:120mm LED x3/[크기]/너비(W):235mm/깊이(D):465mm/높이(H):430mm/[호환성]/지원파워규격:표준-ATX/파워 장착 길이:260mm/파워 위치:하단후면/[부가기능]/LED 색상:ARGB",https://img.danuri.io/catalog-image/442/336/034/557f88e9d8e34d3cae0be96c881af3a7.jpg?shrink=80:80,True,가격정보없음(판매준비/판매중지)
2026-08-25,케이스,"darkFlash,앱코",12985625,darkFlash DLH21 (화이트),0,미니ITX/지원보드규격:M-ITX/VGA 길이:320mm/CPU쿨러 높이:134mm/미니ITX(리틀밸리)/지원파워규격:M-ATX(SFX)/수직 PCI형태:기본형/[패널]/전면 패널 타입:메쉬/[쿨러/튜닝]/쿨링팬:총1개/상단:92mm/[크기]/너비(W):175mm/높이(H):412mm/깊이(D):238mm/[호환성]/파워 장착 길이:125mm/파워 위치:하단후면/[부가기능]/외부 LED/LED 색상:RGB,https://img.danuri.io/catalog-image/625/985/012/e1203f0636024ba7bf1d535367febb80.jpg?shrink=80:80,True,가격정보없음(판매준비/판매중지)
2026-08-25,케이스,"darkFlash,앱코",18769955,darkFlash DNX700 MESH RGB (블랙),0,"ATX 케이스/지원보드규격:E-ATX,ATX,M-ATX,M-ITX/VGA 길이:340~375mm/CPU쿨러 높이:165mm/미들타워/[패널]/전면 패널 타입:메쉬/측면 패널 타입:강화유리/측면 개폐 방식:스윙도어/후면:120mm LED x1/전면:140mm LED x3/[크기]/너비(W):214mm/깊이(D):441mm/높이(H):471mm/[호환성]/지원파워규격:표준-ATX/파워 장착 길이:245~368mm/파워 위치:하단후면/[부가기능]/LED 색상:RGB/[변경사항]/23년 5월 GPU 장착 크기 325~385mm → 340~375mm로 변경",https://img.danuri.io/catalog-image/955/769/018/063a75615a7144f3ab722641f604b9c7.jpg?shrink=80:80,True,가격정보없음(판매준비/판매중지)
2026-08-25,케이스,"darkFlash,앱코",36935618,darkFlash DK290 Air MESH RGB 강화유리 (블랙),0,"ATX 케이스/지원보드규격:ATX,M-ATX,M-ITX/VGA 길이:340mm/CPU쿨러 높이:165mm/미들타워/[패널]/전면 패널 타입:메쉬/측면 패널 타입:강화유리/[쿨러/튜닝]/쿨링팬:총6개/LED팬:4개/후면:120mm LED x1/전면:120mm LED x3/상단:120mm x2/[크기]/너비(W):223mm/깊이(D):400mm/높이(H):448mm/[호환성]/지원파워규격:표준-ATX/파워 장착 길이:180~340mm/파워 위치:하단후면/[부가기능]/LED 색상:RGB",https://img.danuri.io/catalog-image/618/935/036/8b93b77781be4262b04d4a98aab6f85a.jpg?shrink=80:80,True,가격정보없음(판매준비/판매중지)
2026-08-25,케이스,"darkFlash,앱코",74338760,darkFlash DK370 MESH RGB 강화유리 (블랙),43060,"ATX 케이스/지원보드규격:ATX,M-ATX,M-ITX/VGA 길이:340mm/CPU쿨러 높이:160mm/미들타워/[패널]/전면 패널 타입:메쉬/측면 패널 타입:강화유리/[쿨러/튜닝]/쿨링팬:총4개/LED팬:4개/후면:120mm LED x1/전면:140mm LED x3/[크기]/너비(W):210mm/깊이(D):385mm/높이(H):485mm/[호환성]/지원파워규격:표준-ATX/파워 장착 길이:220mm/파워 위치:하단후면/[부가기능]/LED 색상:RGB",https://img.danuri.io/catalog-image/760/338/074/2fef8022925b40e782194aab8055326f.jpg?shrink=80:80,False,
2026-08-25,케이스,"darkFlash,앱코",71904617,darkFlash DP430 MESH RGB 강화유리 (블랙),0,"ATX 케이스/지원보드규격:ATX,M-ATX,M-ITX/VGA 길이:395mm/CPU쿨러 높이:180mm/미들타워/[패널]/전면 패널 타입:메쉬/측면 패널 타입:강화유리/측면 개폐 방식:스윙도어/[쿨러/튜닝]/쿨링팬:총4개/LED팬:4개/후면:120mm LED x1/전면:120mm LED x3/[크기]/너비(W):230mm/깊이(D):460mm/높이(H):456mm/[호환성]/지원파워규격:표준-ATX/파워 장착 길이:280mm/파워 위치:하단후면/[부가기능]/LED 색상:RGB",https://img.danuri.io/catalog-image/617/904/071/e625b1f99374481a8aa25733e5079953.jpg?shrink=80:80,True,가격정보없음(판매준비/판매중지)
2026-08-25,케이스,"darkFlash,앱코",10487241,앱코 NCORE 미라클 강화유리 LUMIA (화이트),0,"ATX 케이스/지원보드규격:ATX,M-ATX,M-ITX/VGA 길이:385mm/CPU쿨러 높이:162mm/미들타워/[패널]/전면 패널 타입:메쉬/측면 패널 타입:강화유리/[쿨러/튜닝]/쿨링팬:총4개/LED팬:4개/후면:120mm LED x1/전면:120mm LED x3/[크기]/너비(W):206mm/깊이(D):434mm/높이(H):476mm/[호환성]/지원파워규격:표준-ATX/파워 장착 길이:200mm/파워 위치:하단후면/[부가기능]/LED 색상:RGB",https://img.danuri.io/catalog-image/241/487/010/800f6eb1202648b89c8e0397039cb588.jpg?shrink=80:80,True,가격정보없음(판매준비/판매중지)
2026-08-25,케이스,"darkFlash,앱코",8577818,앱코 SUITMASTER 321X 듀얼리티 강화유리 스펙트럼 Dualight (블랙),0,"ATX 케이스/지원보드규격:ATX,M-ATX,M-ITX/VGA 길이:385mm/CPU쿨러 높이:175mm/미들타워/[패널]/전면 패널 타입:강화유리/측면 패널 타입:강화유리/[쿨러/튜닝]/쿨링팬:총4개/LED팬:4개/후면:120mm LED x1/전면:120mm LED x3/[크기]/너비(W):208mm/깊이(D):439mm/높이(H):469mm/[호환성]/지원파워규격:표준-ATX/파워 장착 길이:220mm/파워 위치:하단후면/[부가기능]/LED 색상:RGB",https://img.danuri.io/catalog-image/818/577/008/5c7a32f64f9749359901f3256714cd27.jpg?shrink=80:80,True,가격정보없음(판매준비/판매중지)
2026-08-25,케이스,"darkFlash,앱코",20255537,darkFlash DF2100 MESH RGB 강화유리 (화이트),0,"ATX 케이스/지원보드규격:E-ATX,ATX,M-ATX,M-ITX/VGA 길이:270~400mm/CPU쿨러 높이:165mm/미들타워/[패널]/전면 패널 타입:메쉬/측면 패널 타입:강화유리/측면 개폐 방식:스윙도어/[쿨러/튜닝]/쿨링팬:총4개/LED팬:4개/후면:120mm LED x1/전면:140mm LED x3/[크기]/너비(W):210mm/깊이(D):450mm/높이(H):482mm/[호환성]/파워 장착 길이:230~400mm/파워 위치:하단후면/[부가기능]/RGB 컨트롤",https://img.danuri.io/catalog-image/537/255/020/cad043657326421fbbb65953ef6b767f.jpg?shrink=80:80,True,가격정보없음(판매준비/판매중지)
2026-08-25,케이스,"darkFlash,앱코",28212629,darkFlash DLM4000 GLASS (블랙),0,"M-ATX 케이스/지원보드규격:M-ATX,M-ITX/VGA 길이:405mm/CPU쿨러 높이:165mm/미니타워/[패널]/전면 패널 타입:강화유리/측면 패널 타입:강화유리/[쿨러/튜닝]/쿨링팬:총1개/LED팬:1개/후면:120mm LED x1/[크기]/너비(W):230mm/깊이(D):440mm/높이(H):456mm/[호환성]/지원파워규격:표준-ATX/파워 장착 길이:250mm/파워 위치:하단후면/[부가기능]/LED 색상:RGB",https://img.danuri.io/catalog-image/629/212/028/541622eb40df4bf99c15b7a17872f6bc.jpg?shrink=80:80,True,가격정보없음(판매준비/판매중지)
2026-08-25,케이스,"darkFlash,앱코",12192491,darkFlash VB-X 라이저 케이블 지지대 KIT (네오민트),0,액세서리/라이저 케이블/길이: 220mm / PCIe 3.0x16 지원,https://img.danuri.io/catalog-image/491/192/012/3741adf407b94824827473124b4156b5.jpg?shrink=80:80,True,"가격정보없음(판매준비/판매중지),액세서리(대상부품아님)"
2026-08-25,케이스,"darkFlash,앱코",17669537,darkFlash DF7100 VB-F 4.0 라이저 케이블 지지대 KIT,0,액세서리/브라켓/가이드/※ darkFlash DF7100 전용 / PCI-E 4.0x16 / 길이: 285mm,https://img.danuri.io/catalog-image/537/669/017/681b345f8331456ca67654177a3dd5a4.jpg?shrink=80:80,True,"가격정보없음(판매준비/판매중지),액세서리(대상부품아님)"
2026-08-25,케이스,"darkFlash,앱코",17396630,darkFlash V4.0 라이저 케이블 (215mm),0,액세서리/라이저 케이블/길이: 215mm / PCIe 4.0 x16 지원,https://img.danuri.io/catalog-image/630/396/017/43821f4e94484bd8bd41eecf9753c5f4.jpg?shrink=80:80,True,"가격정보없음(판매준비/판매중지),액세서리(대상부품아님)"
2026-08-25,케이스,"darkFlash,앱코",17954243,darkFlash DS2000 MESH 강화유리 (블랙),95820,"ATX 케이스/지원보드규격:ATX,M-ATX,M-ITX/VGA 길이:332mm/CPU쿨러 높이:165mm/미들타워/수직 PCI형태:슬롯변경형/[패널]/전면 패널 타입:메쉬/측면 패널 타입:강화유리/측면 개폐 방식:스윙도어/[쿨러/튜닝]/쿨링팬:총4개/후면:120mm x1/하단:120mm x3/[크기]/너비(W):220mm/깊이(D):450mm/높이(H):408mm/[호환성]/지원파워규격:표준-ATX/파워 장착 길이:200mm/파워 위치:상단전면",https://img.danuri.io/catalog-image/243/954/017/b07916aac2be4c2c988eb0912b5a1eed.jpg?shrink=80:80,False,
2026-08-25,케이스,"darkFlash,앱코",73885505,darkFlash DB330X RGB 강화유리 (블랙),0,"ATX 케이스/지원보드규격:ATX,M-ATX,M-ITX/VGA 길이:360mm/CPU쿨러 높이:185mm/미들타워/[패널]/전면 패널 타입:강화유리/측면 패널 타입:강화유리/측면 개폐 방식:버튼/[쿨러/튜닝]/쿨링팬:총3개/LED팬:3개/후면:120mm LED x1/내부 측면:120mm LED x2/[크기]/너비(W):230mm/깊이(D):360mm/높이(H):436mm/[호환성]/지원파워규격:표준-ATX/파워 장착 길이:205mm/파워 위치:하단후면/[부가기능]/LED 색상:RGB",https://img.danuri.io/catalog-image/505/885/073/5f6cd50ae232431fbb36115059dbb819.jpg?shrink=80:80,True,가격정보없음(판매준비/판매중지)
2026-08-25,케이스,"darkFlash,앱코",53416976,darkFlash DPX90 ARGB 강화유리 (블랙),0,"ATX 케이스/지원보드규격:ATX,M-ATX,M-ITX/VGA 길이:425mm/CPU쿨러 높이:185mm/미들타워/[패널]/전면 패널 타입:강화유리/측면 패널 타입:강화유리/[쿨러/튜닝]/쿨링팬:총3개/LED팬:3개/후면:120mm LED x1/내부 측면:120mm LED x2/[크기]/너비(W):240mm/깊이(D):550mm/높이(H):465mm/[호환성]/지원파워규격:표준-ATX/파워 장착 길이:280mm/파워 위치:하단후면/[부가기능]/LED 색상:ARGB",https://img.danuri.io/catalog-image/976/416/053/4c8652f83664485f850de0f974f63578.jpg?shrink=80:80,True,가격정보없음(판매준비/판매중지)
2026-08-25,케이스,"darkFlash,앱코",9514584,앱코 SUITMASTER 760S 어트랙션 강화유리 스펙트럼 Duplex (블랙),0,"ATX 케이스/지원보드규격:ATX,M-ATX,M-ITX/VGA 길이:350mm/CPU쿨러 높이:185mm/미들타워/수직 PCI형태:기본형/[패널]/전면 패널 타입:메쉬/측면 패널 타입:강화유리/[쿨러/튜닝]/쿨링팬:총3개/LED팬:3개/후면:120mm LED x1/전면:200mm LED x2/[크기]/너비(W):225mm/깊이(D):435mm/높이(H):470mm/[호환성]/지원파워규격:표준-ATX/파워 장착 길이:220mm/파워 위치:하단후면/[부가기능]/RGB 컨트롤/LED 색상:RGB",https://img.danuri.io/catalog-image/584/514/009/e2bb80e595304cd484b2e434d057e5d7.jpg?shrink=80:80,True,가격정보없음(판매준비/판매중지)
2026-08-25,케이스,"darkFlash,앱코",28212656,darkFlash DLM4000 GLASS (화이트),0,"M-ATX 케이스/지원보드규격:M-ATX,M-ITX/VGA 길이:405mm/CPU쿨러 높이:165mm/미니타워/[패널]/전면 패널 타입:강화유리/측면 패널 타입:강화유리/[쿨러/튜닝]/쿨링팬:총1개/LED팬:1개/후면:120mm LED x1/[크기]/너비(W):230mm/깊이(D):440mm/높이(H):456mm/[호환성]/지원파워규격:표준-ATX/파워 장착 길이:250mm/파워 위치:하단후면/[부가기능]/LED 색상:RGB",https://img.danuri.io/catalog-image/656/212/028/bebc577498cb4c75ab95131e82f8618e.jpg?shrink=80:80,True,가격정보없음(판매준비/판매중지)
2026-08-25,케이스,"darkFlash,앱코",9295779,앱코 SUITMASTER 321X 듀얼리티 강화유리 스펙트럼 Dualight (화이트),0,"ATX 케이스/지원보드규격:ATX,M-ATX,M-ITX/VGA 길이:385mm/CPU쿨러 높이:175mm/미들타워/[패널]/측면 패널 타입:강화유리/[쿨러/튜닝]/쿨링팬:총4개/LED팬:4개/후면:120mm LED x1/전면:120mm LED x3/[크기]/너비(W):208mm/깊이(D):439mm/높이(H):469mm/[호환성]/지원파워규격:표준-ATX/파워 장착 길이:220mm/파워 위치:하단후면/[부가기능]/RGB 컨트롤/LED 색상:RGB",https://img.danuri.io/catalog-image/779/295/009/a25d731cbbd3490ab47dfda33b341a7a.jpg?shrink=80:80,True,가격정보없음(판매준비/판매중지)
2026-08-25,케이스,"darkFlash,앱코",123763386,앱코 NCORE 언더바 (리퍼비시),0,"ATX 케이스/지원보드규격:ATX,M-ATX,M-ITX/VGA 길이:310mm/CPU쿨러 높이:163mm/미들타워/[패널]/전면 패널 타입:일반(솔리드)/[쿨러/튜닝]/쿨링팬:총1개/후면:120mm x1/[크기]/너비(W):198mm/높이(H):413mm/깊이(D):375mm/[호환성]/지원파워규격:표준-ATX/파워 장착 길이:200mm/파워 위치:상단",https://img.danuri.io/catalog-image/386/763/123/83be0fa09a084c419f67a9d8b645196a.jpg?shrink=80:80,True,가격정보없음(판매준비/판매중지)
2026-08-25,케이스,"darkFlash,앱코",99889706,앱코 O31 태스크 (블랙),22110,"ATX 케이스/지원보드규격:ATX,M-ATX,M-ITX/VGA 길이:265mm/CPU쿨러 높이:160mm/미들타워/[패널]/전면 패널 타입:일반(솔리드)/측면 패널 타입:통풍구/[쿨러/튜닝]/쿨링팬:총1개/후면:120mm x1/[크기]/너비(W):185mm/깊이(D):318.75mm/높이(H):440mm/[호환성]/지원파워규격:표준-ATX/파워 장착 길이:160mm/파워 위치:하단후면",https://img.danuri.io/catalog-image/706/889/099/12a20de06ab84e3cacb1e91c5aa6fe60.jpg?shrink=80:80,False,
2026-08-25,케이스,"darkFlash,앱코",123776286,앱코 UF40 에어로직 파노라믹 뷰 VGA쿨링 ARGB (블랙),0,"ATX 케이스/지원보드규격:ATX,M-ATX,ITX/VGA 길이:400mm/CPU쿨러 높이:175mm/미들타워/[패널]/전면 패널 타입:강화유리/측면 패널 타입:강화유리/[쿨러/튜닝]/쿨링팬:총5개/LED팬:5개/후면:140mm LED x1/하단:120mm LED x2/내부 측면:120mm LED x2/[크기]/너비(W):233mm/높이(H):478mm/깊이(D):446mm이하/[호환성]/지원파워규격:표준-ATX/파워 장착 길이:160mm/파워 위치:하단후면/[부가기능]/LED 색상:ARGB",https://img.danuri.io/catalog-image/286/776/123/43cd8789f33b4ad68a5fc40095b72a2f.jpeg?shrink=80:80,True,가격정보없음(판매준비/판매중지)
2026-08-25,케이스,"darkFlash,앱코",123763480,앱코 UD20M 미니웨일 (리퍼비시),0,"M-ATX 케이스/지원보드규격:M-ATX,M-ITX/VGA 길이:325mm/CPU쿨러 높이:155mm/미니타워/[패널]/전면 패널 타입:강화유리/측면 패널 타입:강화유리/[쿨러/튜닝]/쿨링팬:총3개/LED팬:3개/후면:120mm LED  x1/하단:120mm LED x2/[크기]/너비(W):335mm/높이(H):353mm/깊이(D):275mm/[호환성]/지원파워규격:표준-ATX/파워 장착 길이:210mm/파워 위치:하단후면/[부가기능]/LED 색상:RGB",https://img.danuri.io/catalog-image/480/763/123/501f193ac92f4d91a6f2aa28f662e84c.jpg?shrink=80:80,True,가격정보없음(판매준비/판매중지)
2026-08-25,케이스,"darkFlash,앱코",18631685,앱코 C11 배럭2,23100,"ATX 케이스/지원보드규격:ATX,M-ATX,M-ITX/VGA 길이:355mm/CPU쿨러 높이:150mm/미들타워/[패널]/측면 패널 타입:통풍구/[쿨러/튜닝]/쿨링팬:총1개/후면:120mm x1/[크기]/너비(W):180mm/깊이(D):410mm/높이(H):415mm/지원파워규격:표준-ATX",https://img.danuri.io/catalog-image/685/631/018/cf03d97a3b194d0797a2bc51794a9e10.jpg?shrink=80:80,False,
2026-08-25,케이스,"darkFlash,앱코",123763506,앱코 G26 메가플로우 MESH (리퍼비시),0,"ATX 케이스/지원보드규격:ATX,M-ATX,M-ITX/VGA 길이:400mm/CPU쿨러 높이:165mm/미들타워/[패널]/전면 패널 타입:메쉬/측면 패널 타입:강화유리/[쿨러/튜닝]/쿨링팬:총3개/LED팬:3개/후면:120mm LED x1/전면:140mm LED x2/[크기]/너비(W):212mm/높이(H):485mm/깊이(D):420mm/[호환성]/지원파워규격:표준-ATX/파워 장착 길이:200mm/파워 위치:하단후면/[부가기능]/LED 색상:RGB",https://img.danuri.io/catalog-image/506/763/123/83f96379c9664a6f966321323d227d4c.jpg?shrink=80:80,True,가격정보없음(판매준비/판매중지)
2026-08-25,케이스,"darkFlash,앱코",26516222,앱코 ABKONCORE AL700 SYNC,91130,"ATX 케이스/지원보드규격:E-ATX,ATX,M-ATX,ITX/VGA 길이:405mm/CPU쿨러 높이:170mm/빅타워/[패널]/전면 패널 타입:일반(솔리드)/측면 패널 타입:강화유리/[쿨러/튜닝]/쿨링팬:총4개/후면:120mm x1/전면:120mm x3/[크기]/너비(W):232mm/깊이(D):510mm/높이(H):520mm/[호환성]/지원파워규격:표준-ATX/파워 장착 길이:260~400mm",https://img.danuri.io/catalog-image/222/516/026/00b6cd19075f40cb9a5ccd4e550ce051.jpg?shrink=80:80,False,
2026-08-25,케이스,"darkFlash,앱코",20164172,앱코 ABKONCORE R760 SYNC,187000,"ATX 케이스/지원보드규격:ATX,M-ATX,ITX/VGA 길이:380mm/CPU쿨러 높이:195mm/빅타워/[패널]/전면 패널 타입:일반(솔리드)/측면 패널 타입:강화유리/[쿨러/튜닝]/쿨링팬:총8개/후면:120mm x2/내부 측면:120mm x6/[크기]/너비(W):269mm/깊이(D):585mm/높이(H):562mm/[호환성]/파워 장착 길이:385mm/파워 위치:상단/[부가기능]/외부 LED/팬 컨트롤/RGB 컨트롤/리모컨",https://img.danuri.io/catalog-image/172/164/020/8c6e704d64834034b7998e5cb035a8a5.jpg?shrink=80:80,False,
2026-08-25,케이스,"darkFlash,앱코",20162585,앱코 ABKONCORE C610S,36300,"ATX 케이스/지원보드규격:ATX,M-ATX,ITX/VGA 길이:395mm/CPU쿨러 높이:180mm/미들타워/[패널]/측면 패널 타입:아크릴/[쿨러/튜닝]/쿨링팬:총1개/후면:140mm x1/[크기]/너비(W):216mm/깊이(D):455mm/높이(H):470mm/[호환성]/파워 장착 길이:210mm/파워 위치:하단후면/[부가기능]/외부 LED",https://img.danuri.io/catalog-image/585/162/020/35ead5d220cd43b294a89d83acc26cbb.jpg?shrink=80:80,False,
2026-08-25,케이스,"darkFlash,앱코",20737172,앱코 ABKONCORE R850 SYNC,132000,"ATX 케이스/지원보드규격:E-ATX,ATX,M-ATX,ITX/VGA 길이:445mm/CPU쿨러 높이:190mm/빅타워/[패널]/전면 패널 타입:강화유리/측면 패널 타입:강화유리/[쿨러/튜닝]/쿨링팬:총4개/후면:120mm x2/전면:200mm x2/[크기]/너비(W):260mm/깊이(D):500mm/높이(H):548mm/[호환성]/지원파워규격:표준-ATX/파워 장착 길이:310mm/파워 위치:상단/[부가기능]/RGB 컨트롤",https://img.danuri.io/catalog-image/172/737/020/5f231b60f3fb45fbb0f4a1ddb2ca88dd.jpg?shrink=80:80,False,
2026-08-25,케이스,"darkFlash,앱코",123763533,앱코 UD50 블루웨일 ARGB BTF (리퍼비시),0,"ATX 케이스/지원보드규격:ATX,ATX (후면커넥터),M-ATX,M-ATX (후면커넥터),M-ITX/VGA 길이:418mm/CPU쿨러 높이:160mm/미들타워/[패널]/전면 패널 타입:강화유리/측면 패널 타입:강화유리/[쿨러/튜닝]/쿨링팬:총4개/LED팬:4개/후면:120mm LED X1/내부 측면:120mm LED X3/[크기]/너비(W):285mm/높이(H):400mm/깊이(D):426mm/[호환성]/지원파워규격:표준-ATX/[부가기능]/LED 색상:ARGB",https://img.danuri.io/catalog-image/533/763/123/8e446a9d709840d9a824a69e061d58c9.jpg?shrink=80:80,True,가격정보없음(판매준비/판매중지)
2026-08-25,케이스,"darkFlash,앱코",36155537,앱코 ABKONCORE AL1000 SYNC 강화유리 (레드와인),131400,"튜닝 케이스/지원보드규격:E-ATX,ATX,M-ATX,M-ITX/VGA 길이:420mm/CPU쿨러 높이:235mm/빅타워/[패널]/측면 패널 타입:강화유리/[쿨러/튜닝]/쿨링팬:총4개/LED팬:4개/후면:200mm LED x2/전면:200mm LED x2/[크기]/너비(W):365mm/높이(H):645mm/깊이(D):510mm/[호환성]/지원파워규격:표준-ATX/파워 장착 길이:350mm/파워 위치:하단/[부가기능]/RGB 컨트롤/리모컨/LED 색상:RGB",https://img.danuri.io/catalog-image/537/155/036/bc45dcb938ec4828be5b0b5571fa2bb2.jpg?shrink=80:80,False,
2026-08-25,케이스,"darkFlash,앱코",123763376,앱코 G50 빅플로우 MESH ARGB BTF (리퍼비시),0,"ATX 케이스/지원보드규격:E-ATX,ATX,ATX (후면커넥터),M-ATX,M-ATX (후면커넥터),M-ITX/VGA 길이:408mm/CPU쿨러 높이:180mm/미들타워/[패널]/전면 패널 타입:메쉬/측면 패널 타입:강화유리/[쿨러/튜닝]/쿨링팬:총4개/LED팬:4개/후면:140mm LED x1/전면:140mm LED x3/[크기]/너비(W):238mm/높이(H):500mm/깊이(D):479mm/[호환성]/지원파워규격:표준-ATX/파워 장착 길이:240mm/파워 위치:하단후면/[부가기능]/팬 컨트롤/RGB 컨트롤/LED 색상:ARGB",https://img.danuri.io/catalog-image/376/763/123/0c47c71fa656478b9070f47975068778.jpg?shrink=80:80,True,가격정보없음(판매준비/판매중지)
2026-08-25,케이스,"darkFlash,앱코",56295353,darkFlash DLX30 NEO silent (블랙),0,"ATX 케이스/지원보드규격:E-ATX,ATX,M-ATX,M-ITX/VGA 길이:385mm/CPU쿨러 높이:165mm/미들타워/[패널]/전면 패널 타입:메쉬/측면 패널 타입:강화유리/측면 개폐 방식:스윙도어/[쿨러/튜닝]/쿨링팬:총4개/후면:120mm x1/전면:140mm x3/[크기]/너비(W):216mm/깊이(D):468mm/높이(H):490mm/[호환성]/지원파워규격:표준-ATX/파워 장착 길이:255mm/파워 위치:하단후면",https://img.danuri.io/catalog-image/353/295/056/a781427203ec47d8ac850fc0c4ee85b4.jpg?shrink=80:80,True,가격정보없음(판매준비/판매중지)
2026-08-25,케이스,"darkFlash,앱코",123763461,앱코 UD50C 루시드 앰비언트 풀커브드 ARGB BTF (리퍼비시),0,"ATX 케이스/지원보드규격:ATX,ATX (후면커넥터),M-ATX,M-ATX (후면커넥터),M-ITX/VGA 길이:420mm/CPU쿨러 높이:160mm/미들타워/[패널]/전면 패널 타입:강화유리/측면 패널 타입:강화유리/[쿨러/튜닝]/쿨링팬:총4개/LED팬:4개/후면:120mm LED X1/내부 측면:120mm LED X3/[크기]/너비(W):285mm/높이(H):400mm/깊이(D):460mm/[호환성]/지원파워규격:표준-ATX/파워 장착 길이:210mmmm/파워 위치:상단/[부가기능]/외부 LED/팬 컨트롤/RGB 컨트롤/LED 색상:ARGB",https://img.danuri.io/catalog-image/461/763/123/138b599f1b5846ad9b4e63dd52940beb.jpg?shrink=80:80,True,가격정보없음(판매준비/판매중지)
2026-08-25,케이스,"darkFlash,앱코",36155810,앱코 ABKONCORE AL300M SYNC 강화유리 (로즈골드),76650,"튜닝 케이스/지원보드규격:M-ATX,M-ITX/VGA 길이:310mm/CPU쿨러 높이:130mm/미니타워/[패널]/전면 패널 타입:강화유리/측면 패널 타입:강화유리/[쿨러/튜닝]/쿨링팬:총3개/LED팬:3개/전면:120mm LED x3/[크기]/너비(W):160mm/높이(H):500mm/깊이(D):390mm/[호환성]/지원파워규격:표준-ATX/파워 장착 길이:185mm/파워 위치:하단후면/[부가기능]/RGB 컨트롤/리모컨/LED 색상:RGB",https://img.danuri.io/catalog-image/810/155/036/1b3abfa3b2f8488aa4ecd59f63a2d315.jpg?shrink=80:80,False,
2026-08-25,케이스,"darkFlash,앱코",123763569,앱코 SUITMASTER U1000 ONE ARGB (리퍼비시),0,"M-ATX 케이스/지원보드규격:M-ATX,M-ITX/VGA 길이:320mm/CPU쿨러 높이:165mm/미니타워/[패널]/전면 패널 타입:메쉬/측면 패널 타입:강화유리/측면 개폐 방식:스윙도어/[쿨러/튜닝]/쿨링팬:총2개/LED팬:2개/후면:120mm LED x1/전면:200mm LED x1/[크기]/너비(W):282mm/높이(H):325mm/깊이(D):390mm/[호환성]/지원파워규격:표준-ATX/파워 장착 길이:230~320mm/파워 위치:하단후면/[부가기능]/LED 색상:ARGB",https://img.danuri.io/catalog-image/569/763/123/6d743c2fbf694fca980a04f770c234dc.jpg?shrink=80:80,True,가격정보없음(판매준비/판매중지)
2026-08-25,케이스,"darkFlash,앱코",123776306,앱코 UF40 에어로직 파노라믹 뷰 VGA쿨링 ARGB (화이트),0,"ATX 케이스/지원보드규격:ATX,M-ATX,ITX/VGA 길이:400mm/CPU쿨러 높이:175mm/미들타워/[패널]/전면 패널 타입:강화유리/측면 패널 타입:강화유리/[쿨러/튜닝]/쿨링팬:총5개/LED팬:5개/후면:140mm LED x1/하단:120mm LED x2/내부 측면:120mm LED x2/[크기]/너비(W):233mm/높이(H):478mm/깊이(D):446mm이하/[호환성]/지원파워규격:표준-ATX/파워 장착 길이:160mm/파워 위치:하단후면/[부가기능]/LED 색상:ARGB",https://img.danuri.io/catalog-image/306/776/123/456eaa7225144a97a2ca9030b6c32e4b.jpeg?shrink=80:80,True,가격정보없음(판매준비/판매중지)
2026-08-25,케이스,"darkFlash,앱코",123763550,앱코 SUITMASTER U3000 갤러리 ARGB 강화유리 (리퍼비시),0,"ATX 케이스/지원보드규격:ATX,M-ATX,M-ITX/VGA 길이:245~410mm/CPU쿨러 높이:185mm/미들타워/[패널]/전면 패널 타입:강화유리/측면 패널 타입:강화유리/[쿨러/튜닝]/쿨링팬:총1개/LED팬:1개/후면:140mm LED x1/[크기]/너비(W):440mm/높이(H):517mm/깊이(D):235mm/[호환성]/파워 장착 길이:220~250mm/파워 위치:하단후면",https://img.danuri.io/catalog-image/550/763/123/8d937ce4dc034a3e877dd7ca5d733341.jpg?shrink=80:80,True,가격정보없음(판매준비/판매중지)
2026-08-25,케이스,"darkFlash,앱코",123763410,앱코 U30P 마린+ 디스플레이 (리퍼비시),0,"ATX 케이스/지원보드규격:E-ATX,ATX,M-ATX,M-ITX/VGA 길이:400mm/CPU쿨러 높이:165mm/미들타워/[패널]/전면 패널 타입:강화유리/측면 패널 타입:강화유리/후면:120mm LED x1/내부 측면:120mm LED x2/[크기]/너비(W):212mm/높이(H):485mm/깊이(D):420mm/[호환성]/지원파워규격:표준-ATX/파워 장착 길이:200mm/파워 위치:하단후면/[부가기능]/LED 색상:RGB",https://img.danuri.io/catalog-image/410/763/123/9cf92da508774a32b582102ddc4c73a8.jpg?shrink=80:80,True,가격정보없음(판매준비/판매중지)
2026-08-25,케이스,"darkFlash,앱코",123763560,앱코 U30 마린 (리퍼비시),0,"ATX 케이스/지원보드규격:ATX,M-ATX,M-ITX/VGA 길이:400mm/CPU쿨러 높이:165mm/미들타워/[패널]/전면 패널 타입:강화유리/측면 패널 타입:강화유리/측면 개폐 방식:버튼/[쿨러/튜닝]/쿨링팬:총3개/LED팬:3개/후면:120mm LED x1/내부 측면:120mm LED x2/[크기]/너비(W):212mm/높이(H):485mm/깊이(D):420mm/[호환성]/지원파워규격:표준-ATX/파워 장착 길이:240mm/파워 위치:하단후면/[부가기능]/LED 색상:RGB",https://img.danuri.io/catalog-image/560/763/123/cda865c3ae9248bea0213c41ee2de3f8.jpg?shrink=80:80,True,가격정보없음(판매준비/판매중지)
2026-08-25,케이스,"darkFlash,앱코",36155783,앱코 ABKONCORE AL300M SYNC 강화유리 (미드나잇블루),76650,"튜닝 케이스/지원보드규격:M-ATX,M-ITX/VGA 길이:310mm/CPU쿨러 높이:130mm/미니타워/[패널]/전면 패널 타입:강화유리/측면 패널 타입:강화유리/[쿨러/튜닝]/쿨링팬:총3개/LED팬:3개/전면:120mm LED x3/[크기]/너비(W):160mm/높이(H):500mm/깊이(D):390mm/[호환성]/지원파워규격:표준-ATX/파워 장착 길이:185mm/파워 위치:하단후면/[부가기능]/RGB 컨트롤/리모컨/LED 색상:RGB",https://img.danuri.io/catalog-image/783/155/036/15428d53aa2544cea2e3014dbdf2ca4d.jpg?shrink=80:80,False,
2026-08-25,케이스,"darkFlash,앱코",20163113,앱코 ABKONCORE HELIOS H500G SYNC,0,"ATX 케이스/지원보드규격:ATX,M-ATX,ITX/VGA 길이:355mm/CPU쿨러 높이:178mm/미들타워/[쿨러/튜닝]/쿨링팬:총3개/후면:140mm x1/전면:200mm x2/[크기]/너비(W):255mm/깊이(D):440mm/높이(H):472mm/[호환성]/파워 장착 길이:195mm/파워 위치:하단후면/[부가기능]/외부 LED/RGB 컨트롤/리모컨",https://img.danuri.io/catalog-image/113/163/020/32109424e17544c283a7521a887912bc.jpg?shrink=80:80,True,가격정보없음(판매준비/판매중지)
2026-08-25,케이스,"darkFlash,앱코",123763489,앱코 G31 오메가포스 세븐팬 (리퍼비시),0,"ATX 케이스/지원보드규격:ATX,M-ATX,M-ITX/VGA 길이:400mm/CPU쿨러 높이:165mm/미들타워/[패널]/전면 패널 타입:메쉬/측면 패널 타입:강화유리/[쿨러/튜닝]/쿨링팬:총7개/LED팬:7개/후면:120mm LED x1/전면:140mm LED x3/상단:120mm LED x3/[크기]/너비(W):212mm/높이(H):490mm/깊이(D):460mm/[호환성]/지원파워규격:표준-ATX/파워 장착 길이:200mm/파워 위치:하단후면/[부가기능]/RGB 컨트롤/LED 색상:RGB/[변경사항]/G31 오메가포스 → G31 오메가포스 세븐팬 으로 상품명 변경",https://img.danuri.io/catalog-image/489/763/123/5714abb167ef494cae135de110cc217a.jpg?shrink=80:80,True,가격정보없음(판매준비/판매중지)
2026-08-25,케이스,"darkFlash,앱코",123763474,앱코 U40M 웨일샤크 ARGB BTF (리퍼비시),0,"M-ATX 케이스/지원보드규격:M-ATX,M-ATX (후면커넥터),M-ITX/VGA 길이:410mm/CPU쿨러 높이:160mm/미니타워/[패널]/전면 패널 타입:강화유리/측면 패널 타입:강화유리/측면 개폐 방식:버튼/[쿨러/튜닝]/쿨링팬:총3개/LED팬:3개/후면:120mm LED x1/내부 측면:120mm LED x2/[크기]/너비(W):218mm/높이(H):395mm/깊이(D):420mm/[호환성]/지원파워규격:표준-ATX/파워 장착 길이:240mm/파워 위치:하단후면/[부가기능]/LED 색상:ARGB",https://img.danuri.io/catalog-image/474/763/123/5c9fee44435647a7a8184c989dcaa772.jpg?shrink=80:80,True,가격정보없음(판매준비/판매중지)
2026-08-25,케이스,"darkFlash,앱코",123763565,앱코 SUITMASTER U3000M 갤러리 미니 리버스 ARGB BTF (리퍼비시),0,"M-ATX 케이스/지원보드규격:M-ATX,M-ATX (후면커넥터),M-ITX/VGA 길이:390mm/CPU쿨러 높이:168mm/미니타워/[패널]/전면 패널 타입:강화유리/측면 패널 타입:강화유리/[쿨러/튜닝]/쿨링팬:총4개/LED팬:4개/후면:140mm LED x1/내부 측면:120mm LED x3/[크기]/너비(W):235mm/높이(H):430mm/깊이(D):465mm/[호환성]/지원파워규격:표준-ATX/파워 장착 길이:260mm/파워 위치:하단후면/[부가기능]/LED 색상:ARGB",https://img.danuri.io/catalog-image/565/763/123/642b5255450c41be876f35694f0ce74c.jpg?shrink=80:80,True,가격정보없음(판매준비/판매중지)
